change,old_path,path,feature,disposition,status,source_blob,target_blob,evidence
R100,assets/parties/bureacrats.png,assets/parties/bureaucrats.png,custom-ui-integration-and-assets,port-and-adapt,verified,01303c9e6a1ec823ee6a6e6dc9a3d94472e0dee9,01303c9e6a1ec823ee6a6e6dc9a3d94472e0dee9,Exact corrected-source blob; target-wide compilation and relevant module suite apply. See server-port-evidence.md/client-port-evidence.md and WP04 compatibility evidence.
A,,assets/tiles/animal_dome.png,custom-ui-integration-and-assets,port-and-adapt,verified,3981c926d713698a37c799d4f0d5d92ab5a0e428,3981c926d713698a37c799d4f0d5d92ab5a0e428,Exact corrected-source blob; target-wide compilation and relevant module suite apply. See server-port-evidence.md/client-port-evidence.md and WP04 compatibility evidence.
A,,assets/tiles/animal_dome_board_tile.png,custom-ui-integration-and-assets,port-and-adapt,verified,48af4888966384a420dd137c8e230f695874075c,48af4888966384a420dd137c8e230f695874075c,Exact corrected-source blob; target-wide compilation and relevant module suite apply. See server-port-evidence.md/client-port-evidence.md and WP04 compatibility evidence.
A,,assets/tiles/biological_dome.png,custom-ui-integration-and-assets,port-and-adapt,verified,2d34fbc26f0158c5cd52c1a1e957b269c2d52e22,2d34fbc26f0158c5cd52c1a1e957b269c2d52e22,Exact corrected-source blob; target-wide compilation and relevant module suite apply. See server-port-evidence.md/client-port-evidence.md and WP04 compatibility evidence.
A,,assets/tiles/biological_dome_board_tile.png,custom-ui-integration-and-assets,port-and-adapt,verified,f1b6725acc10cde1ce89a5622660fb2dcdfbe6f3,f1b6725acc10cde1ce89a5622660fb2dcdfbe6f3,Exact corrected-source blob; target-wide compilation and relevant module suite apply. See server-port-evidence.md/client-port-evidence.md and WP04 compatibility evidence.
A,,assets/tiles/industrial_metropolis.png,custom-ui-integration-and-assets,port-and-adapt,verified,120093be500eaea1bd82328c8ea9fe9a16a25f4a,120093be500eaea1bd82328c8ea9fe9a16a25f4a,Exact corrected-source blob; target-wide compilation and relevant module suite apply. See server-port-evidence.md/client-port-evidence.md and WP04 compatibility evidence.
A,,assets/tiles/industrial_metropolis_board_tile.png,custom-ui-integration-and-assets,port-and-adapt,verified,5ff0022ed670778020708c4936d6bf1affc2dd2e,5ff0022ed670778020708c4936d6bf1affc2dd2e,Exact corrected-source blob; target-wide compilation and relevant module suite apply. See server-port-evidence.md/client-port-evidence.md and WP04 compatibility evidence.
A,,assets/tiles/industry_energy_board_tile.png,custom-ui-integration-and-assets,port-and-adapt,verified,ea255dc9b8a63b621a8a8d4b918824844db054d6,ea255dc9b8a63b621a8a8d4b918824844db054d6,Exact corrected-source blob; target-wide compilation and relevant module suite apply. See server-port-evidence.md/client-port-evidence.md and WP04 compatibility evidence.
A,,assets/tiles/industry_heat_board_tile.png,custom-ui-integration-and-assets,port-and-adapt,verified,f8b1767ef6c199cb853a6db0f5f1d6808f5d9bd2,f8b1767ef6c199cb853a6db0f5f1d6808f5d9bd2,Exact corrected-source blob; target-wide compilation and relevant module suite apply. See server-port-evidence.md/client-port-evidence.md and WP04 compatibility evidence.
A,,assets/tiles/industry_money_board_tile.png,custom-ui-integration-and-assets,port-and-adapt,verified,8f1536a24cdbf31b12ab26a670ac2574c62ad747,8f1536a24cdbf31b12ab26a670ac2574c62ad747,Exact corrected-source blob; target-wide compilation and relevant module suite apply. See server-port-evidence.md/client-port-evidence.md and WP04 compatibility evidence.
A,,assets/tiles/industry_plant_board_tile.png,custom-ui-integration-and-assets,port-and-adapt,verified,558630561c4ac3df57636c88f90dcd4fb3cad728,558630561c4ac3df57636c88f90dcd4fb3cad728,Exact corrected-source blob; target-wide compilation and relevant module suite apply. See server-port-evidence.md/client-port-evidence.md and WP04 compatibility evidence.
A,,assets/tiles/industry_steel_board_tile.png,custom-ui-integration-and-assets,port-and-adapt,verified,cacde2c58dff8ac914821a25de11951d55a92a7e,cacde2c58dff8ac914821a25de11951d55a92a7e,Exact corrected-source blob; target-wide compilation and relevant module suite apply. See server-port-evidence.md/client-port-evidence.md and WP04 compatibility evidence.
A,,assets/tiles/industry_titanium_board_tile.png,custom-ui-integration-and-assets,port-and-adapt,verified,612278c370b3613098df16abe76f219758815310,612278c370b3613098df16abe76f219758815310,Exact corrected-source blob; target-wide compilation and relevant module suite apply. See server-port-evidence.md/client-port-evidence.md and WP04 compatibility evidence.
A,,assets/tiles/industry_wild_board_tile.png,custom-ui-integration-and-assets,port-and-adapt,verified,f1e85d056282a6700ea266c495a24892642dfe32,f1e85d056282a6700ea266c495a24892642dfe32,Exact corrected-source blob; target-wide compilation and relevant module suite apply. See server-port-evidence.md/client-port-evidence.md and WP04 compatibility evidence.
A,,assets/tiles/paradise_city.png,custom-ui-integration-and-assets,port-and-adapt,verified,74514d638f60c7e10b2c1099915d09c5bf9a0e1f,74514d638f60c7e10b2c1099915d09c5bf9a0e1f,Exact corrected-source blob; target-wide compilation and relevant module suite apply. See server-port-evidence.md/client-port-evidence.md and WP04 compatibility evidence.
A,,assets/tiles/paradise_city_board_tile.png,custom-ui-integration-and-assets,port-and-adapt,verified,a85e6eda613a802da2ec9a6d51d7fbe5b7f9bfa8,a85e6eda613a802da2ec9a6d51d7fbe5b7f9bfa8,Exact corrected-source blob; target-wide compilation and relevant module suite apply. See server-port-evidence.md/client-port-evidence.md and WP04 compatibility evidence.
A,,assets/tiles/sediment.png,custom-ui-integration-and-assets,port-and-adapt,verified,a10b7574828e5be7083ec3cf66fdd73d2d6058a9,a10b7574828e5be7083ec3cf66fdd73d2d6058a9,Exact corrected-source blob; target-wide compilation and relevant module suite apply. See server-port-evidence.md/client-port-evidence.md and WP04 compatibility evidence.
A,,assets/tiles/sediment_board_tile.png,custom-ui-integration-and-assets,port-and-adapt,verified,0c166f49a3b452b537c7763a1699082178d40017,0c166f49a3b452b537c7763a1699082178d40017,Exact corrected-source blob; target-wide compilation and relevant module suite apply. See server-port-evidence.md/client-port-evidence.md and WP04 compatibility evidence.
A,,assets/tiles/venus_cloud_city.png,custom-ui-integration-and-assets,port-and-adapt,verified,1909b2382da6946effd4f7e60f2af5727c60170e,1909b2382da6946effd4f7e60f2af5727c60170e,Exact corrected-source blob; target-wide compilation and relevant module suite apply. See server-port-evidence.md/client-port-evidence.md and WP04 compatibility evidence.
A,,assets/tiles/venus_cloud_city_board_tile.png,custom-ui-integration-and-assets,port-and-adapt,verified,fe564e888519e84aafde6a84686a141e5fd0e2cd,fe564e888519e84aafde6a84686a141e5fd0e2cd,Exact corrected-source blob; target-wide compilation and relevant module suite apply. See server-port-evidence.md/client-port-evidence.md and WP04 compatibility evidence.
A,,assets/tiles/venus_floater_array.png,custom-ui-integration-and-assets,port-and-adapt,verified,ca394261889b4de8170131d87c96f0b9cf085f3e,ca394261889b4de8170131d87c96f0b9cf085f3e,Exact corrected-source blob; target-wide compilation and relevant module suite apply. See server-port-evidence.md/client-port-evidence.md and WP04 compatibility evidence.
A,,assets/tiles/venus_floater_array_board_tile.png,custom-ui-integration-and-assets,port-and-adapt,verified,6a965945293bc42c96f52df962a2868ef747c87a,6a965945293bc42c96f52df962a2868ef747c87a,Exact corrected-source blob; target-wide compilation and relevant module suite apply. See server-port-evidence.md/client-port-evidence.md and WP04 compatibility evidence.
A,,assets/tiles/venus_gas_mine.png,custom-ui-integration-and-assets,port-and-adapt,verified,8ee086ed826dbdbe2fb08139b0a3f0f8be316630,8ee086ed826dbdbe2fb08139b0a3f0f8be316630,Exact corrected-source blob; target-wide compilation and relevant module suite apply. See server-port-evidence.md/client-port-evidence.md and WP04 compatibility evidence.
A,,assets/tiles/venus_gas_mine_board_tile.png,custom-ui-integration-and-assets,port-and-adapt,verified,b6f21485a70afd9556b72475448bce40f2862128,b6f21485a70afd9556b72475448bce40f2862128,Exact corrected-source blob; target-wide compilation and relevant module suite apply. See server-port-evidence.md/client-port-evidence.md and WP04 compatibility evidence.
A,,assets/venusPhase2/venus-planet-backdrop.png,venusPhase2,port-and-adapt,verified,f82396856b3421177b2ca8b309559cf01bdd7427,f82396856b3421177b2ca8b309559cf01bdd7427,Exact corrected-source blob; target-wide compilation and relevant module suite apply. See server-port-evidence.md/client-port-evidence.md and WP04 compatibility evidence.
A,,assets/venusPhase2/venus-track-30-60.png,venusPhase2,port-and-adapt,verified,75011f94829b93cd428674037640821833ed0213,75011f94829b93cd428674037640821833ed0213,Exact corrected-source blob; target-wide compilation and relevant module suite apply. See server-port-evidence.md/client-port-evidence.md and WP04 compatibility evidence.
A,,src/client/cards/CustomCardAdapter.ts,custom-cards-and-library,port-and-adapt,verified,402f520c03245fd13c2ddca716b20205b3f35e27,86fa072324d499fe2dd38df951dc97535a8adc85,Adapted source delta on target; retain custom contracts. See client-port-evidence.md; desktop/mobile smoke and 999 client tests.
M,,src/client/components/App.vue,custom-ui-integration-and-assets,port-and-adapt,verified,bf5525ff7d58d423d6e3461132a305a9e438bc25,ccca7e24d8d7626c5fbbb994944c95f7f129a1b8,Adapted source delta on target; retain custom contracts. See client-port-evidence.md; desktop/mobile smoke and 999 client tests.
M,,src/client/components/Award.vue,custom-ui-integration-and-assets,port-and-adapt,verified,2aee390742e195a629fe03eb60f476ea03badc24,970bb58f1c78ba3b574c44f702e4b199434e5dd2,Adapted source delta on target; retain custom contracts. See client-port-evidence.md; desktop/mobile smoke and 999 client tests.
M,,src/client/components/Awards.vue,custom-ui-integration-and-assets,port-and-adapt,verified,0cfc94a3969d28341cda55b6a4d5474ef856542e,349ec3024168032ff2d75a88078f9ef72fca871a,Adapted source delta on target; retain custom contracts. See client-port-evidence.md; desktop/mobile smoke and 999 client tests.
M,,src/client/components/Board.vue,custom-ui-integration-and-assets,port-and-adapt,verified,ee40399983be3f34eafe5ff01fd0cd38ec64312e,ee40399983be3f34eafe5ff01fd0cd38ec64312e,Exact corrected-source blob; target-wide compilation and relevant module suite apply. See server-port-evidence.md/client-port-evidence.md and WP04 compatibility evidence.
M,,src/client/components/BoardSpace.vue,custom-ui-integration-and-assets,port-and-adapt,verified,329aa8da8e33c65378504125244a0742e69fb31c,6175fe00d64f12afc60abbfdbef85296dcef594a,Adapted source delta on target; retain custom contracts. See client-port-evidence.md; desktop/mobile smoke and 999 client tests.
M,,src/client/components/Bonus.vue,custom-ui-integration-and-assets,port-and-adapt,verified,8f47a972e3755fc300b9364f040c0677a33d51b9,8f47a972e3755fc300b9364f040c0677a33d51b9,Exact corrected-source blob; target-wide compilation and relevant module suite apply. See server-port-evidence.md/client-port-evidence.md and WP04 compatibility evidence.
M,,src/client/components/GameBoardView.vue,custom-ui-integration-and-assets,port-and-adapt,verified,5b39b27a7ebc2bdd256c8fd5d766a2475c751526,5b39b27a7ebc2bdd256c8fd5d766a2475c751526,Exact corrected-source blob; target-wide compilation and relevant module suite apply. See server-port-evidence.md/client-port-evidence.md and WP04 compatibility evidence.
M,,src/client/components/GameEnd.vue,custom-ui-integration-and-assets,port-and-adapt,verified,0da8e03dbab6f02885ae87c8ca5f475a16abae82,198e35ac02fc4cac9f45dd9013d7b68f1dd01608,Adapted source delta on target; retain custom contracts. See client-port-evidence.md; desktop/mobile smoke and 999 client tests.
M,,src/client/components/GameSetupDetail.vue,custom-ui-integration-and-assets,port-and-adapt,verified,fedec3be0a7455b95eb094598ac5c16dd16ea89a,579a503843ed97294c7b4959d203ae257f2cb683,Adapted source delta on target; retain custom contracts. See client-port-evidence.md; desktop/mobile smoke and 999 client tests.
M,,src/client/components/GamesOverview.vue,unrelated-administrative-controls,retain-target,verified,a99b5cdd90a9af657185dd8b3afd4d9272dd696d,709ff8d6b8ced391b5f03226e27b1a27c352ada6,"Source delta adds purge/admin display controls, not game mechanics; preserve target archive/history and admin UI. See target-contracts.md item 4."
M,,src/client/components/Legends.ts,custom-ui-integration-and-assets,port-and-adapt,verified,e46027946decabacadc488566b8425ec751bb99e,e46027946decabacadc488566b8425ec751bb99e,Exact corrected-source blob; target-wide compilation and relevant module suite apply. See server-port-evidence.md/client-port-evidence.md and WP04 compatibility evidence.
A,,src/client/components/MapEditor.vue,maps-editors-and-tracks,port-and-adapt,verified,b91cb2257ca3d763acd54397c46f5d5d63f3fe81,65eaa5b4dc0a6fc7858712ced28ecbda2d840baf,Adapted source delta on target; retain custom contracts. See client-port-evidence.md; desktop/mobile smoke and 999 client tests.
M,,src/client/components/Milestone.vue,custom-ui-integration-and-assets,port-and-adapt,verified,f954099a2cdb6ada4c0f5c3c0e52b25f0931beee,3489e4cf7dac6132b1369840cd008711173d2580,Adapted source delta on target; retain custom contracts. See client-port-evidence.md; desktop/mobile smoke and 999 client tests.
M,,src/client/components/Milestones.vue,custom-ui-integration-and-assets,port-and-adapt,verified,0850636b523bc24f3f8b65f2e63623c35c752e60,294831d5c9dba5428e54e226ea798cd36ea9cb1b,Adapted source delta on target; retain custom contracts. See client-port-evidence.md; desktop/mobile smoke and 999 client tests.
M,,src/client/components/PaymentDefaults.ts,custom-ui-integration-and-assets,port-and-adapt,verified,1771257351d64d16cf433c2d7d69336d5f1444bd,1771257351d64d16cf433c2d7d69336d5f1444bd,Exact corrected-source blob; target-wide compilation and relevant module suite apply. See server-port-evidence.md/client-port-evidence.md and WP04 compatibility evidence.
M,,src/client/components/PaymentForm.vue,custom-ui-integration-and-assets,port-and-adapt,verified,7c563253b4be15242cd48794f437cefaeea63ffa,daecec7b11c9deb69672f9e6d0b9c342f2d5f6b9,Adapted source delta on target; retain custom contracts. See client-port-evidence.md; desktop/mobile smoke and 999 client tests.
M,,src/client/components/PaymentUnit.vue,custom-ui-integration-and-assets,port-and-adapt,verified,20b34ff0b4719ddf4a1d3da4a56ea9c143443753,20b34ff0b4719ddf4a1d3da4a56ea9c143443753,Exact corrected-source blob; target-wide compilation and relevant module suite apply. See server-port-evidence.md/client-port-evidence.md and WP04 compatibility evidence.
M,,src/client/components/PlayerSetupView.vue,custom-ui-integration-and-assets,port-and-adapt,verified,2bbedd8c1b59f475a8d7e891839e8885b76f9155,70571ebd13c68aff44ee29f5edd13b85374405b4,Adapted source delta on target; retain custom contracts. See client-port-evidence.md; desktop/mobile smoke and 999 client tests.
M,,src/client/components/SelectPayment.vue,custom-ui-integration-and-assets,port-and-adapt,verified,892105b2224de5b185d19e44e839c6a4a5156eae,892105b2224de5b185d19e44e839c6a4a5156eae,Exact corrected-source blob; target-wide compilation and relevant module suite apply. See server-port-evidence.md/client-port-evidence.md and WP04 compatibility evidence.
M,,src/client/components/SelectProjectCardToPlay.vue,custom-ui-integration-and-assets,port-and-adapt,verified,8aa16849818b8afca6004ded9742dc8c5342762c,8aa16849818b8afca6004ded9742dc8c5342762c,Exact corrected-source blob; target-wide compilation and relevant module suite apply. See server-port-evidence.md/client-port-evidence.md and WP04 compatibility evidence.
M,,src/client/components/SelectSpace.vue,custom-ui-integration-and-assets,port-and-adapt,verified,d883e9113c4ce4ab2eb303d734e6a2e425cad4ba,d883e9113c4ce4ab2eb303d734e6a2e425cad4ba,Exact corrected-source blob; target-wide compilation and relevant module suite apply. See server-port-evidence.md/client-port-evidence.md and WP04 compatibility evidence.
A,,src/client/components/SimpleMapEditor.vue,maps-editors-and-tracks,port-and-adapt,verified,66111acf04effbc2dd3e115b8cf4579e0aeb8952,22d2e368ba9c584f62e598bd575979675317b267,Adapted source delta on target; retain custom contracts. See client-port-evidence.md; desktop/mobile smoke and 999 client tests.
M,,src/client/components/StartScreen.vue,custom-ui-integration-and-assets,port-and-adapt,verified,05287af84ead320aa82130801fe1e18636097ccd,2c627b21aa12d751a4e0b7d560c633630a632bfc,Adapted source delta on target; retain custom contracts. See client-port-evidence.md; desktop/mobile smoke and 999 client tests.
M,,src/client/components/admin/GameOverview.vue,unrelated-administrative-controls,retain-target,verified,82147b1bef332c88afede75402f62901d912af1c,f834333b9341594317ddce1fedaf69159f604a57,"Source delta adds purge/admin display controls, not game mechanics; preserve target archive/history and admin UI. See target-contracts.md item 4."
M,,src/client/components/board/BoardSpaceTile.vue,custom-ui-integration-and-assets,port-and-adapt,verified,3ca0cf1c1242602acf575f162d64d67ab7bd2efb,3ca0cf1c1242602acf575f162d64d67ab7bd2efb,Exact corrected-source blob; target-wide compilation and relevant module suite apply. See server-port-evidence.md/client-port-evidence.md and WP04 compatibility evidence.
M,,src/client/components/card/Card.vue,custom-ui-integration-and-assets,port-and-adapt,verified,c0b24ab7842ddd186c9ebfcc1248d5f728d24385,e3f6a878af07cc786cae4eaec4d0ed7149dcef85,Adapted source delta on target; retain custom contracts. See client-port-evidence.md; desktop/mobile smoke and 999 client tests.
M,,src/client/components/card/CardCorporationLogo.vue,custom-ui-integration-and-assets,port-and-adapt,verified,5aa5738d6b3936f4f58a413422ad615e7fd26b7d,5aa5738d6b3936f4f58a413422ad615e7fd26b7d,Exact corrected-source blob; target-wide compilation and relevant module suite apply. See server-port-evidence.md/client-port-evidence.md and WP04 compatibility evidence.
M,,src/client/components/card/CardCost.vue,custom-ui-integration-and-assets,port-and-adapt,verified,858c193243d2dfc5b183d830d77c5aa360dd5e78,858c193243d2dfc5b183d830d77c5aa360dd5e78,Exact corrected-source blob; target-wide compilation and relevant module suite apply. See server-port-evidence.md/client-port-evidence.md and WP04 compatibility evidence.
M,,src/client/components/card/CardExtraContent.vue,custom-ui-integration-and-assets,port-and-adapt,verified,8777c9260e6527af2e842b4c3b1e00dfddd352b9,8777c9260e6527af2e842b4c3b1e00dfddd352b9,Exact corrected-source blob; target-wide compilation and relevant module suite apply. See server-port-evidence.md/client-port-evidence.md and WP04 compatibility evidence.
M,,src/client/components/card/CardRenderCorpBoxComponent.vue,custom-ui-integration-and-assets,port-and-adapt,verified,0668acb34dc069e8011f09ec8851a40f0d1b993c,0668acb34dc069e8011f09ec8851a40f0d1b993c,Exact corrected-source blob; target-wide compilation and relevant module suite apply. See server-port-evidence.md/client-port-evidence.md and WP04 compatibility evidence.
M,,src/client/components/card/CardRenderItemComponent.vue,custom-ui-integration-and-assets,port-and-adapt,verified,d00aeb9f657a59eeeb0f41432f7f3680c5d9a966,d00aeb9f657a59eeeb0f41432f7f3680c5d9a966,Exact corrected-source blob; target-wide compilation and relevant module suite apply. See server-port-evidence.md/client-port-evidence.md and WP04 compatibility evidence.
M,,src/client/components/card/CardRenderSymbolComponent.vue,custom-ui-integration-and-assets,port-and-adapt,verified,f5f8944763d4b4c86a30558b8c54a641be8cd2df,f5f8944763d4b4c86a30558b8c54a641be8cd2df,Exact corrected-source blob; target-wide compilation and relevant module suite apply. See server-port-evidence.md/client-port-evidence.md and WP04 compatibility evidence.
M,,src/client/components/card/CardRenderTileComponent.vue,custom-ui-integration-and-assets,port-and-adapt,verified,9f70933f79094a9055f098cc71dd878dd53fa5c2,9f70933f79094a9055f098cc71dd878dd53fa5c2,Exact corrected-source blob; target-wide compilation and relevant module suite apply. See server-port-evidence.md/client-port-evidence.md and WP04 compatibility evidence.
M,,src/client/components/card/CardRequirementComponent.vue,custom-ui-integration-and-assets,port-and-adapt,verified,25c4065d41c4f1b64c8e5f48b29d0e35acb92946,25c4065d41c4f1b64c8e5f48b29d0e35acb92946,Exact corrected-source blob; target-wide compilation and relevant module suite apply. See server-port-evidence.md/client-port-evidence.md and WP04 compatibility evidence.
M,,src/client/components/card/CardTitle.vue,custom-ui-integration-and-assets,port-and-adapt,verified,87dc909b191f1d1a9170cc5cea5e5068e380eb4d,87dc909b191f1d1a9170cc5cea5e5068e380eb4d,Exact corrected-source blob; target-wide compilation and relevant module suite apply. See server-port-evidence.md/client-port-evidence.md and WP04 compatibility evidence.
M,,src/client/components/card/CardVictoryPoints.vue,custom-ui-integration-and-assets,port-and-adapt,verified,d56a0da8bcfb32ed6d05d0cfa5cccaf3687958a3,d56a0da8bcfb32ed6d05d0cfa5cccaf3687958a3,Exact corrected-source blob; target-wide compilation and relevant module suite apply. See server-port-evidence.md/client-port-evidence.md and WP04 compatibility evidence.
A,,src/client/components/cardlibrary/CardLibrary.vue,custom-cards-and-library,port-and-adapt,verified,cef195d7186317469a53bc95dc2b0cab529ee3b8,cef195d7186317469a53bc95dc2b0cab529ee3b8,Exact corrected-source blob; target-wide compilation and relevant module suite apply. See server-port-evidence.md/client-port-evidence.md and WP04 compatibility evidence.
A,,src/client/components/cardlibrary/CardLibraryRow.vue,custom-cards-and-library,port-and-adapt,verified,d6dcd4d99ec473585802254d80d5203265997264,d6dcd4d99ec473585802254d80d5203265997264,Exact corrected-source blob; target-wide compilation and relevant module suite apply. See server-port-evidence.md/client-port-evidence.md and WP04 compatibility evidence.
M,,src/client/components/cardlist/CardList.vue,custom-ui-integration-and-assets,port-and-adapt,verified,20d8f65a742f4aa9e91967fffecc7c9abcef6a7a,20d8f65a742f4aa9e91967fffecc7c9abcef6a7a,Exact corrected-source blob; target-wide compilation and relevant module suite apply. See server-port-evidence.md/client-port-evidence.md and WP04 compatibility evidence.
M,,src/client/components/cardlist/CardListModel.ts,custom-ui-integration-and-assets,port-and-adapt,verified,1a525159122f585b2e702afd327c89a9f42f81a3,1a525159122f585b2e702afd327c89a9f42f81a3,Exact corrected-source blob; target-wide compilation and relevant module suite apply. See server-port-evidence.md/client-port-evidence.md and WP04 compatibility evidence.
M,,src/client/components/cardlist/TurmoilAgendaContainer.vue,custom-ui-integration-and-assets,port-and-adapt,verified,3a335e206c2815ebd0c7f7c26c43ef46dff31fdc,9cfb5a475572afb5b77e7484103257a3b3726239,Adapted source delta on target; retain custom contracts. See client-port-evidence.md; desktop/mobile smoke and 999 client tests.
A,,src/client/components/cardmaker/CardMaker.vue,custom-cards-and-library,port-and-adapt,verified,ccbe52e47ee355e64d8dd7ce536170eb43b308cc,3d99eda621981accbd6bc90d1a3e6b27059d29cd,Adapted source delta on target; retain custom contracts. See client-port-evidence.md; desktop/mobile smoke and 999 client tests.
M,,src/client/components/common/cardResources.ts,custom-ui-integration-and-assets,port-and-adapt,verified,d53ccfe71758ab835397f7f04b332994e8d5dba9,d53ccfe71758ab835397f7f04b332994e8d5dba9,Exact corrected-source blob; target-wide compilation and relevant module suite apply. See server-port-evidence.md/client-port-evidence.md and WP04 compatibility evidence.
A,,src/client/components/conglomerates/ConglomeratesTeams.vue,conglomerates,port-and-adapt,verified,c91e567bede2db126c8e6afd62bce63242dec167,c91e567bede2db126c8e6afd62bce63242dec167,Exact corrected-source blob; target-wide compilation and relevant module suite apply. See server-port-evidence.md/client-port-evidence.md and WP04 compatibility evidence.
M,,src/client/components/create/CreateGameForm.vue,game-creation-and-option-defaults,port-and-adapt,verified,9f8e2aaa7a59cef48a202efce415d63eb65f0d83,d25eae51ce32671322c557e7e381e69ea22a39ec,Adapted source delta on target; retain custom contracts. See client-port-evidence.md; desktop/mobile smoke and 999 client tests.
M,,src/client/components/create/JSONProcessor.ts,game-creation-and-option-defaults,port-and-adapt,verified,c6df1950b0370c6794d5e40707555adeac3ec864,d151fd6b4689c428aef751d5765d01fc8d29cbbc,Adapted source delta on target; retain custom contracts. See client-port-evidence.md; desktop/mobile smoke and 999 client tests.
M,,src/client/components/create/defaultCreateGameModel.ts,game-creation-and-option-defaults,port-and-adapt,verified,17503ee1991a2734d40a708e77eb8bc0019a03aa,e40af02bedf763d4121780e4bd1531435b92dc0a,Adapted source delta on target; retain custom contracts. See client-port-evidence.md; desktop/mobile smoke and 999 client tests.
M,,src/client/components/create/json.ts,custom-ui-integration-and-assets,port-and-adapt,verified,6d66bcee21532d8c53f389c2dc0591d2649e2adc,6d66bcee21532d8c53f389c2dc0591d2649e2adc,Exact corrected-source blob; target-wide compilation and relevant module suite apply. See server-port-evidence.md/client-port-evidence.md and WP04 compatibility evidence.
M,,src/client/components/delta/DeltaProjectBoard.vue,custom-ui-integration-and-assets,port-and-adapt,verified,958960732435595b0a9873c0c8bc5bfc3c5054ca,958960732435595b0a9873c0c8bc5bfc3c5054ca,Exact corrected-source blob; target-wide compilation and relevant module suite apply. See server-port-evidence.md/client-port-evidence.md and WP04 compatibility evidence.
M,,src/client/components/help/Help.vue,custom-ui-integration-and-assets,port-and-adapt,verified,689dfeea9e1327ee2424e019afc486286ca2fb99,689dfeea9e1327ee2424e019afc486286ca2fb99,Exact corrected-source blob; target-wide compilation and relevant module suite apply. See server-port-evidence.md/client-port-evidence.md and WP04 compatibility evidence.
M,,src/client/components/help/HelpIconology.vue,custom-ui-integration-and-assets,port-and-adapt,verified,009723e766175bebdd8543c3468e2774363dce60,009723e766175bebdd8543c3468e2774363dce60,Exact corrected-source blob; target-wide compilation and relevant module suite apply. See server-port-evidence.md/client-port-evidence.md and WP04 compatibility evidence.
M,,src/client/components/help/HelpRulebooks.vue,custom-ui-integration-and-assets,port-and-adapt,verified,afde2466da9fa225aa4927bd229016b4998e7613,afde2466da9fa225aa4927bd229016b4998e7613,Exact corrected-source blob; target-wide compilation and relevant module suite apply. See server-port-evidence.md/client-port-evidence.md and WP04 compatibility evidence.
M,,src/client/components/help/HelpStandardProjects.vue,custom-ui-integration-and-assets,port-and-adapt,verified,b89efd249a5fd037bbff3639989d92afd58be138,b89efd249a5fd037bbff3639989d92afd58be138,Exact corrected-source blob; target-wide compilation and relevant module suite apply. See server-port-evidence.md/client-port-evidence.md and WP04 compatibility evidence.
A,,src/client/components/help/HelpTurmoilParties.vue,custom-ui-integration-and-assets,port-and-adapt,verified,4fd8233e491599c0457bf5557676ea6e7a2f330c,4fd8233e491599c0457bf5557676ea6e7a2f330c,Exact corrected-source blob; target-wide compilation and relevant module suite apply. See server-port-evidence.md/client-port-evidence.md and WP04 compatibility evidence.
A,,src/client/components/highOrbit/HighOrbitMarket.vue,highOrbit,port-and-adapt,verified,477ffca44df861e5d347ff9939c1a369ce37d8c9,477ffca44df861e5d347ff9939c1a369ce37d8c9,Exact corrected-source blob; target-wide compilation and relevant module suite apply. See server-port-evidence.md/client-port-evidence.md and WP04 compatibility evidence.
M,,src/client/components/logpanel/LogMessageComponent.vue,custom-ui-integration-and-assets,port-and-adapt,verified,ae50297d0c660ab35eecec9ebe565d821bf2ca15,18e8ac86f7ec626823dd2261f2e4f00337ddfd1f,Adapted source delta on target; retain custom contracts. See client-port-evidence.md; desktop/mobile smoke and 999 client tests.
A,,src/client/components/maplibrary/MapLibrary.vue,maps-editors-and-tracks,port-and-adapt,verified,2a35aaeb57f2eb4e6175e3a90afdd6611398cbb9,2a35aaeb57f2eb4e6175e3a90afdd6611398cbb9,Exact corrected-source blob; target-wide compilation and relevant module suite apply. See server-port-evidence.md/client-port-evidence.md and WP04 compatibility evidence.
A,,src/client/components/maplibrary/MapLibraryRow.vue,maps-editors-and-tracks,port-and-adapt,verified,da513a5502be50e8a8103fdbfc80ed3a3d850d42,da513a5502be50e8a8103fdbfc80ed3a3d850d42,Exact corrected-source blob; target-wide compilation and relevant module suite apply. See server-port-evidence.md/client-port-evidence.md and WP04 compatibility evidence.
A,,src/client/components/maplibrary/MapSubmitForm.vue,maps-editors-and-tracks,port-and-adapt,verified,0a4497c0be82127b19e649b858751d3a54906dd1,0a4497c0be82127b19e649b858751d3a54906dd1,Exact corrected-source blob; target-wide compilation and relevant module suite apply. See server-port-evidence.md/client-port-evidence.md and WP04 compatibility evidence.
A,,src/client/components/maplibrary/MapThumbnail.vue,maps-editors-and-tracks,port-and-adapt,verified,38de29d110517e837e758cec7fe31c882b9f9f06,38de29d110517e837e758cec7fe31c882b9f9f06,Exact corrected-source blob; target-wide compilation and relevant module suite apply. See server-port-evidence.md/client-port-evidence.md and WP04 compatibility evidence.
M,,src/client/components/overview/PlayerAlliedParty.vue,custom-ui-integration-and-assets,port-and-adapt,verified,6c0c891d86eb8fb7d5fefce23156752a352279f1,6c0c891d86eb8fb7d5fefce23156752a352279f1,Exact corrected-source blob; target-wide compilation and relevant module suite apply. See server-port-evidence.md/client-port-evidence.md and WP04 compatibility evidence.
M,,src/client/components/overview/PlayerInfo.vue,custom-ui-integration-and-assets,port-and-adapt,verified,3a81fdb4da7d895a83498df1ccb593567ef1cf23,830e1f50e889efe3eaa22cc9a8ce6bb728dbd012,Adapted source delta on target; retain custom contracts. See client-port-evidence.md; desktop/mobile smoke and 999 client tests.
M,,src/client/components/overview/PlayerResources.vue,custom-ui-integration-and-assets,port-and-adapt,verified,c220ca38143973137b96b4445993e366c73da75e,c220ca38143973137b96b4445993e366c73da75e,Exact corrected-source blob; target-wide compilation and relevant module suite apply. See server-port-evidence.md/client-port-evidence.md and WP04 compatibility evidence.
M,,src/client/components/overview/PlayerTags.vue,custom-ui-integration-and-assets,port-and-adapt,verified,8d3978dabbc3629dbdf9338d9d4ccc9120268389,8d3978dabbc3629dbdf9338d9d4ccc9120268389,Exact corrected-source blob; target-wide compilation and relevant module suite apply. See server-port-evidence.md/client-port-evidence.md and WP04 compatibility evidence.
M,,src/client/components/turmoil/Turmoil.vue,parties-and-agendas,port-and-adapt,verified,dedc737875acc44191b8ae3a6d2b5b66fd167296,36205e04b64f001c3980a3c1e189a6e4c56a812c,Adapted source delta on target; retain custom contracts. See client-port-evidence.md; desktop/mobile smoke and 999 client tests.
M,,src/client/components/turmoil/TurmoilAgenda.vue,parties-and-agendas,port-and-adapt,verified,53a1ba69e756764a9a4c84913b6c17d2c124b142,53a1ba69e756764a9a4c84913b6c17d2c124b142,Exact corrected-source blob; target-wide compilation and relevant module suite apply. See server-port-evidence.md/client-port-evidence.md and WP04 compatibility evidence.
A,,src/client/components/turmoil/TurmoilAgendaReference.vue,parties-and-agendas,port-and-adapt,verified,a9cd996a89e73d903c2992a75906e335d24cd208,a9cd996a89e73d903c2992a75906e335d24cd208,Exact corrected-source blob; target-wide compilation and relevant module suite apply. See server-port-evidence.md/client-port-evidence.md and WP04 compatibility evidence.
A,,src/client/components/venusPhase2/VenusSurfaceBoard.vue,venusPhase2,port-and-adapt,verified,f1605edacdddb1cf5d2b7764268d393f784363f3,f1605edacdddb1cf5d2b7764268d393f784363f3,Exact corrected-source blob; target-wide compilation and relevant module suite apply. See server-port-evidence.md/client-port-evidence.md and WP04 compatibility evidence.
M,,src/client/mixins/PaymentWidgetMixin.ts,custom-ui-integration-and-assets,port-and-adapt,verified,c5685d1c51739158a2512309b6d90fb449a45022,c5685d1c51739158a2512309b6d90fb449a45022,Exact corrected-source blob; target-wide compilation and relevant module suite apply. See server-port-evidence.md/client-port-evidence.md and WP04 compatibility evidence.
M,,src/client/turmoil/ClientAgendaManifest.ts,parties-and-agendas,port-and-adapt,verified,f1525f5ac7cffb2cf96220be0adf6c779be54d53,f1525f5ac7cffb2cf96220be0adf6c779be54d53,Exact corrected-source blob; target-wide compilation and relevant module suite apply. See server-port-evidence.md/client-port-evidence.md and WP04 compatibility evidence.
M,,src/client/utils/WikiLinks.ts,custom-ui-integration-and-assets,port-and-adapt,verified,2dba0f9f24df8c4396669e2da0bbcc7832a491b6,ded0819933caab5bd5a2e643041a8c3638961978,Adapted source delta on target; retain custom contracts. See client-port-evidence.md; desktop/mobile smoke and 999 client tests.
M,,src/client/utils/boardScroll.ts,custom-ui-integration-and-assets,port-and-adapt,verified,66e4923c98425a6ea8d61e94f373c6db12a542e1,66e4923c98425a6ea8d61e94f373c6db12a542e1,Exact corrected-source blob; target-wide compilation and relevant module suite apply. See server-port-evidence.md/client-port-evidence.md and WP04 compatibility evidence.
A,,src/client/utils/customCardPreview.ts,custom-cards-and-library,port-and-adapt,verified,bd9db9246288ebe673c7c9f3a763b7284f7d07fd,bd9db9246288ebe673c7c9f3a763b7284f7d07fd,Exact corrected-source blob; target-wide compilation and relevant module suite apply. See server-port-evidence.md/client-port-evidence.md and WP04 compatibility evidence.
A,,src/client/utils/groupScoresByTeam.ts,custom-ui-integration-and-assets,port-and-adapt,verified,e3450b4aa8e3f7c0a50d237b530a7b81e79d6b32,e3450b4aa8e3f7c0a50d237b530a7b81e79d6b32,Exact corrected-source blob; target-wide compilation and relevant module suite apply. See server-port-evidence.md/client-port-evidence.md and WP04 compatibility evidence.
A,,src/client/utils/spaceBonusIcon.ts,custom-ui-integration-and-assets,port-and-adapt,verified,024f6e8366f73da24cb1402b00d341c59b465532,024f6e8366f73da24cb1402b00d341c59b465532,Exact corrected-source blob; target-wide compilation and relevant module suite apply. See server-port-evidence.md/client-port-evidence.md and WP04 compatibility evidence.
M,,src/common/CardResource.ts,shared-card-resource-and-payment-models,port-and-adapt,verified,72aed0698514db21fe9d3386181da781ec4077ad,72aed0698514db21fe9d3386181da781ec4077ad,Exact corrected-source blob; target-wide compilation and relevant module suite apply. See server-port-evidence.md/client-port-evidence.md and WP04 compatibility evidence.
A,,src/common/GlobalParameterConfig.ts,maps-editors-and-tracks,port-and-adapt,verified,e6c49c114dda4c8f88278411cd47b6d349dd722f,e6c49c114dda4c8f88278411cd47b6d349dd722f,Exact corrected-source blob; target-wide compilation and relevant module suite apply. See server-port-evidence.md/client-port-evidence.md and WP04 compatibility evidence.
M,,src/common/TileType.ts,shared-engine-and-regressions,port-and-adapt,verified,27129a263086e9190a09c5b2c783bb3777b730e7,27129a263086e9190a09c5b2c783bb3777b730e7,Exact corrected-source blob; target-wide compilation and relevant module suite apply. See server-port-evidence.md/client-port-evidence.md and WP04 compatibility evidence.
M,,src/common/Types.ts,shared-engine-and-regressions,port-and-adapt,verified,40478ec3cb15d08145aca6ac207fc7f5e997a107,40478ec3cb15d08145aca6ac207fc7f5e997a107,Exact corrected-source blob; target-wide compilation and relevant module suite apply. See server-port-evidence.md/client-port-evidence.md and WP04 compatibility evidence.
M,,src/common/app/paths.ts,shared-engine-and-regressions,port-and-adapt,verified,7348648169a5d04f1af86e71ecccaba90af17f3d,17d3c66327ccaf54300f8d1dd7aabaf31d1d497d,Adapted source delta on target; retain custom contracts. See server-port-evidence.md; server regression suite and WP04 save/input/replay checks.
M,,src/common/boards/BoardName.ts,maps-editors-and-tracks,port-and-adapt,verified,feff5881f56f21e0fdc0cd1e0bfd324686e28d32,feff5881f56f21e0fdc0cd1e0bfd324686e28d32,Exact corrected-source blob; target-wide compilation and relevant module suite apply. See server-port-evidence.md/client-port-evidence.md and WP04 compatibility evidence.
A,,src/common/boards/CustomBoardDefinition.ts,maps-editors-and-tracks,port-and-adapt,verified,62369b1e4dd6144cbbe882242c3d035fffbe4951,62369b1e4dd6144cbbe882242c3d035fffbe4951,Exact corrected-source blob; target-wide compilation and relevant module suite apply. See server-port-evidence.md/client-port-evidence.md and WP04 compatibility evidence.
A,,src/common/boards/MapLibraryEntry.ts,maps-editors-and-tracks,port-and-adapt,verified,45f3e3e8d97ce964c0c6cb6f07d869e68bbb5191,45f3e3e8d97ce964c0c6cb6f07d869e68bbb5191,Exact corrected-source blob; target-wide compilation and relevant module suite apply. See server-port-evidence.md/client-port-evidence.md and WP04 compatibility evidence.
A,,src/common/boards/SimpleCustomBoardDefinition.ts,maps-editors-and-tracks,port-and-adapt,verified,04989cd2107c06d62d25ed3e700fe9191d54b54c,04989cd2107c06d62d25ed3e700fe9191d54b54c,Exact corrected-source blob; target-wide compilation and relevant module suite apply. See server-port-evidence.md/client-port-evidence.md and WP04 compatibility evidence.
M,,src/common/boards/SpaceBonus.ts,maps-editors-and-tracks,port-and-adapt,verified,de60f5b2d49456f58ffe968a3f059cf1f9180a91,de60f5b2d49456f58ffe968a3f059cf1f9180a91,Exact corrected-source blob; target-wide compilation and relevant module suite apply. See server-port-evidence.md/client-port-evidence.md and WP04 compatibility evidence.
M,,src/common/boards/SpaceName.ts,maps-editors-and-tracks,port-and-adapt,verified,f0c3b41c027fdc2d0c3e9491d065489dc3bbf221,f0c3b41c027fdc2d0c3e9491d065489dc3bbf221,Exact corrected-source blob; target-wide compilation and relevant module suite apply. See server-port-evidence.md/client-port-evidence.md and WP04 compatibility evidence.
M,,src/common/boards/SpaceType.ts,maps-editors-and-tracks,port-and-adapt,verified,a22e2f6d7272acb2d8feb56c180a66b9647c7ed8,a22e2f6d7272acb2d8feb56c180a66b9647c7ed8,Exact corrected-source blob; target-wide compilation and relevant module suite apply. See server-port-evidence.md/client-port-evidence.md and WP04 compatibility evidence.
A,,src/common/boards/customBoardCodec.ts,maps-editors-and-tracks,port-and-adapt,verified,1b67b070396379f33f720514b78d96305a3b3ae0,1b67b070396379f33f720514b78d96305a3b3ae0,Exact corrected-source blob; target-wide compilation and relevant module suite apply. See server-port-evidence.md/client-port-evidence.md and WP04 compatibility evidence.
M,,src/common/boards/expansionSpaceColonies.ts,maps-editors-and-tracks,port-and-adapt,verified,84ec0ee6a9950991abb0d5199667fdd7051eb169,84ec0ee6a9950991abb0d5199667fdd7051eb169,Exact corrected-source blob; target-wide compilation and relevant module suite apply. See server-port-evidence.md/client-port-evidence.md and WP04 compatibility evidence.
A,,src/common/boards/officialMapLibrary.ts,maps-editors-and-tracks,port-and-adapt,verified,ade22065820c68f6151feda6617a5cb6e3bec0ea,ade22065820c68f6151feda6617a5cb6e3bec0ea,Exact corrected-source blob; target-wide compilation and relevant module suite apply. See server-port-evidence.md/client-port-evidence.md and WP04 compatibility evidence.
A,,src/common/boards/officialMapLibraryLookup.ts,maps-editors-and-tracks,port-and-adapt,verified,12854df16ffde2d84de6efb65942e9c5268dd33f,12854df16ffde2d84de6efb65942e9c5268dd33f,Exact corrected-source blob; target-wide compilation and relevant module suite apply. See server-port-evidence.md/client-port-evidence.md and WP04 compatibility evidence.
A,,src/common/boards/simpleBoardCodec.ts,maps-editors-and-tracks,port-and-adapt,verified,964c1c51c0e870e58f39ed4d501b107daa2341bd,964c1c51c0e870e58f39ed4d501b107daa2341bd,Exact corrected-source blob; target-wide compilation and relevant module suite apply. See server-port-evidence.md/client-port-evidence.md and WP04 compatibility evidence.
M,,src/common/cards/CardName.ts,shared-card-resource-and-payment-models,port-and-adapt,verified,51be086f24634ee4a2de4f4f4612baffcbcf8f26,0bf5ed4ea01f536ac54924e2b6f4b08cb4bb4e43,Adapted source delta on target; retain custom contracts. See server-port-evidence.md; server regression suite and WP04 save/input/replay checks.
M,,src/common/cards/CardRenames.ts,shared-card-resource-and-payment-models,port-and-adapt,verified,838b07cad943c1a9f76ae8779949c0fdfc640d1f,838b07cad943c1a9f76ae8779949c0fdfc640d1f,Exact corrected-source blob; target-wide compilation and relevant module suite apply. See server-port-evidence.md/client-port-evidence.md and WP04 compatibility evidence.
M,,src/common/cards/CardRequirementDescriptor.ts,shared-card-resource-and-payment-models,port-and-adapt,verified,2cbcf291ffa6f507a30bfcddaaa081af3857b18f,2cbcf291ffa6f507a30bfcddaaa081af3857b18f,Exact corrected-source blob; target-wide compilation and relevant module suite apply. See server-port-evidence.md/client-port-evidence.md and WP04 compatibility evidence.
A,,src/common/cards/CustomCardDefinition.ts,custom-cards-and-library,port-and-adapt,verified,a229a199dac18e69bfce3e80873e200b3a170e8a,a229a199dac18e69bfce3e80873e200b3a170e8a,Exact corrected-source blob; target-wide compilation and relevant module suite apply. See server-port-evidence.md/client-port-evidence.md and WP04 compatibility evidence.
A,,src/common/cards/CustomCardLibraryEntry.ts,custom-cards-and-library,port-and-adapt,verified,f28df264c08fadeeb9cc2d6180e3d37dfe0fa15f,f28df264c08fadeeb9cc2d6180e3d37dfe0fa15f,Exact corrected-source blob; target-wide compilation and relevant module suite apply. See server-port-evidence.md/client-port-evidence.md and WP04 compatibility evidence.
M,,src/common/cards/GameModule.ts,shared-card-resource-and-payment-models,port-and-adapt,verified,e858dbe4f1f5c3acb4a479707a3d4bdb3e1e8019,e858dbe4f1f5c3acb4a479707a3d4bdb3e1e8019,Exact corrected-source blob; target-wide compilation and relevant module suite apply. See server-port-evidence.md/client-port-evidence.md and WP04 compatibility evidence.
M,,src/common/cards/RequirementType.ts,shared-card-resource-and-payment-models,port-and-adapt,verified,2a769f1cb9ef119d64f4024f9d43dc4a95a66e12,2a769f1cb9ef119d64f4024f9d43dc4a95a66e12,Exact corrected-source blob; target-wide compilation and relevant module suite apply. See server-port-evidence.md/client-port-evidence.md and WP04 compatibility evidence.
M,,src/common/cards/Tag.ts,shared-card-resource-and-payment-models,port-and-adapt,verified,477d32aa7b068aee2686f6c30296ab6b50b56161,477d32aa7b068aee2686f6c30296ab6b50b56161,Exact corrected-source blob; target-wide compilation and relevant module suite apply. See server-port-evidence.md/client-port-evidence.md and WP04 compatibility evidence.
M,,src/common/cards/Types.ts,shared-card-resource-and-payment-models,port-and-adapt,verified,a0d8bf1b18f0c60f171c7adc922f2a1299a149f0,a0d8bf1b18f0c60f171c7adc922f2a1299a149f0,Exact corrected-source blob; target-wide compilation and relevant module suite apply. See server-port-evidence.md/client-port-evidence.md and WP04 compatibility evidence.
A,,src/common/cards/curatedBehaviorTemplates.ts,shared-card-resource-and-payment-models,port-and-adapt,verified,d645499b47f789b85bab3672a7f1c7c0680c19d2,d645499b47f789b85bab3672a7f1c7c0680c19d2,Exact corrected-source blob; target-wide compilation and relevant module suite apply. See server-port-evidence.md/client-port-evidence.md and WP04 compatibility evidence.
A,,src/common/cards/curatedCardRenderData.ts,shared-card-resource-and-payment-models,port-and-adapt,verified,e8b9e2c0a411ed233bc725bdc6b28302d619e0ec,e8b9e2c0a411ed233bc725bdc6b28302d619e0ec,Exact corrected-source blob; target-wide compilation and relevant module suite apply. See server-port-evidence.md/client-port-evidence.md and WP04 compatibility evidence.
A,,src/common/cards/customCardCodec.ts,custom-cards-and-library,port-and-adapt,verified,6b154aeacd0e83e22a388b2c4c27909282faa899,6b154aeacd0e83e22a388b2c4c27909282faa899,Exact corrected-source blob; target-wide compilation and relevant module suite apply. See server-port-evidence.md/client-port-evidence.md and WP04 compatibility evidence.
M,,src/common/cards/render/AltSecondaryTag.ts,shared-card-resource-and-payment-models,port-and-adapt,verified,904daa37750f26e1e01bc0e1c5fdb71cf576d212,904daa37750f26e1e01bc0e1c5fdb71cf576d212,Exact corrected-source blob; target-wide compilation and relevant module suite apply. See server-port-evidence.md/client-port-evidence.md and WP04 compatibility evidence.
M,,src/common/cards/render/CardRenderItemType.ts,shared-card-resource-and-payment-models,port-and-adapt,verified,d6e2d6aceb2064f5f694e873295ea54e1c4ff58c,d6e2d6aceb2064f5f694e873295ea54e1c4ff58c,Exact corrected-source blob; target-wide compilation and relevant module suite apply. See server-port-evidence.md/client-port-evidence.md and WP04 compatibility evidence.
M,,src/common/cards/render/Types.ts,shared-card-resource-and-payment-models,port-and-adapt,verified,bf581b7e0e8fbdf1ad94d93cd0fedf04942ae9df,bf581b7e0e8fbdf1ad94d93cd0fedf04942ae9df,Exact corrected-source blob; target-wide compilation and relevant module suite apply. See server-port-evidence.md/client-port-evidence.md and WP04 compatibility evidence.
A,,src/common/conglomerates/ConglomeratesPlayerData.ts,conglomerates,port-and-adapt,verified,4afcbe6566383379a4de44d5c785f081b5b1782f,4afcbe6566383379a4de44d5c785f081b5b1782f,Exact corrected-source blob; target-wide compilation and relevant module suite apply. See server-port-evidence.md/client-port-evidence.md and WP04 compatibility evidence.
A,,src/common/conglomerates/TeamVictoryPointsBreakdown.ts,conglomerates,port-and-adapt,verified,dce85b7bf7a210d0a175d8c42bb76a5bd8b7c6dc,dce85b7bf7a210d0a175d8c42bb76a5bd8b7c6dc,Exact corrected-source blob; target-wide compilation and relevant module suite apply. See server-port-evidence.md/client-port-evidence.md and WP04 compatibility evidence.
M,,src/common/constants.ts,shared-engine-and-regressions,port-and-adapt,verified,64d61fa14fda1c475ee641b904cf9f9b625e90ad,ff5c995d25d987fff09de70559262ca049fe12fb,Adapted source delta on target; retain custom contracts. See server-port-evidence.md; server regression suite and WP04 save/input/replay checks.
M,,src/common/game/NewGameConfig.ts,game-creation-and-option-defaults,port-and-adapt,verified,262d81e1823395795cc37a8e9f5a2b3fdb6afa5f,3e0ef1656bc98602dfba6d410c1e124094e3fa5d,Adapted source delta on target; retain custom contracts. See server-port-evidence.md; server regression suite and WP04 save/input/replay checks.
M,,src/common/game/VictoryPointsBreakdown.ts,shared-engine-and-regressions,port-and-adapt,verified,636a1911ff18207f8e196cf0e1e4e241e02190a5,636a1911ff18207f8e196cf0e1e4e241e02190a5,Exact corrected-source blob; target-wide compilation and relevant module suite apply. See server-port-evidence.md/client-port-evidence.md and WP04 compatibility evidence.
A,,src/common/highOrbit/HighOrbitMarket.ts,highOrbit,port-and-adapt,verified,0b15562733a2c9d3380cf5eb08e4d7afa115d0c7,0b15562733a2c9d3380cf5eb08e4d7afa115d0c7,Exact corrected-source blob; target-wide compilation and relevant module suite apply. See server-port-evidence.md/client-port-evidence.md and WP04 compatibility evidence.
M,,src/common/inputs/Payment.ts,actions-inputs-and-effects,port-and-adapt,verified,1547fa2e43eaa7272e7b3cbdaafa8b7a0b2b7906,ec663ed5af730d399dc9cd148966dd9040d4e0e2,Adapted source delta on target; retain custom contracts. See server-port-evidence.md; server regression suite and WP04 save/input/replay checks.
M,,src/common/inputs/Spendable.ts,actions-inputs-and-effects,port-and-adapt,verified,9483b095ffdb97dfb5cbf2c707c47cf473c551d3,9483b095ffdb97dfb5cbf2c707c47cf473c551d3,Exact corrected-source blob; target-wide compilation and relevant module suite apply. See server-port-evidence.md/client-port-evidence.md and WP04 compatibility evidence.
A,,src/common/ma/ConglomeratesMilestoneNumbers.ts,conglomerates,port-and-adapt,verified,bc33d82d3c1a9a17319a196a1cadb17398a53672,bc33d82d3c1a9a17319a196a1cadb17398a53672,Exact corrected-source blob; target-wide compilation and relevant module suite apply. See server-port-evidence.md/client-port-evidence.md and WP04 compatibility evidence.
M,,src/common/ma/MilestoneName.ts,milestones-and-awards,port-and-adapt,verified,7c192b7c5588110ae9decaf085db14a04522b077,7c192b7c5588110ae9decaf085db14a04522b077,Exact corrected-source blob; target-wide compilation and relevant module suite apply. See server-port-evidence.md/client-port-evidence.md and WP04 compatibility evidence.
M,,src/common/models/CardModel.ts,server-client-wire-models,port-and-adapt,verified,5f91bb5e46817180a53b36ba0030dc09f18edacd,48335b87f6fde81e7f22910573e646f44b590e67,Adapted source delta on target; retain custom contracts. See server-port-evidence.md; server regression suite and WP04 save/input/replay checks.
M,,src/common/models/ClaimedMilestoneModel.ts,server-client-wire-models,port-and-adapt,verified,6b518474dc38879250fa48550a843ae0f84d43cd,6b518474dc38879250fa48550a843ae0f84d43cd,Exact corrected-source blob; target-wide compilation and relevant module suite apply. See server-port-evidence.md/client-port-evidence.md and WP04 compatibility evidence.
A,,src/common/models/ConglomeratesModel.ts,conglomerates,port-and-adapt,verified,8a89a3bc57c4306816e6b74d4dd6c8b62e1db3fa,8a89a3bc57c4306816e6b74d4dd6c8b62e1db3fa,Exact corrected-source blob; target-wide compilation and relevant module suite apply. See server-port-evidence.md/client-port-evidence.md and WP04 compatibility evidence.
M,,src/common/models/DeltaProjectPlayerModel.ts,server-client-wire-models,port-and-adapt,verified,843b5fbf1a581825c99244a09ed8a144b990ac32,843b5fbf1a581825c99244a09ed8a144b990ac32,Exact corrected-source blob; target-wide compilation and relevant module suite apply. See server-port-evidence.md/client-port-evidence.md and WP04 compatibility evidence.
M,,src/common/models/FundedAwardModel.ts,server-client-wire-models,port-and-adapt,verified,2670ea041a4e1ee9f3950c615f3d6b59b2aa1fb6,2670ea041a4e1ee9f3950c615f3d6b59b2aa1fb6,Exact corrected-source blob; target-wide compilation and relevant module suite apply. See server-port-evidence.md/client-port-evidence.md and WP04 compatibility evidence.
M,,src/common/models/GameModel.ts,server-client-wire-models,port-and-adapt,verified,618fccbd738f09f1206d2f288d6258a1c6fba1d4,7a784fd56f38d5936b5046fd14462304fc422523,Adapted source delta on target; retain custom contracts. See server-port-evidence.md; server regression suite and WP04 save/input/replay checks.
M,,src/common/models/GameOptionsModel.ts,server-client-wire-models,port-and-adapt,verified,0fca40f6a026c81a167cae7331b1b68f293db2e0,215b5667e597926e97d8b7a97d9e6e7f8fb9081d,Adapted source delta on target; retain custom contracts. See server-port-evidence.md; server regression suite and WP04 save/input/replay checks.
M,,src/common/models/PlayerInputModel.ts,server-client-wire-models,port-and-adapt,verified,911084d8319f564c041726a8de25d3c2d8539576,d5a613a3e78518f31e91c9689b95ac73a0215a53,Adapted source delta on target; retain custom contracts. See server-port-evidence.md; server regression suite and WP04 save/input/replay checks.
M,,src/common/models/PlayerModel.ts,server-client-wire-models,port-and-adapt,verified,281a606c3cb015b30c6265ef580c279d75f09d66,174dadba552037bbd5c758bbca59bc87c53d76de,Adapted source delta on target; retain custom contracts. See server-port-evidence.md; server regression suite and WP04 save/input/replay checks.
M,,src/common/models/SimpleGameModel.ts,server-client-wire-models,port-and-adapt,verified,d61e9955188064df2394befd28c9f3182cc470ad,b06015d136d131727504874ed95d550ed67b703b,Adapted source delta on target; retain custom contracts. See server-port-evidence.md; server regression suite and WP04 save/input/replay checks.
M,,src/common/models/SpaceModel.ts,server-client-wire-models,port-and-adapt,verified,3b3a71989f7e771a501eefc9206bd790c993a85e,3b3a71989f7e771a501eefc9206bd790c993a85e,Exact corrected-source blob; target-wide compilation and relevant module suite apply. See server-port-evidence.md/client-port-evidence.md and WP04 compatibility evidence.
M,,src/common/models/TurmoilModel.ts,server-client-wire-models,port-and-adapt,verified,97a805dfc10256f361e50d2d29658cd093f3ace1,97a805dfc10256f361e50d2d29658cd093f3ace1,Exact corrected-source blob; target-wide compilation and relevant module suite apply. See server-port-evidence.md/client-port-evidence.md and WP04 compatibility evidence.
A,,src/common/models/VenusPhase2Model.ts,venusPhase2,port-and-adapt,verified,face2de534110b7cc4090b393a9fabe4fc53b5d0,face2de534110b7cc4090b393a9fabe4fc53b5d0,Exact corrected-source blob; target-wide compilation and relevant module suite apply. See server-port-evidence.md/client-port-evidence.md and WP04 compatibility evidence.
M,,src/common/turmoil/ClientAgenda.ts,parties-and-agendas,port-and-adapt,verified,e87a18a5c46e8244846446caa6a95bdc96adf925,e87a18a5c46e8244846446caa6a95bdc96adf925,Exact corrected-source blob; target-wide compilation and relevant module suite apply. See server-port-evidence.md/client-port-evidence.md and WP04 compatibility evidence.
M,,src/common/turmoil/PartyName.ts,parties-and-agendas,port-and-adapt,verified,8c455b1fde8cb63f94f0eaa7d11db08ae54fe19e,8c455b1fde8cb63f94f0eaa7d11db08ae54fe19e,Exact corrected-source blob; target-wide compilation and relevant module suite apply. See server-port-evidence.md/client-port-evidence.md and WP04 compatibility evidence.
M,,src/common/turmoil/Types.ts,parties-and-agendas,port-and-adapt,verified,b575ae48dbc84eae55f9a0392cff6ce3a87cc5ca,6a34abd8b6f0bf9c6e5e3bee0a3fdc13d7d0066f,Adapted source delta on target; retain custom contracts. See server-port-evidence.md; server regression suite and WP04 save/input/replay checks.
M,,src/common/turmoil/globalEvents/GlobalEventName.ts,parties-and-agendas,port-and-adapt,verified,a258589168674d0352df8e7a0429b925a94d6611,a258589168674d0352df8e7a0429b925a94d6611,Exact corrected-source blob; target-wide compilation and relevant module suite apply. See server-port-evidence.md/client-port-evidence.md and WP04 compatibility evidence.
A,,src/common/utils/base64url.ts,shared-engine-and-regressions,port-and-adapt,verified,47f4b7822a42e6255f2243f3092b2c14fe7fd3ac,47f4b7822a42e6255f2243f3092b2c14fe7fd3ac,Exact corrected-source blob; target-wide compilation and relevant module suite apply. See server-port-evidence.md/client-port-evidence.md and WP04 compatibility evidence.
M,,src/locales/ru/turmoil.json,custom-ui-integration-and-assets,port-and-adapt,verified,d230ce9512f76b0526229ee941c2a9492503ff83,d230ce9512f76b0526229ee941c2a9492503ff83,Exact corrected-source blob; target-wide compilation and relevant module suite apply. See server-port-evidence.md/client-port-evidence.md and WP04 compatibility evidence.
M,,src/server/Draft.ts,shared-engine-and-regressions,port-and-adapt,verified,c341063d486128d7504eacf5bd516f75a68ff3d2,4f6148790056831751f74bc16a8131b2835ce445,Adapted source delta on target; retain custom contracts. See server-port-evidence.md; server regression suite and WP04 save/input/replay checks.
M,,src/server/Game.ts,shared-engine-and-regressions,port-and-adapt,verified,33ab6dec048aa03e3000057bf9462fd668e57a49,99c856be0554b0ac8610c54bafc45b895212ff15,Adapted source delta on target; retain custom contracts. See server-port-evidence.md; server regression suite and WP04 save/input/replay checks.
M,,src/server/GameCards.ts,shared-engine-and-regressions,port-and-adapt,verified,4fc67f22eb08bea4daa202497a1949e1f26d3818,fcd55567b2c777ac6789ae23d3dd37c4727caba7,Adapted source delta on target; retain custom contracts. See server-port-evidence.md; server regression suite and WP04 save/input/replay checks.
M,,src/server/GameSetup.ts,shared-engine-and-regressions,port-and-adapt,verified,09f1f7bac2c03ef529f57e26f108a9b71d320c2b,09f1f7bac2c03ef529f57e26f108a9b71d320c2b,Exact corrected-source blob; target-wide compilation and relevant module suite apply. See server-port-evidence.md/client-port-evidence.md and WP04 compatibility evidence.
M,,src/server/IGame.ts,shared-engine-and-regressions,port-and-adapt,verified,2a94e022b937cb7586fc9de23ad118c687f73dba,783ce95c7404afb7e4c45cbe8f5f4816bef6eff7,Adapted source delta on target; retain custom contracts. See server-port-evidence.md; server regression suite and WP04 save/input/replay checks.
M,,src/server/IPlayer.ts,shared-engine-and-regressions,port-and-adapt,verified,d92df68be79f38441d0ce29b4bb775aa86f6be92,9bc1e5fd639d18c35baa3cd553afd8c80cb14932,Adapted source delta on target; retain custom contracts. See server-port-evidence.md; server regression suite and WP04 save/input/replay checks.
M,,src/server/Player.ts,shared-engine-and-regressions,port-and-adapt,verified,88ffea50b01ca36780543f8157cbde5ce173bfd1,50e72e82b919db403a719dd458e3bb683ef1d588,Adapted source delta on target; retain custom contracts. See server-port-evidence.md; server regression suite and WP04 save/input/replay checks.
M,,src/server/SerializedGame.ts,shared-engine-and-regressions,port-and-adapt,verified,69a383006d221d2f98821a1591577b5b81c25fc3,a4801e40ae0a6d572bc1a04515bd6c7cc0bc8c8b,Adapted source delta on target; retain custom contracts. See server-port-evidence.md; server regression suite and WP04 save/input/replay checks.
M,,src/server/SerializedPlayer.ts,shared-engine-and-regressions,port-and-adapt,verified,33acad5006beeb3d7c0fb74a3fc3000e79dd0c7b,57302c0732e3bdab5c98679f02f7ee599d0959b2,Adapted source delta on target; retain custom contracts. See server-port-evidence.md; server regression suite and WP04 save/input/replay checks.
M,,src/server/awards/Awards.ts,milestones-and-awards,port-and-adapt,verified,14da5335bc9ed56c6abcdbe7885cac3aa7cd2ee4,14da5335bc9ed56c6abcdbe7885cac3aa7cd2ee4,Exact corrected-source blob; target-wide compilation and relevant module suite apply. See server-port-evidence.md/client-port-evidence.md and WP04 compatibility evidence.
M,,src/server/awards/Landlord.ts,milestones-and-awards,port-and-adapt,verified,0aba7f551cb4757442525b4eab1a56c6a021001a,0aba7f551cb4757442525b4eab1a56c6a021001a,Exact corrected-source blob; target-wide compilation and relevant module suite apply. See server-port-evidence.md/client-port-evidence.md and WP04 compatibility evidence.
M,,src/server/awards/amazonisPlanitia/AmazonisEngineer.ts,milestones-and-awards,port-and-adapt,verified,cd163542a2388584ae81eab4b92cffce73252b29,cd163542a2388584ae81eab4b92cffce73252b29,Exact corrected-source blob; target-wide compilation and relevant module suite apply. See server-port-evidence.md/client-port-evidence.md and WP04 compatibility evidence.
M,,src/server/awards/arabiaTerra/CosmicSettler.ts,milestones-and-awards,port-and-adapt,verified,b6ebf73dd0c706f163d2c1d0700b064aaadfef7f,b6ebf73dd0c706f163d2c1d0700b064aaadfef7f,Exact corrected-source blob; target-wide compilation and relevant module suite apply. See server-port-evidence.md/client-port-evidence.md and WP04 compatibility evidence.
M,,src/server/awards/modular/Constructor.ts,milestones-and-awards,port-and-adapt,verified,096c938e7595f9d110faeb04dd716ff6eb976160,096c938e7595f9d110faeb04dd716ff6eb976160,Exact corrected-source blob; target-wide compilation and relevant module suite apply. See server-port-evidence.md/client-port-evidence.md and WP04 compatibility evidence.
M,,src/server/awards/modular/Metropolist.ts,milestones-and-awards,port-and-adapt,verified,9bc234ad40cb377607f13c6d8791ad97782a24f2,9bc234ad40cb377607f13c6d8791ad97782a24f2,Exact corrected-source blob; target-wide compilation and relevant module suite apply. See server-port-evidence.md/client-port-evidence.md and WP04 compatibility evidence.
M,,src/server/behavior/Counter.ts,actions-inputs-and-effects,port-and-adapt,verified,47a3ea6d3654f6ac088153e5f20a9d1a02b9ecf7,47a3ea6d3654f6ac088153e5f20a9d1a02b9ecf7,Exact corrected-source blob; target-wide compilation and relevant module suite apply. See server-port-evidence.md/client-port-evidence.md and WP04 compatibility evidence.
M,,src/server/behavior/Executor.ts,actions-inputs-and-effects,port-and-adapt,verified,6a3d9ddf38a1359d862489806f4d65b0e3cf6838,d23b3be05efeb1601276cf13a633cb313d04f02e,Adapted source delta on target; retain custom contracts. See server-port-evidence.md; server regression suite and WP04 save/input/replay checks.
M,,src/server/boards/Board.ts,maps-editors-and-tracks,port-and-adapt,verified,29c902b3e3ab08e33a27aa82c0ed66be15b16f48,a31f0f8190fdeda2399c4238c3107ad3335a1fd5,Adapted source delta on target; retain custom contracts. See server-port-evidence.md; server regression suite and WP04 save/input/replay checks.
M,,src/server/boards/BoardBuilder.ts,maps-editors-and-tracks,port-and-adapt,verified,aa981b5226b882fea66b2c331bf1064bdc9b8714,aa981b5226b882fea66b2c331bf1064bdc9b8714,Exact corrected-source blob; target-wide compilation and relevant module suite apply. See server-port-evidence.md/client-port-evidence.md and WP04 compatibility evidence.
M,,src/server/boards/BoardType.ts,maps-editors-and-tracks,port-and-adapt,verified,ded8e7ed963a2f56a846bcdb985105edc98c055c,ded8e7ed963a2f56a846bcdb985105edc98c055c,Exact corrected-source blob; target-wide compilation and relevant module suite apply. See server-port-evidence.md/client-port-evidence.md and WP04 compatibility evidence.
A,,src/server/boards/CustomBoard.ts,maps-editors-and-tracks,port-and-adapt,verified,667b376fa51497ff02166e3b2b5b3a1eea679463,667b376fa51497ff02166e3b2b5b3a1eea679463,Exact corrected-source blob; target-wide compilation and relevant module suite apply. See server-port-evidence.md/client-port-evidence.md and WP04 compatibility evidence.
M,,src/server/boards/MarsBoard.ts,maps-editors-and-tracks,port-and-adapt,verified,3692afbf66914179b2a062277f8e9166c7f5d239,3692afbf66914179b2a062277f8e9166c7f5d239,Exact corrected-source blob; target-wide compilation and relevant module suite apply. See server-port-evidence.md/client-port-evidence.md and WP04 compatibility evidence.
M,,src/server/boards/SerializedBoard.ts,maps-editors-and-tracks,port-and-adapt,verified,fea4cea32ed088e708179cd89199379cf7fb831e,fea4cea32ed088e708179cd89199379cf7fb831e,Exact corrected-source blob; target-wide compilation and relevant module suite apply. See server-port-evidence.md/client-port-evidence.md and WP04 compatibility evidence.
M,,src/server/boards/Space.ts,maps-editors-and-tracks,port-and-adapt,verified,d6d9f45e4164d37e5e6ee319f3c2b605253fa738,d6d9f45e4164d37e5e6ee319f3c2b605253fa738,Exact corrected-source blob; target-wide compilation and relevant module suite apply. See server-port-evidence.md/client-port-evidence.md and WP04 compatibility evidence.
M,,src/server/cards/AllManifests.ts,existing-card-interactions-and-rendering,port-and-adapt,verified,adf7225190130b0d878d6b4476ef70080a81ae33,adf7225190130b0d878d6b4476ef70080a81ae33,Exact corrected-source blob; target-wide compilation and relevant module suite apply. See server-port-evidence.md/client-port-evidence.md and WP04 compatibility evidence.
M,,src/server/cards/Card.ts,existing-card-interactions-and-rendering,port-and-adapt,verified,164d5942d32bc949a8918df738f32d771fc01a52,e4e4689d247cef14d646d9f28921c11f63ce78e3,Adapted source delta on target; retain custom contracts. See server-port-evidence.md; server regression suite and WP04 save/input/replay checks.
M,,src/server/cards/CardFactorySpec.ts,existing-card-interactions-and-rendering,port-and-adapt,verified,aa46d3e2bd59df86b8b96e529eb9bd63d0cde46a,aa46d3e2bd59df86b8b96e529eb9bd63d0cde46a,Exact corrected-source blob; target-wide compilation and relevant module suite apply. See server-port-evidence.md/client-port-evidence.md and WP04 compatibility evidence.
A,,src/server/cards/CustomCardRegistry.ts,custom-cards-and-library,port-and-adapt,verified,55442d7248b79ca987d70fd3f03e183c5ace641a,5a0c218e0ba1dfe19c091e8d2193e74086961259,Adapted source delta on target; retain custom contracts. See server-port-evidence.md; server regression suite and WP04 save/input/replay checks.
A,,src/server/cards/DataDrivenCard.ts,existing-card-interactions-and-rendering,port-and-adapt,verified,83c0eab78a225306706b962a3ea1ba419c762a36,b3dc647312538e59520907ea908f9417bcb33e67,Adapted source delta on target; retain custom contracts. See server-port-evidence.md; server regression suite and WP04 save/input/replay checks.
M,,src/server/cards/Deck.ts,existing-card-interactions-and-rendering,port-and-adapt,verified,654d18c017600e1ef161d2765ee06f38e1115b7a,261d4d52c1137ad63ee599bab4564c3c763e4e0f,Adapted source delta on target; retain custom contracts. See server-port-evidence.md; server regression suite and WP04 save/input/replay checks.
M,,src/server/cards/ICard.ts,existing-card-interactions-and-rendering,port-and-adapt,verified,77e8f666fed7e882d4e43893358f1e3db0c960d9,5892fa4c11ee8abb2ed7a85cc99120e52e97b77e,Adapted source delta on target; retain custom contracts. See server-port-evidence.md; server regression suite and WP04 save/input/replay checks.
M,,src/server/cards/IStandardProjectCard.ts,existing-card-interactions-and-rendering,port-and-adapt,verified,667ce7c76b90c4718c071573acccd98e9448fa22,667ce7c76b90c4718c071573acccd98e9448fa22,Exact corrected-source blob; target-wide compilation and relevant module suite apply. See server-port-evidence.md/client-port-evidence.md and WP04 compatibility evidence.
M,,src/server/cards/ModuleManifest.ts,existing-card-interactions-and-rendering,port-and-adapt,verified,420e94b4cf19d2c4f6c4ab5ec9df1525a73e9ad1,420e94b4cf19d2c4f6c4ab5ec9df1525a73e9ad1,Exact corrected-source blob; target-wide compilation and relevant module suite apply. See server-port-evidence.md/client-port-evidence.md and WP04 compatibility evidence.
M,,src/server/cards/PlayedCards.ts,existing-card-interactions-and-rendering,port-and-adapt,verified,06299d228a8e55665c14fe1c22a2e23e639f817f,06299d228a8e55665c14fe1c22a2e23e639f817f,Exact corrected-source blob; target-wide compilation and relevant module suite apply. See server-port-evidence.md/client-port-evidence.md and WP04 compatibility evidence.
M,,src/server/cards/ProxyCard.ts,existing-card-interactions-and-rendering,port-and-adapt,verified,aa00a0a71f3d031cd5e7ca18d19a1ad1da57a94e,aa00a0a71f3d031cd5e7ca18d19a1ad1da57a94e,Exact corrected-source blob; target-wide compilation and relevant module suite apply. See server-port-evidence.md/client-port-evidence.md and WP04 compatibility evidence.
M,,src/server/cards/StandardProjectCard.ts,existing-card-interactions-and-rendering,port-and-adapt,verified,012703313f978dbcca84881a15025c78a45f5a32,012703313f978dbcca84881a15025c78a45f5a32,Exact corrected-source blob; target-wide compilation and relevant module suite apply. See server-port-evidence.md/client-port-evidence.md and WP04 compatibility evidence.
M,,src/server/cards/base/MiningArea.ts,existing-card-interactions-and-rendering,port-and-adapt,verified,15744f4ce052605195317259d87efca8c2da7a11,15744f4ce052605195317259d87efca8c2da7a11,Exact corrected-source blob; target-wide compilation and relevant module suite apply. See server-port-evidence.md/client-port-evidence.md and WP04 compatibility evidence.
M,,src/server/cards/base/PowerInfrastructure.ts,existing-card-interactions-and-rendering,port-and-adapt,verified,f0351c38ba3a16853e3126be07d70f8dc2710f95,c2414b626724cb4e3a3bd360f89ba85e28c5643c,Adapted source delta on target; retain custom contracts. See server-port-evidence.md; server regression suite and WP04 save/input/replay checks.
M,,src/server/cards/base/standardActions/ConvertHeat.ts,existing-card-interactions-and-rendering,port-and-adapt,verified,874a6e65f212c07ff53f30ac6278e995b8c7fe78,874a6e65f212c07ff53f30ac6278e995b8c7fe78,Exact corrected-source blob; target-wide compilation and relevant module suite apply. See server-port-evidence.md/client-port-evidence.md and WP04 compatibility evidence.
M,,src/server/cards/base/standardActions/ConvertPlants.ts,existing-card-interactions-and-rendering,port-and-adapt,verified,e2c3acc2f7a38ce396eefd8cc8da52c0340b620a,e2c3acc2f7a38ce396eefd8cc8da52c0340b620a,Exact corrected-source blob; target-wide compilation and relevant module suite apply. See server-port-evidence.md/client-port-evidence.md and WP04 compatibility evidence.
M,,src/server/cards/base/standardProjects/CityStandardProject.ts,existing-card-interactions-and-rendering,port-and-adapt,verified,27f7df11638674803c24579b83c7cdbd8724b89f,27f7df11638674803c24579b83c7cdbd8724b89f,Exact corrected-source blob; target-wide compilation and relevant module suite apply. See server-port-evidence.md/client-port-evidence.md and WP04 compatibility evidence.
A,,src/server/cards/betterMars/BetterMarsCardManifest.ts,betterMars,port-and-adapt,verified,a8b025394d851137ad4fe754b6dc98feff394a40,a8b025394d851137ad4fe754b6dc98feff394a40,Exact corrected-source blob; target-wide compilation and relevant module suite apply. See server-port-evidence.md/client-port-evidence.md and WP04 compatibility evidence.
A,,src/server/cards/betterMars/EarlySettlementBetterMars.ts,betterMars,port-and-adapt,verified,d7a14f61287e7324c4423fb762e3a1553a652581,d7a14f61287e7324c4423fb762e3a1553a652581,Exact corrected-source blob; target-wide compilation and relevant module suite apply. See server-port-evidence.md/client-port-evidence.md and WP04 compatibility evidence.
A,,src/server/cards/betterMars/EosChasmaNationalParkBetterMars.ts,betterMars,port-and-adapt,verified,f0b45b782bb55ef225c5c3c98001690cc60d357f,f0b45b782bb55ef225c5c3c98001690cc60d357f,Exact corrected-source blob; target-wide compilation and relevant module suite apply. See server-port-evidence.md/client-port-evidence.md and WP04 compatibility evidence.
A,,src/server/cards/betterMars/ImmigrationShuttlesBetterMars.ts,betterMars,port-and-adapt,verified,1d28d5167be2c7433987846b267fa24edf97227f,1d28d5167be2c7433987846b267fa24edf97227f,Exact corrected-source blob; target-wide compilation and relevant module suite apply. See server-port-evidence.md/client-port-evidence.md and WP04 compatibility evidence.
A,,src/server/cards/betterMars/LunaGovernorBetterMars.ts,betterMars,port-and-adapt,verified,9cc5730d880db85279a0dfb28a6f532585c2ffed,9cc5730d880db85279a0dfb28a6f532585c2ffed,Exact corrected-source blob; target-wide compilation and relevant module suite apply. See server-port-evidence.md/client-port-evidence.md and WP04 compatibility evidence.
A,,src/server/cards/betterMars/LunaMetropolisBetterMars.ts,betterMars,port-and-adapt,verified,ada0dc3afacd0bd5e3bfab79c050c803634b735c,ada0dc3afacd0bd5e3bfab79c050c803634b735c,Exact corrected-source blob; target-wide compilation and relevant module suite apply. See server-port-evidence.md/client-port-evidence.md and WP04 compatibility evidence.
A,,src/server/cards/betterMars/LunarBeamBetterMars.ts,betterMars,port-and-adapt,verified,75f95dc96943670a3a701e35ca18097ff0e0b16e,75f95dc96943670a3a701e35ca18097ff0e0b16e,Exact corrected-source blob; target-wide compilation and relevant module suite apply. See server-port-evidence.md/client-port-evidence.md and WP04 compatibility evidence.
A,,src/server/cards/betterMars/LunarExportsBetterMars.ts,betterMars,port-and-adapt,verified,de0fda27deb335e002109d1d43cf80c7e4f95429,de0fda27deb335e002109d1d43cf80c7e4f95429,Exact corrected-source blob; target-wide compilation and relevant module suite apply. See server-port-evidence.md/client-port-evidence.md and WP04 compatibility evidence.
A,,src/server/cards/betterMars/LunarMiningBetterMars.ts,betterMars,port-and-adapt,verified,10f7252485c7174b08f464ef2d52bfaa34daf145,10f7252485c7174b08f464ef2d52bfaa34daf145,Exact corrected-source blob; target-wide compilation and relevant module suite apply. See server-port-evidence.md/client-port-evidence.md and WP04 compatibility evidence.
A,,src/server/cards/betterMars/MarsUniversityBetterMars.ts,betterMars,port-and-adapt,verified,fc9fc35852e794565cd3f64d14697d5e13c51da5,fc9fc35852e794565cd3f64d14697d5e13c51da5,Exact corrected-source blob; target-wide compilation and relevant module suite apply. See server-port-evidence.md/client-port-evidence.md and WP04 compatibility evidence.
A,,src/server/cards/betterMars/MartianMediaCenterBetterMars.ts,betterMars,port-and-adapt,verified,d8d56eac36ac7e1bdafe960180cd913c77465d3b,d8d56eac36ac7e1bdafe960180cd913c77465d3b,Exact corrected-source blob; target-wide compilation and relevant module suite apply. See server-port-evidence.md/client-port-evidence.md and WP04 compatibility evidence.
A,,src/server/cards/betterMars/MartianRailsBetterMars.ts,betterMars,port-and-adapt,verified,1519bef597f7a711456a01f4e02fe0b9ba6db6e4,1519bef597f7a711456a01f4e02fe0b9ba6db6e4,Exact corrected-source blob; target-wide compilation and relevant module suite apply. See server-port-evidence.md/client-port-evidence.md and WP04 compatibility evidence.
A,,src/server/cards/betterMars/MeatIndustryBetterMars.ts,betterMars,port-and-adapt,verified,8c18b5bf313880190a33d068db64e4b183ca042a,8c18b5bf313880190a33d068db64e4b183ca042a,Exact corrected-source blob; target-wide compilation and relevant module suite apply. See server-port-evidence.md/client-port-evidence.md and WP04 compatibility evidence.
A,,src/server/cards/betterMars/NoctisCityBetterMars.ts,betterMars,port-and-adapt,verified,97095b374fbb6bb114b3f928ad5493548854c55b,97095b374fbb6bb114b3f928ad5493548854c55b,Exact corrected-source blob; target-wide compilation and relevant module suite apply. See server-port-evidence.md/client-port-evidence.md and WP04 compatibility evidence.
A,,src/server/cards/betterMars/NoctisFarmingBetterMars.ts,betterMars,port-and-adapt,verified,442ec6b22327451e39576f20aefd50de0a0da1de,442ec6b22327451e39576f20aefd50de0a0da1de,Exact corrected-source blob; target-wide compilation and relevant module suite apply. See server-port-evidence.md/client-port-evidence.md and WP04 compatibility evidence.
A,,src/server/cards/betterMars/PristarBetterMars.ts,betterMars,port-and-adapt,verified,6b99ac0d7363593c657762ff278949b0da1a9b6d,6b99ac0d7363593c657762ff278949b0da1a9b6d,Exact corrected-source blob; target-wide compilation and relevant module suite apply. See server-port-evidence.md/client-port-evidence.md and WP04 compatibility evidence.
A,,src/server/cards/betterMars/ProtectedHabitatsBetterMars.ts,betterMars,port-and-adapt,verified,78d4fc6c595b9ee90b9c173ce4b9d19578cc1f4a,78d4fc6c595b9ee90b9c173ce4b9d19578cc1f4a,Exact corrected-source blob; target-wide compilation and relevant module suite apply. See server-port-evidence.md/client-port-evidence.md and WP04 compatibility evidence.
A,,src/server/cards/betterMars/ProtectedValleyBetterMars.ts,betterMars,port-and-adapt,verified,c84c7ec540a8e45220e8754196f30d6ac968fd09,c84c7ec540a8e45220e8754196f30d6ac968fd09,Exact corrected-source blob; target-wide compilation and relevant module suite apply. See server-port-evidence.md/client-port-evidence.md and WP04 compatibility evidence.
A,,src/server/cards/betterMars/SelfSufficientSettlementBetterMars.ts,betterMars,port-and-adapt,verified,6c1c13a471d9e772a442c392089483cfb6c2a088,6c1c13a471d9e772a442c392089483cfb6c2a088,Exact corrected-source blob; target-wide compilation and relevant module suite apply. See server-port-evidence.md/client-port-evidence.md and WP04 compatibility evidence.
A,,src/server/cards/betterMars/TropicalResortBetterMars.ts,betterMars,port-and-adapt,verified,fc76dc57e48cd9307e0be3be2088809feb675621,fc76dc57e48cd9307e0be3be2088809feb675621,Exact corrected-source blob; target-wide compilation and relevant module suite apply. See server-port-evidence.md/client-port-evidence.md and WP04 compatibility evidence.
M,,src/server/cards/colonies/Arklight.ts,existing-card-interactions-and-rendering,port-and-adapt,verified,696f5ef9d2204bb54c03e8fe1d5fcc1687959913,696f5ef9d2204bb54c03e8fe1d5fcc1687959913,Exact corrected-source blob; target-wide compilation and relevant module suite apply. See server-port-evidence.md/client-port-evidence.md and WP04 compatibility evidence.
M,,src/server/cards/colonies/StormCraftIncorporated.ts,existing-card-interactions-and-rendering,port-and-adapt,verified,50610e086722102ef655061a3c35eb01ebf86e82,76a6d32554f8ef28663f6b619508520022fe37d1,Adapted source delta on target; retain custom contracts. See server-port-evidence.md; server regression suite and WP04 save/input/replay checks.
M,,src/server/cards/colonies/UrbanDecomposers.ts,existing-card-interactions-and-rendering,port-and-adapt,verified,21550d45ac43bbd3a4f5609db1267319fe13fa45,21550d45ac43bbd3a4f5609db1267319fe13fa45,Exact corrected-source blob; target-wide compilation and relevant module suite apply. See server-port-evidence.md/client-port-evidence.md and WP04 compatibility evidence.
M,,src/server/cards/community/Aerotech.ts,existing-card-interactions-and-rendering,port-and-adapt,verified,a410197d695a559685011da4594251866db33695,a410197d695a559685011da4594251866db33695,Exact corrected-source blob; target-wide compilation and relevant module suite apply. See server-port-evidence.md/client-port-evidence.md and WP04 compatibility evidence.
M,,src/server/cards/community/Athena.ts,existing-card-interactions-and-rendering,port-and-adapt,verified,ec32489e788432226897c0580ffedbfb90220e78,ec32489e788432226897c0580ffedbfb90220e78,Exact corrected-source blob; target-wide compilation and relevant module suite apply. See server-port-evidence.md/client-port-evidence.md and WP04 compatibility evidence.
M,,src/server/cards/community/CuriosityII.ts,existing-card-interactions-and-rendering,port-and-adapt,verified,dda381ee69e0ac6fc7954586cd45bbfa969bccf1,dda381ee69e0ac6fc7954586cd45bbfa969bccf1,Exact corrected-source blob; target-wide compilation and relevant module suite apply. See server-port-evidence.md/client-port-evidence.md and WP04 compatibility evidence.
M,,src/server/cards/community/Incite.ts,existing-card-interactions-and-rendering,port-and-adapt,verified,7146b5a4f4b92d8a97a18edf8184e64880e67b60,7146b5a4f4b92d8a97a18edf8184e64880e67b60,Exact corrected-source blob; target-wide compilation and relevant module suite apply. See server-port-evidence.md/client-port-evidence.md and WP04 compatibility evidence.
M,,src/server/cards/community/ProjectWorkshop.ts,existing-card-interactions-and-rendering,port-and-adapt,verified,eec1dccd2ac665b46dc1248e04a2d5919ada5c38,eec1dccd2ac665b46dc1248e04a2d5919ada5c38,Exact corrected-source blob; target-wide compilation and relevant module suite apply. See server-port-evidence.md/client-port-evidence.md and WP04 compatibility evidence.
M,,src/server/cards/community/UnitedNationsMissionOne.ts,existing-card-interactions-and-rendering,port-and-adapt,verified,1dc0b126cb8496d3ae0df8cb485fc6a2cb3ad5bf,1dc0b126cb8496d3ae0df8cb485fc6a2cb3ad5bf,Exact corrected-source blob; target-wide compilation and relevant module suite apply. See server-port-evidence.md/client-port-evidence.md and WP04 compatibility evidence.
A,,src/server/cards/conglomerates/ConglomeratesCardManifest.ts,conglomerates,port-and-adapt,verified,774c650d152a1e85a6f3c27a87fa17615e42375b,774c650d152a1e85a6f3c27a87fa17615e42375b,Exact corrected-source blob; target-wide compilation and relevant module suite apply. See server-port-evidence.md/client-port-evidence.md and WP04 compatibility evidence.
A,,src/server/cards/conglomerates/FullAccessCooperation.ts,conglomerates,port-and-adapt,verified,89e63c565442b8b15375d35cb371733d50ba01c1,89e63c565442b8b15375d35cb371733d50ba01c1,Exact corrected-source blob; target-wide compilation and relevant module suite apply. See server-port-evidence.md/client-port-evidence.md and WP04 compatibility evidence.
A,,src/server/cards/conglomerates/HelpRequest.ts,conglomerates,port-and-adapt,verified,d7a9365892578e2e8d1d861087331b8be37da5c9,d7a9365892578e2e8d1d861087331b8be37da5c9,Exact corrected-source blob; target-wide compilation and relevant module suite apply. See server-port-evidence.md/client-port-evidence.md and WP04 compatibility evidence.
A,,src/server/cards/conglomerates/Selfish.ts,conglomerates,port-and-adapt,verified,aebf6fecf0d962822ae6956ee4f6f82046a0f7ce,aebf6fecf0d962822ae6956ee4f6f82046a0f7ce,Exact corrected-source blob; target-wide compilation and relevant module suite apply. See server-port-evidence.md/client-port-evidence.md and WP04 compatibility evidence.
A,,src/server/cards/conglomerates/teamActions/DonationAction.ts,conglomerates,port-and-adapt,verified,17beaa1b7a560feb9e08648d8d664b90673aa08b,17beaa1b7a560feb9e08648d8d664b90673aa08b,Exact corrected-source blob; target-wide compilation and relevant module suite apply. See server-port-evidence.md/client-port-evidence.md and WP04 compatibility evidence.
A,,src/server/cards/conglomerates/teamActions/FacilitySharing.ts,conglomerates,port-and-adapt,verified,1f6836ca6a97511efb493958a77f892f452a4390,1f6836ca6a97511efb493958a77f892f452a4390,Exact corrected-source blob; target-wide compilation and relevant module suite apply. See server-port-evidence.md/client-port-evidence.md and WP04 compatibility evidence.
A,,src/server/cards/conglomerates/teamActions/GivePatent.ts,conglomerates,port-and-adapt,verified,ee665cece975900fb8ebcb51e97d6e2f4a9ee45a,ee665cece975900fb8ebcb51e97d6e2f4a9ee45a,Exact corrected-source blob; target-wide compilation and relevant module suite apply. See server-port-evidence.md/client-port-evidence.md and WP04 compatibility evidence.
A,,src/server/cards/corporatebetterments/AdvancedSchools.ts,corporatebetterments,port-and-adapt,verified,e040d48210c333561b743fc00a051e791e708ed5,e040d48210c333561b743fc00a051e791e708ed5,Exact corrected-source blob; target-wide compilation and relevant module suite apply. See server-port-evidence.md/client-port-evidence.md and WP04 compatibility evidence.
A,,src/server/cards/corporatebetterments/AitkenDrillingOperations.ts,corporatebetterments,port-and-adapt,verified,3d018dfe9f47c056ff936d871e8415549bb11efe,3d018dfe9f47c056ff936d871e8415549bb11efe,Exact corrected-source blob; target-wide compilation and relevant module suite apply. See server-port-evidence.md/client-port-evidence.md and WP04 compatibility evidence.
A,,src/server/cards/corporatebetterments/ArchitecturalContracts.ts,corporatebetterments,port-and-adapt,verified,e02df1f65b3ab131f4ae476bd3adce5c8cf0cd3a,e02df1f65b3ab131f4ae476bd3adce5c8cf0cd3a,Exact corrected-source blob; target-wide compilation and relevant module suite apply. See server-port-evidence.md/client-port-evidence.md and WP04 compatibility evidence.
A,,src/server/cards/corporatebetterments/AssistedGrowthPlants.ts,corporatebetterments,port-and-adapt,verified,95d0789f3c64a0139c3868962cb405a2be7ff280,95d0789f3c64a0139c3868962cb405a2be7ff280,Exact corrected-source blob; target-wide compilation and relevant module suite apply. See server-port-evidence.md/client-port-evidence.md and WP04 compatibility evidence.
A,,src/server/cards/corporatebetterments/AsteroidFragmentation.ts,corporatebetterments,port-and-adapt,verified,d18e265182384d87311d5037d38d92a50a84c86a,d18e265182384d87311d5037d38d92a50a84c86a,Exact corrected-source blob; target-wide compilation and relevant module suite apply. See server-port-evidence.md/client-port-evidence.md and WP04 compatibility evidence.
A,,src/server/cards/corporatebetterments/BaseOnTitan.ts,corporatebetterments,port-and-adapt,verified,18b330a457a8df54663f25268fdfdf20ae9d77a2,18b330a457a8df54663f25268fdfdf20ae9d77a2,Exact corrected-source blob; target-wide compilation and relevant module suite apply. See server-port-evidence.md/client-port-evidence.md and WP04 compatibility evidence.
A,,src/server/cards/corporatebetterments/BiomassReactor.ts,corporatebetterments,port-and-adapt,verified,e3d322d37fdf8f8955d6e060f2d12fe71b854fc6,e3d322d37fdf8f8955d6e060f2d12fe71b854fc6,Exact corrected-source blob; target-wide compilation and relevant module suite apply. See server-port-evidence.md/client-port-evidence.md and WP04 compatibility evidence.
A,,src/server/cards/corporatebetterments/CompanyCartel.ts,corporatebetterments,port-and-adapt,verified,81138abc44bfaf0fc28663eb102cb5c709ffc297,81138abc44bfaf0fc28663eb102cb5c709ffc297,Exact corrected-source blob; target-wide compilation and relevant module suite apply. See server-port-evidence.md/client-port-evidence.md and WP04 compatibility evidence.
A,,src/server/cards/corporatebetterments/CompanyIncentives.ts,corporatebetterments,port-and-adapt,verified,807cddcfe9009c2445ec51e55b4cc5a68029e7b1,807cddcfe9009c2445ec51e55b4cc5a68029e7b1,Exact corrected-source blob; target-wide compilation and relevant module suite apply. See server-port-evidence.md/client-port-evidence.md and WP04 compatibility evidence.
A,,src/server/cards/corporatebetterments/CompanyMerger.ts,corporatebetterments,port-and-adapt,verified,a511b75f624bbc7f9816386d3e8ebf8b3bd87d21,a511b75f624bbc7f9816386d3e8ebf8b3bd87d21,Exact corrected-source blob; target-wide compilation and relevant module suite apply. See server-port-evidence.md/client-port-evidence.md and WP04 compatibility evidence.
A,,src/server/cards/corporatebetterments/CompanyRestructuring.ts,corporatebetterments,port-and-adapt,verified,a9ea939b36ef3a8f4ab7f57400d1d05761ce80e1,a9ea939b36ef3a8f4ab7f57400d1d05761ce80e1,Exact corrected-source blob; target-wide compilation and relevant module suite apply. See server-port-evidence.md/client-port-evidence.md and WP04 compatibility evidence.
A,,src/server/cards/corporatebetterments/CorporateBettermentsCardManifest.ts,corporatebetterments,port-and-adapt,verified,7d90e269c6927a24aec77cd2f157ccd42dd8dee4,7d90e269c6927a24aec77cd2f157ccd42dd8dee4,Exact corrected-source blob; target-wide compilation and relevant module suite apply. See server-port-evidence.md/client-port-evidence.md and WP04 compatibility evidence.
A,,src/server/cards/corporatebetterments/EnergeticInfrastructures.ts,corporatebetterments,port-and-adapt,verified,570351ad0c5114add5ad698fa41698476c9989e0,570351ad0c5114add5ad698fa41698476c9989e0,Exact corrected-source blob; target-wide compilation and relevant module suite apply. See server-port-evidence.md/client-port-evidence.md and WP04 compatibility evidence.
A,,src/server/cards/corporatebetterments/ExcessWater.ts,corporatebetterments,port-and-adapt,verified,d0d429750dfedc4c2ccff0d44ddb042d805a17fd,d0d429750dfedc4c2ccff0d44ddb042d805a17fd,Exact corrected-source blob; target-wide compilation and relevant module suite apply. See server-port-evidence.md/client-port-evidence.md and WP04 compatibility evidence.
A,,src/server/cards/corporatebetterments/FamilyAdvertising.ts,corporatebetterments,port-and-adapt,verified,0961797c4be7267f640c1ac8b438089a9ffac58e,0961797c4be7267f640c1ac8b438089a9ffac58e,Exact corrected-source blob; target-wide compilation and relevant module suite apply. See server-port-evidence.md/client-port-evidence.md and WP04 compatibility evidence.
A,,src/server/cards/corporatebetterments/FuturisticCentre.ts,corporatebetterments,port-and-adapt,verified,4fbc625219fef53296c6796f6cc3ba7ea1df273d,4fbc625219fef53296c6796f6cc3ba7ea1df273d,Exact corrected-source blob; target-wide compilation and relevant module suite apply. See server-port-evidence.md/client-port-evidence.md and WP04 compatibility evidence.
A,,src/server/cards/corporatebetterments/GreatOceanLaboratory.ts,corporatebetterments,port-and-adapt,verified,997c501813b1cf9daa3426de4208add68f53cdbf,997c501813b1cf9daa3426de4208add68f53cdbf,Exact corrected-source blob; target-wide compilation and relevant module suite apply. See server-port-evidence.md/client-port-evidence.md and WP04 compatibility evidence.
A,,src/server/cards/corporatebetterments/GreenAreasIntegration.ts,corporatebetterments,port-and-adapt,verified,423401d3ebd9ad6ea6f055af8a2c6c501cfa263b,423401d3ebd9ad6ea6f055af8a2c6c501cfa263b,Exact corrected-source blob; target-wide compilation and relevant module suite apply. See server-port-evidence.md/client-port-evidence.md and WP04 compatibility evidence.
A,,src/server/cards/corporatebetterments/GreeneryEmbellishment.ts,corporatebetterments,port-and-adapt,verified,f371903dc1c9ed07777c98622a8474e7559b5003,f371903dc1c9ed07777c98622a8474e7559b5003,Exact corrected-source blob; target-wide compilation and relevant module suite apply. See server-port-evidence.md/client-port-evidence.md and WP04 compatibility evidence.
A,,src/server/cards/corporatebetterments/IngegneriSpaziali.ts,corporatebetterments,port-and-adapt,verified,ea79b966eca181bb6187e1b2ccd72af70db32625,ea79b966eca181bb6187e1b2ccd72af70db32625,Exact corrected-source blob; target-wide compilation and relevant module suite apply. See server-port-evidence.md/client-port-evidence.md and WP04 compatibility evidence.
A,,src/server/cards/corporatebetterments/InterplanetaryAdvertisingNetwork.ts,corporatebetterments,port-and-adapt,verified,e7b0145fdcb5344ec48ed9c1d2e1b6af2487a220,e7b0145fdcb5344ec48ed9c1d2e1b6af2487a220,Exact corrected-source blob; target-wide compilation and relevant module suite apply. See server-port-evidence.md/client-port-evidence.md and WP04 compatibility evidence.
A,,src/server/cards/corporatebetterments/IoThermalization.ts,corporatebetterments,port-and-adapt,verified,71c9138e107aa0b3f675b26509b0d0e3f4a272db,71c9138e107aa0b3f675b26509b0d0e3f4a272db,Exact corrected-source blob; target-wide compilation and relevant module suite apply. See server-port-evidence.md/client-port-evidence.md and WP04 compatibility evidence.
A,,src/server/cards/corporatebetterments/JointVenture.ts,corporatebetterments,port-and-adapt,verified,f3560f00c687fac21f1f9d8ae0ff364e909617f6,f3560f00c687fac21f1f9d8ae0ff364e909617f6,Exact corrected-source blob; target-wide compilation and relevant module suite apply. See server-port-evidence.md/client-port-evidence.md and WP04 compatibility evidence.
A,,src/server/cards/corporatebetterments/JovianBeltMiningOperations.ts,corporatebetterments,port-and-adapt,verified,a2c9dca27cf87f5657c1a9a5ae5c6598225bef02,a2c9dca27cf87f5657c1a9a5ae5c6598225bef02,Exact corrected-source blob; target-wide compilation and relevant module suite apply. See server-port-evidence.md/client-port-evidence.md and WP04 compatibility evidence.
A,,src/server/cards/corporatebetterments/LunarMantleExcavation.ts,corporatebetterments,port-and-adapt,verified,33a478ecdbbf00d0c5219b3592ec16ec3973f002,3a83beb729763460ab2b453ea1635291e4c3fac9,Adapted source delta on target; retain custom contracts. See server-port-evidence.md; server regression suite and WP04 save/input/replay checks.
A,,src/server/cards/corporatebetterments/MarketManipulationCb.ts,corporatebetterments,port-and-adapt,verified,229acffb50780952f3856138a55f46e682a66a7e,229acffb50780952f3856138a55f46e682a66a7e,Exact corrected-source blob; target-wide compilation and relevant module suite apply. See server-port-evidence.md/client-port-evidence.md and WP04 compatibility evidence.
A,,src/server/cards/corporatebetterments/MartianHotels.ts,corporatebetterments,port-and-adapt,verified,6168a46638a2b53622339c5370b8adc610bb7cf3,6168a46638a2b53622339c5370b8adc610bb7cf3,Exact corrected-source blob; target-wide compilation and relevant module suite apply. See server-port-evidence.md/client-port-evidence.md and WP04 compatibility evidence.
A,,src/server/cards/corporatebetterments/MartianLizards.ts,corporatebetterments,port-and-adapt,verified,fd56a2c0f02845c6b78ade5e1500bef9e83cf200,fd56a2c0f02845c6b78ade5e1500bef9e83cf200,Exact corrected-source blob; target-wide compilation and relevant module suite apply. See server-port-evidence.md/client-port-evidence.md and WP04 compatibility evidence.
A,,src/server/cards/corporatebetterments/MartianSafari.ts,corporatebetterments,port-and-adapt,verified,eadaed369ea6be2563e61ceae31b9f8466075427,eadaed369ea6be2563e61ceae31b9f8466075427,Exact corrected-source blob; target-wide compilation and relevant module suite apply. See server-port-evidence.md/client-port-evidence.md and WP04 compatibility evidence.
A,,src/server/cards/corporatebetterments/MartianSamples.ts,corporatebetterments,port-and-adapt,verified,528ad422ad7e48694c359cb8265f1e80712d54fe,528ad422ad7e48694c359cb8265f1e80712d54fe,Exact corrected-source blob; target-wide compilation and relevant module suite apply. See server-port-evidence.md/client-port-evidence.md and WP04 compatibility evidence.
A,,src/server/cards/corporatebetterments/MassUrbanization.ts,corporatebetterments,port-and-adapt,verified,9cf9224565da8452add779f071065d423c703a7e,9cf9224565da8452add779f071065d423c703a7e,Exact corrected-source blob; target-wide compilation and relevant module suite apply. See server-port-evidence.md/client-port-evidence.md and WP04 compatibility evidence.
A,,src/server/cards/corporatebetterments/MicrobeColtures.ts,corporatebetterments,port-and-adapt,verified,1ee06021b64eea7533b92d193d5ea05efcd695b1,1ee06021b64eea7533b92d193d5ea05efcd695b1,Exact corrected-source blob; target-wide compilation and relevant module suite apply. See server-port-evidence.md/client-port-evidence.md and WP04 compatibility evidence.
A,,src/server/cards/corporatebetterments/MonopolyBreakup.ts,corporatebetterments,port-and-adapt,verified,4414e9ec7d6c8c3d1d445c78596fba4f76d7256a,4414e9ec7d6c8c3d1d445c78596fba4f76d7256a,Exact corrected-source blob; target-wide compilation and relevant module suite apply. See server-port-evidence.md/client-port-evidence.md and WP04 compatibility evidence.
A,,src/server/cards/corporatebetterments/NukeAnAsteroid.ts,corporatebetterments,port-and-adapt,verified,14ee19b54667da5292131388911af790d0533bbe,14ee19b54667da5292131388911af790d0533bbe,Exact corrected-source blob; target-wide compilation and relevant module suite apply. See server-port-evidence.md/client-port-evidence.md and WP04 compatibility evidence.
A,,src/server/cards/corporatebetterments/Photoreflectors.ts,corporatebetterments,port-and-adapt,verified,73d915ef99e0c758190b47f8759d1f377d76e9cf,73d915ef99e0c758190b47f8759d1f377d76e9cf,Exact corrected-source blob; target-wide compilation and relevant module suite apply. See server-port-evidence.md/client-port-evidence.md and WP04 compatibility evidence.
A,,src/server/cards/corporatebetterments/Pipes.ts,corporatebetterments,port-and-adapt,verified,577d6fa468344017784f188cf107d4ac54d86b98,577d6fa468344017784f188cf107d4ac54d86b98,Exact corrected-source blob; target-wide compilation and relevant module suite apply. See server-port-evidence.md/client-port-evidence.md and WP04 compatibility evidence.
A,,src/server/cards/corporatebetterments/RooftopGardens.ts,corporatebetterments,port-and-adapt,verified,0c33265ad2c8e19657d5e61a82bd262af9103657,0c33265ad2c8e19657d5e61a82bd262af9103657,Exact corrected-source blob; target-wide compilation and relevant module suite apply. See server-port-evidence.md/client-port-evidence.md and WP04 compatibility evidence.
A,,src/server/cards/corporatebetterments/SeabedExtraction.ts,corporatebetterments,port-and-adapt,verified,88ff34f10b81d872403da4877776820a29192769,88ff34f10b81d872403da4877776820a29192769,Exact corrected-source blob; target-wide compilation and relevant module suite apply. See server-port-evidence.md/client-port-evidence.md and WP04 compatibility evidence.
A,,src/server/cards/corporatebetterments/SeedSharing.ts,corporatebetterments,port-and-adapt,verified,7903a776c7267159683ab4e5f07fcc96596dad21,7903a776c7267159683ab4e5f07fcc96596dad21,Exact corrected-source blob; target-wide compilation and relevant module suite apply. See server-port-evidence.md/client-port-evidence.md and WP04 compatibility evidence.
A,,src/server/cards/corporatebetterments/SlowGrowthPlantation.ts,corporatebetterments,port-and-adapt,verified,5d66ab3ec844e7ee0620759e488934b8521261cc,5d66ab3ec844e7ee0620759e488934b8521261cc,Exact corrected-source blob; target-wide compilation and relevant module suite apply. See server-port-evidence.md/client-port-evidence.md and WP04 compatibility evidence.
A,,src/server/cards/corporatebetterments/SmugglingOperations.ts,corporatebetterments,port-and-adapt,verified,2d89f4539c8a24894c64554e47d91a92ce96bc5f,2d89f4539c8a24894c64554e47d91a92ce96bc5f,Exact corrected-source blob; target-wide compilation and relevant module suite apply. See server-port-evidence.md/client-port-evidence.md and WP04 compatibility evidence.
A,,src/server/cards/corporatebetterments/TwinPlanetCommerceNetwork.ts,corporatebetterments,port-and-adapt,verified,c0795343d838d5fc0417f6909c0b7373bd82c1e4,c0795343d838d5fc0417f6909c0b7373bd82c1e4,Exact corrected-source blob; target-wide compilation and relevant module suite apply. See server-port-evidence.md/client-port-evidence.md and WP04 compatibility evidence.
A,,src/server/cards/corporatebetterments/UnderwaterOutpost.ts,corporatebetterments,port-and-adapt,verified,cc19a5fd8b72757b13be5d5df9eb6e709857df6a,cc19a5fd8b72757b13be5d5df9eb6e709857df6a,Exact corrected-source blob; target-wide compilation and relevant module suite apply. See server-port-evidence.md/client-port-evidence.md and WP04 compatibility evidence.
A,,src/server/cards/corporatebetterments/UrbanPlanningStrategies.ts,corporatebetterments,port-and-adapt,verified,613b2985c81bdea999e230134bcee7c4716a1326,613b2985c81bdea999e230134bcee7c4716a1326,Exact corrected-source blob; target-wide compilation and relevant module suite apply. See server-port-evidence.md/client-port-evidence.md and WP04 compatibility evidence.
A,,src/server/cards/corporatebetterments/VenusEarthPartnership.ts,corporatebetterments,port-and-adapt,verified,87247e45751b87708967e380307c3d49fa40c5a2,87247e45751b87708967e380307c3d49fa40c5a2,Exact corrected-source blob; target-wide compilation and relevant module suite apply. See server-port-evidence.md/client-port-evidence.md and WP04 compatibility evidence.
A,,src/server/cards/corporatebetterments/VenusianCollaboration.ts,corporatebetterments,port-and-adapt,verified,c8741e130f4079225a772858762a744a7f62b2c2,c8741e130f4079225a772858762a744a7f62b2c2,Exact corrected-source blob; target-wide compilation and relevant module suite apply. See server-port-evidence.md/client-port-evidence.md and WP04 compatibility evidence.
A,,src/server/cards/corporatebetterments/VenusianEcology.ts,corporatebetterments,port-and-adapt,verified,c9a323920399d561a7f8dff633aa9054e23d6146,c9a323920399d561a7f8dff633aa9054e23d6146,Exact corrected-source blob; target-wide compilation and relevant module suite apply. See server-port-evidence.md/client-port-evidence.md and WP04 compatibility evidence.
A,,src/server/cards/corporatebetterments/VenusianFluctuatingPlants.ts,corporatebetterments,port-and-adapt,verified,e537e93101a5f9d2766336304f70bbf47f878d5b,e537e93101a5f9d2766336304f70bbf47f878d5b,Exact corrected-source blob; target-wide compilation and relevant module suite apply. See server-port-evidence.md/client-port-evidence.md and WP04 compatibility evidence.
A,,src/server/cards/corporatebetterments/VenusianHeatExchangers.ts,corporatebetterments,port-and-adapt,verified,4d920413a73810bf54e74b8f4228378e42e6c6a3,4d920413a73810bf54e74b8f4228378e42e6c6a3,Exact corrected-source blob; target-wide compilation and relevant module suite apply. See server-port-evidence.md/client-port-evidence.md and WP04 compatibility evidence.
A,,src/server/cards/corporatebetterments/VenusianTransports.ts,corporatebetterments,port-and-adapt,verified,576d10471e10fe1d51f0c732f0b66c4c825e8e2f,576d10471e10fe1d51f0c732f0b66c4c825e8e2f,Exact corrected-source blob; target-wide compilation and relevant module suite apply. See server-port-evidence.md/client-port-evidence.md and WP04 compatibility evidence.
A,,src/server/cards/corporatebetterments/WeatherControlCB.ts,corporatebetterments,port-and-adapt,verified,73000af13c0d14863302dffb01b312a970667869,73000af13c0d14863302dffb01b312a970667869,Exact corrected-source blob; target-wide compilation and relevant module suite apply. See server-port-evidence.md/client-port-evidence.md and WP04 compatibility evidence.
A,,src/server/cards/corporatebetterments/WildBoars.ts,corporatebetterments,port-and-adapt,verified,d1a2b41addbe382f19ce8ad3a76ee46ae5d4e7f0,d1a2b41addbe382f19ce8ad3a76ee46ae5d4e7f0,Exact corrected-source blob; target-wide compilation and relevant module suite apply. See server-port-evidence.md/client-port-evidence.md and WP04 compatibility evidence.
A,,src/server/cards/delta/CorporateEspionage.ts,existing-card-interactions-and-rendering,port-and-adapt,verified,c7b306365de901cd772f7bf41fc28bc7a94b1132,c7b306365de901cd772f7bf41fc28bc7a94b1132,Exact corrected-source blob; target-wide compilation and relevant module suite apply. See server-port-evidence.md/client-port-evidence.md and WP04 compatibility evidence.
M,,src/server/cards/delta/DeltaProject.ts,existing-card-interactions-and-rendering,port-and-adapt,verified,c475aec81964ba1c3588e9fbca9831fb5fd83894,c475aec81964ba1c3588e9fbca9831fb5fd83894,Exact corrected-source blob; target-wide compilation and relevant module suite apply. See server-port-evidence.md/client-port-evidence.md and WP04 compatibility evidence.
M,,src/server/cards/delta/DeltaProjectCardManifest.ts,existing-card-interactions-and-rendering,port-and-adapt,verified,3db1107918bca2968764e8cb6b6a604800df891b,3db1107918bca2968764e8cb6b6a604800df891b,Exact corrected-source blob; target-wide compilation and relevant module suite apply. See server-port-evidence.md/client-port-evidence.md and WP04 compatibility evidence.
A,,src/server/cards/delta/DeltaSurge.ts,existing-card-interactions-and-rendering,port-and-adapt,verified,5900892cf05a6475542e8e9de510cc22317fae4f,5900892cf05a6475542e8e9de510cc22317fae4f,Exact corrected-source blob; target-wide compilation and relevant module suite apply. See server-port-evidence.md/client-port-evidence.md and WP04 compatibility evidence.
A,,src/server/cards/delta/DeltaWorks.ts,existing-card-interactions-and-rendering,port-and-adapt,verified,31796881cf567bece9ce3f418319129c7e8e02a9,31796881cf567bece9ce3f418319129c7e8e02a9,Exact corrected-source blob; target-wide compilation and relevant module suite apply. See server-port-evidence.md/client-port-evidence.md and WP04 compatibility evidence.
A,,src/server/cards/delta/DevelopmentManager.ts,existing-card-interactions-and-rendering,port-and-adapt,verified,b7c4dcc6e8c70da5d4c4e9d95e41fd4c689f92c7,b7c4dcc6e8c70da5d4c4e9d95e41fd4c689f92c7,Exact corrected-source blob; target-wide compilation and relevant module suite apply. See server-port-evidence.md/client-port-evidence.md and WP04 compatibility evidence.
A,,src/server/cards/delta/DutchMountains.ts,existing-card-interactions-and-rendering,port-and-adapt,verified,dad394ab0fc5ea44e09c9d716ace2a7ec04dcb69,7bca70b86619f11cdfbd8b831be45d748beb81dd,Adapted source delta on target; retain custom contracts. See server-port-evidence.md; server regression suite and WP04 save/input/replay checks.
A,,src/server/cards/delta/DynamicOceanBarrier.ts,existing-card-interactions-and-rendering,port-and-adapt,verified,5961a1f11d805eba14d0fa7778ec98649db8281a,ed6a70e2f278e7f05d23997e230f1e11322cd074,Adapted source delta on target; retain custom contracts. See server-port-evidence.md; server regression suite and WP04 save/input/replay checks.
A,,src/server/cards/delta/LittleDutchBoy.ts,existing-card-interactions-and-rendering,port-and-adapt,verified,3d39f9b3de69c27fc80088540adb2ff808aaae4c,3d39f9b3de69c27fc80088540adb2ff808aaae4c,Exact corrected-source blob; target-wide compilation and relevant module suite apply. See server-port-evidence.md/client-port-evidence.md and WP04 compatibility evidence.
A,,src/server/cards/delta/QuantumResearch.ts,existing-card-interactions-and-rendering,port-and-adapt,verified,caab5a1b4c98e3397c3fa42602d547e18f886a68,caab5a1b4c98e3397c3fa42602d547e18f886a68,Exact corrected-source blob; target-wide compilation and relevant module suite apply. See server-port-evidence.md/client-port-evidence.md and WP04 compatibility evidence.
A,,src/server/cards/delta/SocialHeating.ts,existing-card-interactions-and-rendering,port-and-adapt,verified,7612bae5635099fe93b9bb438c15d0c548da43c9,7612bae5635099fe93b9bb438c15d0c548da43c9,Exact corrected-source blob; target-wide compilation and relevant module suite apply. See server-port-evidence.md/client-port-evidence.md and WP04 compatibility evidence.
A,,src/server/cards/delta/StormSurgeBarrier.ts,existing-card-interactions-and-rendering,port-and-adapt,verified,1790b649288e0e2468932cc63060d2d7fc167acb,e561ebf3adb2ea7cff03eb5af9d5234084bd7a6b,Adapted source delta on target; retain custom contracts. See server-port-evidence.md; server regression suite and WP04 save/input/replay checks.
A,,src/server/cards/highOrbit/AsteroidMine.ts,highOrbit,port-and-adapt,verified,bdc357e779caa9f7fa2026c9fadd3c58eb1efd0a,bdc357e779caa9f7fa2026c9fadd3c58eb1efd0a,Exact corrected-source blob; target-wide compilation and relevant module suite apply. See server-port-evidence.md/client-port-evidence.md and WP04 compatibility evidence.
A,,src/server/cards/highOrbit/AutoFactory.ts,highOrbit,port-and-adapt,verified,bb80a98b8c53bdb3bbac0761aefe2dd0d4671a22,bb80a98b8c53bdb3bbac0761aefe2dd0d4671a22,Exact corrected-source blob; target-wide compilation and relevant module suite apply. See server-port-evidence.md/client-port-evidence.md and WP04 compatibility evidence.
A,,src/server/cards/highOrbit/Comsat.ts,highOrbit,port-and-adapt,verified,f180be71dacf7869b234b6d97ec58d04fc14b7b7,f180be71dacf7869b234b6d97ec58d04fc14b7b7,Exact corrected-source blob; target-wide compilation and relevant module suite apply. See server-port-evidence.md/client-port-evidence.md and WP04 compatibility evidence.
A,,src/server/cards/highOrbit/Freighter.ts,highOrbit,port-and-adapt,verified,d3937b5e3b01f239ab52e8f3f44dc833c6175562,d3937b5e3b01f239ab52e8f3f44dc833c6175562,Exact corrected-source blob; target-wide compilation and relevant module suite apply. See server-port-evidence.md/client-port-evidence.md and WP04 compatibility evidence.
A,,src/server/cards/highOrbit/HighOrbitCardManifest.ts,highOrbit,port-and-adapt,verified,9e14000ea9e1f83c44555322c73c664f5264faf1,9e14000ea9e1f83c44555322c73c664f5264faf1,Exact corrected-source blob; target-wide compilation and relevant module suite apply. See server-port-evidence.md/client-port-evidence.md and WP04 compatibility evidence.
A,,src/server/cards/highOrbit/Hydroponics.ts,highOrbit,port-and-adapt,verified,9abb1db84e05d1e21c9f4e312e8f52e283ef98e0,9abb1db84e05d1e21c9f4e312e8f52e283ef98e0,Exact corrected-source blob; target-wide compilation and relevant module suite apply. See server-port-evidence.md/client-port-evidence.md and WP04 compatibility evidence.
A,,src/server/cards/highOrbit/NavigationalBeacon.ts,highOrbit,port-and-adapt,verified,70b53ff6606b771a4ac9e6a48579d0f01d36b5cd,70b53ff6606b771a4ac9e6a48579d0f01d36b5cd,Exact corrected-source blob; target-wide compilation and relevant module suite apply. See server-port-evidence.md/client-port-evidence.md and WP04 compatibility evidence.
A,,src/server/cards/highOrbit/Observatory.ts,highOrbit,port-and-adapt,verified,a7fa43533787b9c5a7fb814dcecfc94562fc9e24,a7fa43533787b9c5a7fb814dcecfc94562fc9e24,Exact corrected-source blob; target-wide compilation and relevant module suite apply. See server-port-evidence.md/client-port-evidence.md and WP04 compatibility evidence.
A,,src/server/cards/highOrbit/OrbitalHeadquarters.ts,highOrbit,port-and-adapt,verified,598d9b5fc29af550f767f7d6ef8c01c20c98acf9,598d9b5fc29af550f767f7d6ef8c01c20c98acf9,Exact corrected-source blob; target-wide compilation and relevant module suite apply. See server-port-evidence.md/client-port-evidence.md and WP04 compatibility evidence.
A,,src/server/cards/highOrbit/OrbitalShipyard.ts,highOrbit,port-and-adapt,verified,f153f615259a7bc17998edab931a1f4a5a214f68,f153f615259a7bc17998edab931a1f4a5a214f68,Exact corrected-source blob; target-wide compilation and relevant module suite apply. See server-port-evidence.md/client-port-evidence.md and WP04 compatibility evidence.
A,,src/server/cards/highOrbit/PlanetaryOutpost.ts,highOrbit,port-and-adapt,verified,0a8bd07f1fec42e907148e6198d2816262eda58d,0a8bd07f1fec42e907148e6198d2816262eda58d,Exact corrected-source blob; target-wide compilation and relevant module suite apply. See server-port-evidence.md/client-port-evidence.md and WP04 compatibility evidence.
A,,src/server/cards/highOrbit/Powersat.ts,highOrbit,port-and-adapt,verified,960b4178ea60a2c5d92711678c4c54dedd9a61eb,960b4178ea60a2c5d92711678c4c54dedd9a61eb,Exact corrected-source blob; target-wide compilation and relevant module suite apply. See server-port-evidence.md/client-port-evidence.md and WP04 compatibility evidence.
A,,src/server/cards/highOrbit/Probe.ts,highOrbit,port-and-adapt,verified,5080cb188766314128c062f9472c4271dff4bc71,5080cb188766314128c062f9472c4271dff4bc71,Exact corrected-source blob; target-wide compilation and relevant module suite apply. See server-port-evidence.md/client-port-evidence.md and WP04 compatibility evidence.
A,,src/server/cards/highOrbit/PropellantDepot.ts,highOrbit,port-and-adapt,verified,5235ee6b5c17f901e16f7ebadc10aa203d138897,5235ee6b5c17f901e16f7ebadc10aa203d138897,Exact corrected-source blob; target-wide compilation and relevant module suite apply. See server-port-evidence.md/client-port-evidence.md and WP04 compatibility evidence.
A,,src/server/cards/highOrbit/SalvageDepot.ts,highOrbit,port-and-adapt,verified,aef3576b673e27b3aa6497e20207ea59f9ada27c,aef3576b673e27b3aa6497e20207ea59f9ada27c,Exact corrected-source blob; target-wide compilation and relevant module suite apply. See server-port-evidence.md/client-port-evidence.md and WP04 compatibility evidence.
A,,src/server/cards/highOrbit/ScienceFacility.ts,highOrbit,port-and-adapt,verified,b669f5fe06fd00d053afd099b3b10220c0891856,6f0dfa2624873a64ed73e7b154f99f30a563f7a9,Adapted source delta on target; retain custom contracts. See server-port-evidence.md; server regression suite and WP04 save/input/replay checks.
A,,src/server/cards/highOrbit/SilverActionCard.ts,highOrbit,port-and-adapt,verified,b8958bfd6d6db6a8b8259e7ccd469802de89c3c9,b8958bfd6d6db6a8b8259e7ccd469802de89c3c9,Exact corrected-source blob; target-wide compilation and relevant module suite apply. See server-port-evidence.md/client-port-evidence.md and WP04 compatibility evidence.
A,,src/server/cards/highOrbit/SilverCard.ts,highOrbit,port-and-adapt,verified,da87a573c21ac648c4bb33b127fcf841379a958a,da87a573c21ac648c4bb33b127fcf841379a958a,Exact corrected-source blob; target-wide compilation and relevant module suite apply. See server-port-evidence.md/client-port-evidence.md and WP04 compatibility evidence.
A,,src/server/cards/highOrbit/SpaceHabitat.ts,highOrbit,port-and-adapt,verified,2bb36f682e9e126bc254bff2000caeb38c51613d,2bb36f682e9e126bc254bff2000caeb38c51613d,Exact corrected-source blob; target-wide compilation and relevant module suite apply. See server-port-evidence.md/client-port-evidence.md and WP04 compatibility evidence.
A,,src/server/cards/highOrbit/SpaceTradingStation.ts,highOrbit,port-and-adapt,verified,99011a52f08308f5c3d260962592cb8d504fdad1,99011a52f08308f5c3d260962592cb8d504fdad1,Exact corrected-source blob; target-wide compilation and relevant module suite apply. See server-port-evidence.md/client-port-evidence.md and WP04 compatibility evidence.
A,,src/server/cards/highOrbit/WeatherSatellite.ts,highOrbit,port-and-adapt,verified,8fe586873f268b39018e78ec2d2d10c67998bc7b,8fe586873f268b39018e78ec2d2d10c67998bc7b,Exact corrected-source blob; target-wide compilation and relevant module suite apply. See server-port-evidence.md/client-port-evidence.md and WP04 compatibility evidence.
A,,src/server/cards/idesofmars/AdministrativeDelay.ts,idesofmars,port-and-adapt,verified,19d922782e97fce0ae4590964b4fcd84ae79debe,19d922782e97fce0ae4590964b4fcd84ae79debe,Exact corrected-source blob; target-wide compilation and relevant module suite apply. See server-port-evidence.md/client-port-evidence.md and WP04 compatibility evidence.
A,,src/server/cards/idesofmars/AirTransportCompany.ts,idesofmars,port-and-adapt,verified,08c0e649473fb8c6a059aa750a15f49797876341,08c0e649473fb8c6a059aa750a15f49797876341,Exact corrected-source blob; target-wide compilation and relevant module suite apply. See server-port-evidence.md/client-port-evidence.md and WP04 compatibility evidence.
A,,src/server/cards/idesofmars/Amphibians.ts,idesofmars,port-and-adapt,verified,31890b8e8507924fa10a6e2942dcdfd6ebb1fa24,31890b8e8507924fa10a6e2942dcdfd6ebb1fa24,Exact corrected-source blob; target-wide compilation and relevant module suite apply. See server-port-evidence.md/client-port-evidence.md and WP04 compatibility evidence.
A,,src/server/cards/idesofmars/AppliedResearch.ts,idesofmars,port-and-adapt,verified,5bd50904c250830cad1300fc3279738eebaf546e,5bd50904c250830cad1300fc3279738eebaf546e,Exact corrected-source blob; target-wide compilation and relevant module suite apply. See server-port-evidence.md/client-port-evidence.md and WP04 compatibility evidence.
A,,src/server/cards/idesofmars/Backstabbing.ts,idesofmars,port-and-adapt,verified,5dba35c462566efc5045552355614161bcfa53f4,5dba35c462566efc5045552355614161bcfa53f4,Exact corrected-source blob; target-wide compilation and relevant module suite apply. See server-port-evidence.md/client-port-evidence.md and WP04 compatibility evidence.
A,,src/server/cards/idesofmars/BioBatteries.ts,idesofmars,port-and-adapt,verified,74a13580a7459bd82d517f90fb450687a52a95c3,74a13580a7459bd82d517f90fb450687a52a95c3,Exact corrected-source blob; target-wide compilation and relevant module suite apply. See server-port-evidence.md/client-port-evidence.md and WP04 compatibility evidence.
A,,src/server/cards/idesofmars/BlueMars.ts,idesofmars,port-and-adapt,verified,a2a7a68e9a65fde87049de65cfc0e03885303d39,a2a7a68e9a65fde87049de65cfc0e03885303d39,Exact corrected-source blob; target-wide compilation and relevant module suite apply. See server-port-evidence.md/client-port-evidence.md and WP04 compatibility evidence.
A,,src/server/cards/idesofmars/BudgetManagement.ts,idesofmars,port-and-adapt,verified,1098778666ea87c452ddc633363342d77a37d7ed,1098778666ea87c452ddc633363342d77a37d7ed,Exact corrected-source blob; target-wide compilation and relevant module suite apply. See server-port-evidence.md/client-port-evidence.md and WP04 compatibility evidence.
A,,src/server/cards/idesofmars/BudgetRestrictions.ts,idesofmars,port-and-adapt,verified,aae0251d10cf7f9b51f638e576dda31ab0495aac,aae0251d10cf7f9b51f638e576dda31ab0495aac,Exact corrected-source blob; target-wide compilation and relevant module suite apply. See server-port-evidence.md/client-port-evidence.md and WP04 compatibility evidence.
A,,src/server/cards/idesofmars/CollaborationCrossCompanies.ts,idesofmars,port-and-adapt,verified,0d93ad15efaa31b06513182ae8d28fb2e24e4008,0d93ad15efaa31b06513182ae8d28fb2e24e4008,Exact corrected-source blob; target-wide compilation and relevant module suite apply. See server-port-evidence.md/client-port-evidence.md and WP04 compatibility evidence.
A,,src/server/cards/idesofmars/ColonyScrapping.ts,idesofmars,port-and-adapt,verified,40477ca777e01d1c450aca7490179d3309dc6fa4,40477ca777e01d1c450aca7490179d3309dc6fa4,Exact corrected-source blob; target-wide compilation and relevant module suite apply. See server-port-evidence.md/client-port-evidence.md and WP04 compatibility evidence.
A,,src/server/cards/idesofmars/Copyleft.ts,idesofmars,port-and-adapt,verified,be86d2b340d0007a0ce23f1c03cf69fbe035cd90,be86d2b340d0007a0ce23f1c03cf69fbe035cd90,Exact corrected-source blob; target-wide compilation and relevant module suite apply. See server-port-evidence.md/client-port-evidence.md and WP04 compatibility evidence.
A,,src/server/cards/idesofmars/CorporateAcquisition.ts,idesofmars,port-and-adapt,verified,62dc6aa22ee71154ee5fc7c3b96b056176a9f5a3,62dc6aa22ee71154ee5fc7c3b96b056176a9f5a3,Exact corrected-source blob; target-wide compilation and relevant module suite apply. See server-port-evidence.md/client-port-evidence.md and WP04 compatibility evidence.
A,,src/server/cards/idesofmars/DarkVegetation.ts,idesofmars,port-and-adapt,verified,5fe1d3e029259aabfec74f22b59eed7790f23fb7,5fe1d3e029259aabfec74f22b59eed7790f23fb7,Exact corrected-source blob; target-wide compilation and relevant module suite apply. See server-port-evidence.md/client-port-evidence.md and WP04 compatibility evidence.
A,,src/server/cards/idesofmars/DerivedProducts.ts,idesofmars,port-and-adapt,verified,71dc765d40576a2570a8158c32295b6e1519d365,71dc765d40576a2570a8158c32295b6e1519d365,Exact corrected-source blob; target-wide compilation and relevant module suite apply. See server-port-evidence.md/client-port-evidence.md and WP04 compatibility evidence.
A,,src/server/cards/idesofmars/DragonStorm.ts,idesofmars,port-and-adapt,verified,33c876c65cbbc585873448e50d7aa4d8222520c0,33c876c65cbbc585873448e50d7aa4d8222520c0,Exact corrected-source blob; target-wide compilation and relevant module suite apply. See server-port-evidence.md/client-port-evidence.md and WP04 compatibility evidence.
A,,src/server/cards/idesofmars/EnergyShortcut.ts,idesofmars,port-and-adapt,verified,e739aef396a9a49cfec84c292e3edf237ae4ba97,e739aef396a9a49cfec84c292e3edf237ae4ba97,Exact corrected-source blob; target-wide compilation and relevant module suite apply. See server-port-evidence.md/client-port-evidence.md and WP04 compatibility evidence.
A,,src/server/cards/idesofmars/FloatingBaseOnSaturn.ts,idesofmars,port-and-adapt,verified,6ba9ca57db251591d7f49283dcfa481a9574490a,6ba9ca57db251591d7f49283dcfa481a9574490a,Exact corrected-source blob; target-wide compilation and relevant module suite apply. See server-port-evidence.md/client-port-evidence.md and WP04 compatibility evidence.
A,,src/server/cards/idesofmars/FloatingRig.ts,idesofmars,port-and-adapt,verified,53023b4ce40d33180dbd923b366a6c3c6e57b441,53023b4ce40d33180dbd923b366a6c3c6e57b441,Exact corrected-source blob; target-wide compilation and relevant module suite apply. See server-port-evidence.md/client-port-evidence.md and WP04 compatibility evidence.
A,,src/server/cards/idesofmars/FlyingCorsairs.ts,idesofmars,port-and-adapt,verified,2357bf7ad52e74577e976536fba01dad8be368e5,2357bf7ad52e74577e976536fba01dad8be368e5,Exact corrected-source blob; target-wide compilation and relevant module suite apply. See server-port-evidence.md/client-port-evidence.md and WP04 compatibility evidence.
A,,src/server/cards/idesofmars/FlyingGarden.ts,idesofmars,port-and-adapt,verified,23da05ff45c05f9b281da8ef7bbd1292b230b370,23da05ff45c05f9b281da8ef7bbd1292b230b370,Exact corrected-source blob; target-wide compilation and relevant module suite apply. See server-port-evidence.md/client-port-evidence.md and WP04 compatibility evidence.
A,,src/server/cards/idesofmars/FreeCity.ts,idesofmars,port-and-adapt,verified,eca524fe5a2eb06817a234f5dc69cc7d11432748,eca524fe5a2eb06817a234f5dc69cc7d11432748,Exact corrected-source blob; target-wide compilation and relevant module suite apply. See server-port-evidence.md/client-port-evidence.md and WP04 compatibility evidence.
A,,src/server/cards/idesofmars/GalaxyExpress.ts,idesofmars,port-and-adapt,verified,a66ff85a24766a06bc2dc6d1d87e58cc7c63f170,a66ff85a24766a06bc2dc6d1d87e58cc7c63f170,Exact corrected-source blob; target-wide compilation and relevant module suite apply. See server-port-evidence.md/client-port-evidence.md and WP04 compatibility evidence.
A,,src/server/cards/idesofmars/GalileianTourism.ts,idesofmars,port-and-adapt,verified,47b23af2b8f7e516613857d05fa3542ef48b7230,47b23af2b8f7e516613857d05fa3542ef48b7230,Exact corrected-source blob; target-wide compilation and relevant module suite apply. See server-port-evidence.md/client-port-evidence.md and WP04 compatibility evidence.
A,,src/server/cards/idesofmars/GalileoInstitute.ts,idesofmars,port-and-adapt,verified,8065a586f2f4e1b642e380f6e31856bf9c5e49e6,8065a586f2f4e1b642e380f6e31856bf9c5e49e6,Exact corrected-source blob; target-wide compilation and relevant module suite apply. See server-port-evidence.md/client-port-evidence.md and WP04 compatibility evidence.
A,,src/server/cards/idesofmars/GreatLeapForward.ts,idesofmars,port-and-adapt,verified,e2fbac764f9bb895c2e670b048def2c061dcafb0,e2fbac764f9bb895c2e670b048def2c061dcafb0,Exact corrected-source blob; target-wide compilation and relevant module suite apply. See server-port-evidence.md/client-port-evidence.md and WP04 compatibility evidence.
A,,src/server/cards/idesofmars/HiddenCity.ts,idesofmars,port-and-adapt,verified,0da52d75e1267fa8a4a6bcfe12c815313686e5b5,0da52d75e1267fa8a4a6bcfe12c815313686e5b5,Exact corrected-source blob; target-wide compilation and relevant module suite apply. See server-port-evidence.md/client-port-evidence.md and WP04 compatibility evidence.
A,,src/server/cards/idesofmars/IdesOfMarsCardManifest.ts,idesofmars,port-and-adapt,verified,9389c00fb2825798f7a839c20b3e360977d088c1,9389c00fb2825798f7a839c20b3e360977d088c1,Exact corrected-source blob; target-wide compilation and relevant module suite apply. See server-port-evidence.md/client-port-evidence.md and WP04 compatibility evidence.
A,,src/server/cards/idesofmars/InVivoTesting.ts,idesofmars,port-and-adapt,verified,f453657a92e0bf699f100ce8ccf12f1f882078b6,f453657a92e0bf699f100ce8ccf12f1f882078b6,Exact corrected-source blob; target-wide compilation and relevant module suite apply. See server-port-evidence.md/client-port-evidence.md and WP04 compatibility evidence.
A,,src/server/cards/idesofmars/IndustrialSpy.ts,idesofmars,port-and-adapt,verified,72bf3aa142e1a8ea935f6f253ae0c62723900a97,72bf3aa142e1a8ea935f6f253ae0c62723900a97,Exact corrected-source blob; target-wide compilation and relevant module suite apply. See server-port-evidence.md/client-port-evidence.md and WP04 compatibility evidence.
A,,src/server/cards/idesofmars/Infrastructures.ts,idesofmars,port-and-adapt,verified,2309e11b865bb99416115095e6f7949317d1329c,2309e11b865bb99416115095e6f7949317d1329c,Exact corrected-source blob; target-wide compilation and relevant module suite apply. See server-port-evidence.md/client-port-evidence.md and WP04 compatibility evidence.
A,,src/server/cards/idesofmars/InsectPollinators.ts,idesofmars,port-and-adapt,verified,d43bd6de3543b2358193fc343bb150cb33ec0f84,d43bd6de3543b2358193fc343bb150cb33ec0f84,Exact corrected-source blob; target-wide compilation and relevant module suite apply. See server-port-evidence.md/client-port-evidence.md and WP04 compatibility evidence.
A,,src/server/cards/idesofmars/InvakCity.ts,idesofmars,port-and-adapt,verified,0ff75e2872ca9c4fac459c8269d369690ae81b30,0ff75e2872ca9c4fac459c8269d369690ae81b30,Exact corrected-source blob; target-wide compilation and relevant module suite apply. See server-port-evidence.md/client-port-evidence.md and WP04 compatibility evidence.
A,,src/server/cards/idesofmars/InvestmentInsurance.ts,idesofmars,port-and-adapt,verified,5a895481604a8733598dc36d06000965a1c506d3,5a895481604a8733598dc36d06000965a1c506d3,Exact corrected-source blob; target-wide compilation and relevant module suite apply. See server-port-evidence.md/client-port-evidence.md and WP04 compatibility evidence.
A,,src/server/cards/idesofmars/MartianHour.ts,idesofmars,port-and-adapt,verified,ee42bccdc7b28b600c50cca9bb267dc6e2141253,ee42bccdc7b28b600c50cca9bb267dc6e2141253,Exact corrected-source blob; target-wide compilation and relevant module suite apply. See server-port-evidence.md/client-port-evidence.md and WP04 compatibility evidence.
A,,src/server/cards/idesofmars/MartianInfrastructures.ts,idesofmars,port-and-adapt,verified,5630f537f5a2dd5cf7141b676e3d290a1d551b50,5630f537f5a2dd5cf7141b676e3d290a1d551b50,Exact corrected-source blob; target-wide compilation and relevant module suite apply. See server-port-evidence.md/client-port-evidence.md and WP04 compatibility evidence.
A,,src/server/cards/idesofmars/MartianStockExchange.ts,idesofmars,port-and-adapt,verified,0bb98c19feb4135313171b45e68e6ba12235fb98,0bb98c19feb4135313171b45e68e6ba12235fb98,Exact corrected-source blob; target-wide compilation and relevant module suite apply. See server-port-evidence.md/client-port-evidence.md and WP04 compatibility evidence.
A,,src/server/cards/idesofmars/MercurialLaboratory.ts,idesofmars,port-and-adapt,verified,a9289e195efc701a0cc2b563098c174d8743534a,a9289e195efc701a0cc2b563098c174d8743534a,Exact corrected-source blob; target-wide compilation and relevant module suite apply. See server-port-evidence.md/client-port-evidence.md and WP04 compatibility evidence.
A,,src/server/cards/idesofmars/MiningTheBelt.ts,idesofmars,port-and-adapt,verified,65b20c3c4333c6587ac03f01daa4bfd6ff3ce5a7,65b20c3c4333c6587ac03f01daa4bfd6ff3ce5a7,Exact corrected-source blob; target-wide compilation and relevant module suite apply. See server-port-evidence.md/client-port-evidence.md and WP04 compatibility evidence.
A,,src/server/cards/idesofmars/MuseumOfTerraformation.ts,idesofmars,port-and-adapt,verified,e9b5ce89257dd91fc11f8d112e7cbc7329344aa3,e9b5ce89257dd91fc11f8d112e7cbc7329344aa3,Exact corrected-source blob; target-wide compilation and relevant module suite apply. See server-port-evidence.md/client-port-evidence.md and WP04 compatibility evidence.
A,,src/server/cards/idesofmars/NaturalGrowthCatalyst.ts,idesofmars,port-and-adapt,verified,7147d97cab02ed3e5ceebf6abe8f198c6ec1fed5,7147d97cab02ed3e5ceebf6abe8f198c6ec1fed5,Exact corrected-source blob; target-wide compilation and relevant module suite apply. See server-port-evidence.md/client-port-evidence.md and WP04 compatibility evidence.
A,,src/server/cards/idesofmars/NewFrontier.ts,idesofmars,port-and-adapt,verified,3d5e12172da5ac7bd941d8e89d09ea4f97bae79b,3d5e12172da5ac7bd941d8e89d09ea4f97bae79b,Exact corrected-source blob; target-wide compilation and relevant module suite apply. See server-port-evidence.md/client-port-evidence.md and WP04 compatibility evidence.
A,,src/server/cards/idesofmars/ObjectiveMars.ts,idesofmars,port-and-adapt,verified,78e26d469eff12af9a49cbab419827b900982945,78e26d469eff12af9a49cbab419827b900982945,Exact corrected-source blob; target-wide compilation and relevant module suite apply. See server-port-evidence.md/client-port-evidence.md and WP04 compatibility evidence.
A,,src/server/cards/idesofmars/OverconsumptionBenefits.ts,idesofmars,port-and-adapt,verified,d009858472424ee6a7262903762f108bebb391fd,d009858472424ee6a7262903762f108bebb391fd,Exact corrected-source blob; target-wide compilation and relevant module suite apply. See server-port-evidence.md/client-port-evidence.md and WP04 compatibility evidence.
A,,src/server/cards/idesofmars/PatentPooling.ts,idesofmars,port-and-adapt,verified,ccce3f60681a317d8bf7f736280d15e35349b323,ccce3f60681a317d8bf7f736280d15e35349b323,Exact corrected-source blob; target-wide compilation and relevant module suite apply. See server-port-evidence.md/client-port-evidence.md and WP04 compatibility evidence.
A,,src/server/cards/idesofmars/PatentTheft.ts,idesofmars,port-and-adapt,verified,18352de36c1576e5b28a8741f17628386e53ece0,18352de36c1576e5b28a8741f17628386e53ece0,Exact corrected-source blob; target-wide compilation and relevant module suite apply. See server-port-evidence.md/client-port-evidence.md and WP04 compatibility evidence.
A,,src/server/cards/idesofmars/PleistoceneMegafauna.ts,idesofmars,port-and-adapt,verified,39f65830f056615ffe5da2e913ed7ac239180d2c,39f65830f056615ffe5da2e913ed7ac239180d2c,Exact corrected-source blob; target-wide compilation and relevant module suite apply. See server-port-evidence.md/client-port-evidence.md and WP04 compatibility evidence.
A,,src/server/cards/idesofmars/PlotContamination.ts,idesofmars,port-and-adapt,verified,6adab2a8f868877a17befe741ccc333c15d4614f,6adab2a8f868877a17befe741ccc333c15d4614f,Exact corrected-source blob; target-wide compilation and relevant module suite apply. See server-port-evidence.md/client-port-evidence.md and WP04 compatibility evidence.
A,,src/server/cards/idesofmars/PreciousMetalAsteroid.ts,idesofmars,port-and-adapt,verified,4cf656b85630509bc2dec2c37dfdd8b3f6b84341,4cf656b85630509bc2dec2c37dfdd8b3f6b84341,Exact corrected-source blob; target-wide compilation and relevant module suite apply. See server-port-evidence.md/client-port-evidence.md and WP04 compatibility evidence.
A,,src/server/cards/idesofmars/PublicRelations.ts,idesofmars,port-and-adapt,verified,3a9e8bf701118b7a4581e82d289e4ea10066b568,3a9e8bf701118b7a4581e82d289e4ea10066b568,Exact corrected-source blob; target-wide compilation and relevant module suite apply. See server-port-evidence.md/client-port-evidence.md and WP04 compatibility evidence.
A,,src/server/cards/idesofmars/Reptiles.ts,idesofmars,port-and-adapt,verified,1ab5a9edd14b8a8babebb0ce1dde082d127d5d41,1ab5a9edd14b8a8babebb0ce1dde082d127d5d41,Exact corrected-source blob; target-wide compilation and relevant module suite apply. See server-port-evidence.md/client-port-evidence.md and WP04 compatibility evidence.
A,,src/server/cards/idesofmars/ScienceFair.ts,idesofmars,port-and-adapt,verified,515774fb1160ecd39c148c79af1dff9342896c75,515774fb1160ecd39c148c79af1dff9342896c75,Exact corrected-source blob; target-wide compilation and relevant module suite apply. See server-port-evidence.md/client-port-evidence.md and WP04 compatibility evidence.
A,,src/server/cards/idesofmars/Slum.ts,idesofmars,port-and-adapt,verified,43f1155fd107c34b04a1e3e5d5db3b69be6876a0,43f1155fd107c34b04a1e3e5d5db3b69be6876a0,Exact corrected-source blob; target-wide compilation and relevant module suite apply. See server-port-evidence.md/client-port-evidence.md and WP04 compatibility evidence.
A,,src/server/cards/idesofmars/SmallDeposit.ts,idesofmars,port-and-adapt,verified,07b47202e49319fcf1d790cc70f7e1f4b3cc75b3,07b47202e49319fcf1d790cc70f7e1f4b3cc75b3,Exact corrected-source blob; target-wide compilation and relevant module suite apply. See server-port-evidence.md/client-port-evidence.md and WP04 compatibility evidence.
A,,src/server/cards/idesofmars/SolarSenate.ts,idesofmars,port-and-adapt,verified,468727befadb13cb48a402ca9d4c9f01b97dc5a9,468727befadb13cb48a402ca9d4c9f01b97dc5a9,Exact corrected-source blob; target-wide compilation and relevant module suite apply. See server-port-evidence.md/client-port-evidence.md and WP04 compatibility evidence.
A,,src/server/cards/idesofmars/SpacePirates.ts,idesofmars,port-and-adapt,verified,5260067fcfe63d2e61170f98445bf711bde50447,5260067fcfe63d2e61170f98445bf711bde50447,Exact corrected-source blob; target-wide compilation and relevant module suite apply. See server-port-evidence.md/client-port-evidence.md and WP04 compatibility evidence.
A,,src/server/cards/idesofmars/Takeover.ts,idesofmars,port-and-adapt,verified,13e4b66bd37f0cbb5ccad54ef13e1b24cdd9ae06,13e4b66bd37f0cbb5ccad54ef13e1b24cdd9ae06,Exact corrected-source blob; target-wide compilation and relevant module suite apply. See server-port-evidence.md/client-port-evidence.md and WP04 compatibility evidence.
A,,src/server/cards/idesofmars/TargetedResearch.ts,idesofmars,port-and-adapt,verified,d8e1515adbbe418b9089b7d9616f94d909542f0e,d8e1515adbbe418b9089b7d9616f94d909542f0e,Exact corrected-source blob; target-wide compilation and relevant module suite apply. See server-port-evidence.md/client-port-evidence.md and WP04 compatibility evidence.
A,,src/server/cards/idesofmars/TerraformingOffice.ts,idesofmars,port-and-adapt,verified,4b358def8a9b7a9a409bdd1a544e98a1af7351c9,4b358def8a9b7a9a409bdd1a544e98a1af7351c9,Exact corrected-source blob; target-wide compilation and relevant module suite apply. See server-port-evidence.md/client-port-evidence.md and WP04 compatibility evidence.
A,,src/server/cards/idesofmars/ThreePlanetsSystem.ts,idesofmars,port-and-adapt,verified,ba060f65bd248e4b9f98c458c1f9a05b6517f1f8,ba060f65bd248e4b9f98c458c1f9a05b6517f1f8,Exact corrected-source blob; target-wide compilation and relevant module suite apply. See server-port-evidence.md/client-port-evidence.md and WP04 compatibility evidence.
A,,src/server/cards/idesofmars/Troglobites.ts,idesofmars,port-and-adapt,verified,e1b4dfc8cf7bc550bb1259e38bbc921809588412,e1b4dfc8cf7bc550bb1259e38bbc921809588412,Exact corrected-source blob; target-wide compilation and relevant module suite apply. See server-port-evidence.md/client-port-evidence.md and WP04 compatibility evidence.
A,,src/server/cards/idesofmars/UniversalFighters.ts,idesofmars,port-and-adapt,verified,d6bb8ff7336a88357e671402304c1fd460ed620f,d6bb8ff7336a88357e671402304c1fd460ed620f,Exact corrected-source blob; target-wide compilation and relevant module suite apply. See server-port-evidence.md/client-port-evidence.md and WP04 compatibility evidence.
A,,src/server/cards/idesofmars/VenusianGroundLaboratory.ts,idesofmars,port-and-adapt,verified,2aa174e6442ee81be530a0f1cce54b65cd4204e2,2aa174e6442ee81be530a0f1cce54b65cd4204e2,Exact corrected-source blob; target-wide compilation and relevant module suite apply. See server-port-evidence.md/client-port-evidence.md and WP04 compatibility evidence.
A,,src/server/cards/idesofmars/WaterCleaningBacteria.ts,idesofmars,port-and-adapt,verified,355474c47f471b9291b65028c64f285454096523,355474c47f471b9291b65028c64f285454096523,Exact corrected-source blob; target-wide compilation and relevant module suite apply. See server-port-evidence.md/client-port-evidence.md and WP04 compatibility evidence.
A,,src/server/cards/idesofmars/WaterRetainers.ts,idesofmars,port-and-adapt,verified,88eb8ec01310701ce89430c503eb45b94c4393cb,88eb8ec01310701ce89430c503eb45b94c4393cb,Exact corrected-source blob; target-wide compilation and relevant module suite apply. See server-port-evidence.md/client-port-evidence.md and WP04 compatibility evidence.
A,,src/server/cards/industries/EnergyIndustryStandardProject.ts,industries,port-and-adapt,verified,11b69603b6b42eb8f4e55e4867554b8a0be8d9db,11b69603b6b42eb8f4e55e4867554b8a0be8d9db,Exact corrected-source blob; target-wide compilation and relevant module suite apply. See server-port-evidence.md/client-port-evidence.md and WP04 compatibility evidence.
A,,src/server/cards/industries/HeatIndustryStandardProject.ts,industries,port-and-adapt,verified,7c2b7d026983839c3810d73e16cc37955edc158b,7c2b7d026983839c3810d73e16cc37955edc158b,Exact corrected-source blob; target-wide compilation and relevant module suite apply. See server-port-evidence.md/client-port-evidence.md and WP04 compatibility evidence.
A,,src/server/cards/industries/IndustriesCardManifest.ts,industries,port-and-adapt,verified,1c88f96bebb774b03766b559d97c6754786f5581,1c88f96bebb774b03766b559d97c6754786f5581,Exact corrected-source blob; target-wide compilation and relevant module suite apply. See server-port-evidence.md/client-port-evidence.md and WP04 compatibility evidence.
A,,src/server/cards/industries/IndustryStandardProject.ts,industries,port-and-adapt,verified,c887994c1e941964e1725e3c0f86ac8bcaf46602,c887994c1e941964e1725e3c0f86ac8bcaf46602,Exact corrected-source blob; target-wide compilation and relevant module suite apply. See server-port-evidence.md/client-port-evidence.md and WP04 compatibility evidence.
A,,src/server/cards/industries/MoneyIndustryStandardProject.ts,industries,port-and-adapt,verified,80c5f7116f1e324064ef1a15b554a6d0cbd1c55f,80c5f7116f1e324064ef1a15b554a6d0cbd1c55f,Exact corrected-source blob; target-wide compilation and relevant module suite apply. See server-port-evidence.md/client-port-evidence.md and WP04 compatibility evidence.
A,,src/server/cards/industries/PlantIndustryStandardProject.ts,industries,port-and-adapt,verified,f7b454d4fd6088756f3877f101439a683b8ef03b,f7b454d4fd6088756f3877f101439a683b8ef03b,Exact corrected-source blob; target-wide compilation and relevant module suite apply. See server-port-evidence.md/client-port-evidence.md and WP04 compatibility evidence.
A,,src/server/cards/industries/SteelIndustryStandardProject.ts,industries,port-and-adapt,verified,f0de6fd98e5632514a8978fb6a7a344bd75f66f0,f0de6fd98e5632514a8978fb6a7a344bd75f66f0,Exact corrected-source blob; target-wide compilation and relevant module suite apply. See server-port-evidence.md/client-port-evidence.md and WP04 compatibility evidence.
A,,src/server/cards/industries/TitaniumIndustryStandardProject.ts,industries,port-and-adapt,verified,9153d4735c4808af51927e9f875a86a4bb3db316,9153d4735c4808af51927e9f875a86a4bb3db316,Exact corrected-source blob; target-wide compilation and relevant module suite apply. See server-port-evidence.md/client-port-evidence.md and WP04 compatibility evidence.
A,,src/server/cards/industries/WildIndustryStandardProject.ts,industries,port-and-adapt,verified,d047753e80febd128063bc9e9facab13a6358278,d047753e80febd128063bc9e9facab13a6358278,Exact corrected-source blob; target-wide compilation and relevant module suite apply. See server-port-evidence.md/client-port-evidence.md and WP04 compatibility evidence.
A,,src/server/cards/moreParties/MorePartiesCardManifest.ts,moreParties,port-and-adapt,verified,10c382994cb7d4eefad5e776e819953ae7898334,10c382994cb7d4eefad5e776e819953ae7898334,Exact corrected-source blob; target-wide compilation and relevant module suite apply. See server-port-evidence.md/client-port-evidence.md and WP04 compatibility evidence.
M,,src/server/cards/pathfinders/AsteroidResources.ts,existing-card-interactions-and-rendering,port-and-adapt,verified,e4291889bb50e3c4d86362155f49d72fe21f1b83,e4291889bb50e3c4d86362155f49d72fe21f1b83,Exact corrected-source blob; target-wide compilation and relevant module suite apply. See server-port-evidence.md/client-port-evidence.md and WP04 compatibility evidence.
M,,src/server/cards/pathfinders/Cryptocurrency.ts,existing-card-interactions-and-rendering,port-and-adapt,verified,0f2c71dd1ba27286e11aa22e15e6c04c18a95b65,ef24a8f03b0fbda796e9cfd4da9e04a58cb529e6,Adapted source delta on target; retain custom contracts. See server-port-evidence.md; server regression suite and WP04 save/input/replay checks.
A,,src/server/cards/pathfinders/InSpire.ts,existing-card-interactions-and-rendering,port-and-adapt,verified,5ba863dd2f824d48a17e6ab242c667af2b90efc6,5ba863dd2f824d48a17e6ab242c667af2b90efc6,Exact corrected-source blob; target-wide compilation and relevant module suite apply. See server-port-evidence.md/client-port-evidence.md and WP04 compatibility evidence.
M,,src/server/cards/pathfinders/MicrobiologyPatents.ts,existing-card-interactions-and-rendering,port-and-adapt,verified,5a88d8c846df03d6edf60a6d5e3825401f8b3732,5a88d8c846df03d6edf60a6d5e3825401f8b3732,Exact corrected-source blob; target-wide compilation and relevant module suite apply. See server-port-evidence.md/client-port-evidence.md and WP04 compatibility evidence.
M,,src/server/cards/pathfinders/PathfindersCardManifest.ts,existing-card-interactions-and-rendering,port-and-adapt,verified,42b69928e0f7a89856c290965a0e4d843ca4f94e,42b69928e0f7a89856c290965a0e4d843ca4f94e,Exact corrected-source blob; target-wide compilation and relevant module suite apply. See server-port-evidence.md/client-port-evidence.md and WP04 compatibility evidence.
A,,src/server/cards/pathfinders/PlanetPr.ts,existing-card-interactions-and-rendering,port-and-adapt,verified,8bbd2b8368fe9055a6d1d975e333fbbab22d0850,8bbd2b8368fe9055a6d1d975e333fbbab22d0850,Exact corrected-source blob; target-wide compilation and relevant module suite apply. See server-port-evidence.md/client-port-evidence.md and WP04 compatibility evidence.
A,,src/server/cards/pathfinders/PlanetPrII.ts,existing-card-interactions-and-rendering,port-and-adapt,verified,22d2ef7f331b264ee1ea1e0fa7d8a71dfb4ace26,22d2ef7f331b264ee1ea1e0fa7d8a71dfb4ace26,Exact corrected-source blob; target-wide compilation and relevant module suite apply. See server-port-evidence.md/client-port-evidence.md and WP04 compatibility evidence.
A,,src/server/cards/pathfinders/SistemasSeebeck.ts,existing-card-interactions-and-rendering,port-and-adapt,verified,2c367579155125e2abc03b6de3eb4f3c2780ce29,2c367579155125e2abc03b6de3eb4f3c2780ce29,Exact corrected-source blob; target-wide compilation and relevant module suite apply. See server-port-evidence.md/client-port-evidence.md and WP04 compatibility evidence.
M,,src/server/cards/pathfinders/SpecializedSettlement.ts,existing-card-interactions-and-rendering,port-and-adapt,verified,21bc46f085cdf6a95df977f37c1b8f91087b9ddc,21bc46f085cdf6a95df977f37c1b8f91087b9ddc,Exact corrected-source blob; target-wide compilation and relevant module suite apply. See server-port-evidence.md/client-port-evidence.md and WP04 compatibility evidence.
M,,src/server/cards/prelude2/PalladinShipping.ts,existing-card-interactions-and-rendering,port-and-adapt,verified,0f085aa5374cdb8851bd4cefdff762627cb00265,0f085aa5374cdb8851bd4cefdff762627cb00265,Exact corrected-source blob; target-wide compilation and relevant module suite apply. See server-port-evidence.md/client-port-evidence.md and WP04 compatibility evidence.
M,,src/server/cards/prelude2/VenusShuttles.ts,existing-card-interactions-and-rendering,port-and-adapt,verified,0d90bc12713b60514a807ae32adafa68117656b4,0d90bc12713b60514a807ae32adafa68117656b4,Exact corrected-source blob; target-wide compilation and relevant module suite apply. See server-port-evidence.md/client-port-evidence.md and WP04 compatibility evidence.
M,,src/server/cards/promo/ArcadianCommunities.ts,existing-card-interactions-and-rendering,port-and-adapt,verified,c965da4e505056df09a13881ecc560c653e9cc8e,c965da4e505056df09a13881ecc560c653e9cc8e,Exact corrected-source blob; target-wide compilation and relevant module suite apply. See server-port-evidence.md/client-port-evidence.md and WP04 compatibility evidence.
M,,src/server/cards/promo/Astrodrill.ts,existing-card-interactions-and-rendering,port-and-adapt,verified,d075c08c92f4a5b70b17da4529b16d1a19701f97,d075c08c92f4a5b70b17da4529b16d1a19701f97,Exact corrected-source blob; target-wide compilation and relevant module suite apply. See server-port-evidence.md/client-port-evidence.md and WP04 compatibility evidence.
M,,src/server/cards/promo/Factorum.ts,existing-card-interactions-and-rendering,port-and-adapt,verified,95361a31eb56e20f3d62bf4d801117222b30ffd9,95361a31eb56e20f3d62bf4d801117222b30ffd9,Exact corrected-source blob; target-wide compilation and relevant module suite apply. See server-port-evidence.md/client-port-evidence.md and WP04 compatibility evidence.
M,,src/server/cards/promo/FloydContinuum.ts,existing-card-interactions-and-rendering,port-and-adapt,verified,8e58bef4cafde221a5e961e59399a639c27aea4d,8e58bef4cafde221a5e961e59399a639c27aea4d,Exact corrected-source blob; target-wide compilation and relevant module suite apply. See server-port-evidence.md/client-port-evidence.md and WP04 compatibility evidence.
M,,src/server/cards/promo/MonsInsurance.ts,existing-card-interactions-and-rendering,port-and-adapt,verified,057f54a63b37017f9620bb21e2ad77b17d321113,057f54a63b37017f9620bb21e2ad77b17d321113,Exact corrected-source blob; target-wide compilation and relevant module suite apply. See server-port-evidence.md/client-port-evidence.md and WP04 compatibility evidence.
M,,src/server/cards/promo/PharmacyUnion.ts,existing-card-interactions-and-rendering,port-and-adapt,verified,ec199cb5180e4c6a3684cf6fa9d534afbe50d18f,ec199cb5180e4c6a3684cf6fa9d534afbe50d18f,Exact corrected-source blob; target-wide compilation and relevant module suite apply. See server-port-evidence.md/client-port-evidence.md and WP04 compatibility evidence.
M,,src/server/cards/promo/Splice.ts,existing-card-interactions-and-rendering,port-and-adapt,verified,3edc2842c4cc549ffcff34b6cb2a1cdabc83341a,3edc2842c4cc549ffcff34b6cb2a1cdabc83341a,Exact corrected-source blob; target-wide compilation and relevant module suite apply. See server-port-evidence.md/client-port-evidence.md and WP04 compatibility evidence.
M,,src/server/cards/promo/Vermin.ts,existing-card-interactions-and-rendering,port-and-adapt,verified,244ee74ccd94f0fb4c17684153c8ec8663e3d304,244ee74ccd94f0fb4c17684153c8ec8663e3d304,Exact corrected-source blob; target-wide compilation and relevant module suite apply. See server-port-evidence.md/client-port-evidence.md and WP04 compatibility evidence.
M,,src/server/cards/promo/energyForCards.ts,existing-card-interactions-and-rendering,port-and-adapt,verified,4ac7f7eea53a5fa12da039b0a7c87af2adc1682c,40d50fb9dc980ed7ca089f994f48d25c7557c71e,Adapted source delta on target; retain custom contracts. See server-port-evidence.md; server regression suite and WP04 save/input/replay checks.
M,,src/server/cards/render/CardRenderItem.ts,existing-card-interactions-and-rendering,port-and-adapt,verified,f9ae0ce7578a5adf036079b5abd989b1f477df4d,f9ae0ce7578a5adf036079b5abd989b1f477df4d,Exact corrected-source blob; target-wide compilation and relevant module suite apply. See server-port-evidence.md/client-port-evidence.md and WP04 compatibility evidence.
M,,src/server/cards/render/CardRenderSymbol.ts,existing-card-interactions-and-rendering,port-and-adapt,verified,771033b30c7efe33dbceb5430d3204842b8129d6,771033b30c7efe33dbceb5430d3204842b8129d6,Exact corrected-source blob; target-wide compilation and relevant module suite apply. See server-port-evidence.md/client-port-evidence.md and WP04 compatibility evidence.
M,,src/server/cards/render/CardRenderer.ts,existing-card-interactions-and-rendering,port-and-adapt,verified,6f641288a7490145bca03905a8abe4782d8c5d20,6f641288a7490145bca03905a8abe4782d8c5d20,Exact corrected-source blob; target-wide compilation and relevant module suite apply. See server-port-evidence.md/client-port-evidence.md and WP04 compatibility evidence.
M,,src/server/cards/requirements/CardRequirements.ts,existing-card-interactions-and-rendering,port-and-adapt,verified,bf27685eb4b447f10534abd44e905de1cb9eeeff,bf27685eb4b447f10534abd44e905de1cb9eeeff,Exact corrected-source blob; target-wide compilation and relevant module suite apply. See server-port-evidence.md/client-port-evidence.md and WP04 compatibility evidence.
M,,src/server/cards/requirements/CitiesRequirement.ts,existing-card-interactions-and-rendering,port-and-adapt,verified,51b4a5b40ebdce74b33224e39a875940b3ae4f76,51b4a5b40ebdce74b33224e39a875940b3ae4f76,Exact corrected-source blob; target-wide compilation and relevant module suite apply. See server-port-evidence.md/client-port-evidence.md and WP04 compatibility evidence.
A,,src/server/cards/requirements/GreeneryLastActionRequirement.ts,existing-card-interactions-and-rendering,port-and-adapt,verified,0c40da93b3cfe35a31cbaef387d37b8f7d75843e,0c40da93b3cfe35a31cbaef387d37b8f7d75843e,Exact corrected-source blob; target-wide compilation and relevant module suite apply. See server-port-evidence.md/client-port-evidence.md and WP04 compatibility evidence.
M,,src/server/cards/requirements/PartyRequirement.ts,existing-card-interactions-and-rendering,port-and-adapt,verified,3a2a0efaa9c011ec807be15ddfc214f953e2b847,3a2a0efaa9c011ec807be15ddfc214f953e2b847,Exact corrected-source blob; target-wide compilation and relevant module suite apply. See server-port-evidence.md/client-port-evidence.md and WP04 compatibility evidence.
M,,src/server/cards/requirements/ProductionRequirement.ts,existing-card-interactions-and-rendering,port-and-adapt,verified,6173da8ae764e1cb9b7868378a7bda7c2fb16743,6173da8ae764e1cb9b7868378a7bda7c2fb16743,Exact corrected-source blob; target-wide compilation and relevant module suite apply. See server-port-evidence.md/client-port-evidence.md and WP04 compatibility evidence.
A,,src/server/cards/requirements/RelativeTagRequirement.ts,existing-card-interactions-and-rendering,port-and-adapt,verified,8a0b7b22a3b9b610f022764818b57c9497fc338a,8a0b7b22a3b9b610f022764818b57c9497fc338a,Exact corrected-source blob; target-wide compilation and relevant module suite apply. See server-port-evidence.md/client-port-evidence.md and WP04 compatibility evidence.
M,,src/server/cards/requirements/TagCardRequirement.ts,existing-card-interactions-and-rendering,port-and-adapt,verified,e76a4909edd64a4fc2f63b6f8f5ff324715468b3,e76a4909edd64a4fc2f63b6f8f5ff324715468b3,Exact corrected-source blob; target-wide compilation and relevant module suite apply. See server-port-evidence.md/client-port-evidence.md and WP04 compatibility evidence.
A,,src/server/cards/requirements/UniqueTagsRequirement.ts,existing-card-interactions-and-rendering,port-and-adapt,verified,a83c7dbbf559e7d73f6eda0281ccdb568168860a,a83c7dbbf559e7d73f6eda0281ccdb568168860a,Exact corrected-source blob; target-wide compilation and relevant module suite apply. See server-port-evidence.md/client-port-evidence.md and WP04 compatibility evidence.
A,,src/server/cards/robantilles/AlgorithmicTrading.ts,robantilles,port-and-adapt,verified,93eef928ec67bdada22f0a9e360fe161075c6742,93eef928ec67bdada22f0a9e360fe161075c6742,Exact corrected-source blob; target-wide compilation and relevant module suite apply. See server-port-evidence.md/client-port-evidence.md and WP04 compatibility evidence.
A,,src/server/cards/robantilles/AlienReactorAtivation.ts,robantilles,port-and-adapt,verified,82f0fb0b26b178ebb7934a5194f435ff250cf1b2,82f0fb0b26b178ebb7934a5194f435ff250cf1b2,Exact corrected-source blob; target-wide compilation and relevant module suite apply. See server-port-evidence.md/client-port-evidence.md and WP04 compatibility evidence.
A,,src/server/cards/robantilles/BattleOfZadonga.ts,robantilles,port-and-adapt,verified,1b646b1248868d4c3d9404db24b66a49e947ffcc,1b646b1248868d4c3d9404db24b66a49e947ffcc,Exact corrected-source blob; target-wide compilation and relevant module suite apply. See server-port-evidence.md/client-port-evidence.md and WP04 compatibility evidence.
A,,src/server/cards/robantilles/BattleOverMars.ts,robantilles,port-and-adapt,verified,754bba0a767020a96238c44048b497c6b15885e4,754bba0a767020a96238c44048b497c6b15885e4,Exact corrected-source blob; target-wide compilation and relevant module suite apply. See server-port-evidence.md/client-port-evidence.md and WP04 compatibility evidence.
A,,src/server/cards/robantilles/BiomassConversionPlant.ts,robantilles,port-and-adapt,verified,98cae3ccd551894de8b814cff0459f02ba567ee2,98cae3ccd551894de8b814cff0459f02ba567ee2,Exact corrected-source blob; target-wide compilation and relevant module suite apply. See server-port-evidence.md/client-port-evidence.md and WP04 compatibility evidence.
A,,src/server/cards/robantilles/Bioreactors.ts,robantilles,port-and-adapt,verified,e495e643b99d7d2f7d559d9ef580f18320b242c0,e495e643b99d7d2f7d559d9ef580f18320b242c0,Exact corrected-source blob; target-wide compilation and relevant module suite apply. See server-port-evidence.md/client-port-evidence.md and WP04 compatibility evidence.
A,,src/server/cards/robantilles/Cacti.ts,robantilles,port-and-adapt,verified,82d4af5d9d32b056994c36ef33dfcba99d12cf93,82d4af5d9d32b056994c36ef33dfcba99d12cf93,Exact corrected-source blob; target-wide compilation and relevant module suite apply. See server-port-evidence.md/client-port-evidence.md and WP04 compatibility evidence.
A,,src/server/cards/robantilles/Clonation.ts,robantilles,port-and-adapt,verified,037187eb03276c4f5878f4edd3be43352de0e86a,037187eb03276c4f5878f4edd3be43352de0e86a,Exact corrected-source blob; target-wide compilation and relevant module suite apply. See server-port-evidence.md/client-port-evidence.md and WP04 compatibility evidence.
A,,src/server/cards/robantilles/CloudCityRA.ts,robantilles,port-and-adapt,verified,03c7da954458c8a8bbd42b010fcd3621e8ccae65,03c7da954458c8a8bbd42b010fcd3621e8ccae65,Exact corrected-source blob; target-wide compilation and relevant module suite apply. See server-port-evidence.md/client-port-evidence.md and WP04 compatibility evidence.
A,,src/server/cards/robantilles/CorruptedDelegate.ts,robantilles,port-and-adapt,verified,a98f5dd897997cc136414cf912a848f1f19766a6,a98f5dd897997cc136414cf912a848f1f19766a6,Exact corrected-source blob; target-wide compilation and relevant module suite apply. See server-port-evidence.md/client-port-evidence.md and WP04 compatibility evidence.
A,,src/server/cards/robantilles/DataLibrary.ts,robantilles,port-and-adapt,verified,229ba71b954b23ff728a7cf8d4dd844b0d23c202,229ba71b954b23ff728a7cf8d4dd844b0d23c202,Exact corrected-source blob; target-wide compilation and relevant module suite apply. See server-port-evidence.md/client-port-evidence.md and WP04 compatibility evidence.
A,,src/server/cards/robantilles/DogsInSpace.ts,robantilles,port-and-adapt,verified,b68771b202dec45a0a9ef540082e8c239aeb99fa,b68771b202dec45a0a9ef540082e8c239aeb99fa,Exact corrected-source blob; target-wide compilation and relevant module suite apply. See server-port-evidence.md/client-port-evidence.md and WP04 compatibility evidence.
A,,src/server/cards/robantilles/Ecoplants.ts,robantilles,port-and-adapt,verified,4799cb15cf75dc60ad8cde2f7e3569dc12e40a96,4799cb15cf75dc60ad8cde2f7e3569dc12e40a96,Exact corrected-source blob; target-wide compilation and relevant module suite apply. See server-port-evidence.md/client-port-evidence.md and WP04 compatibility evidence.
A,,src/server/cards/robantilles/ElectoralCampaign.ts,robantilles,port-and-adapt,verified,c68666c65a407cf704c93d55de6ce927642588c9,c68666c65a407cf704c93d55de6ce927642588c9,Exact corrected-source blob; target-wide compilation and relevant module suite apply. See server-port-evidence.md/client-port-evidence.md and WP04 compatibility evidence.
A,,src/server/cards/robantilles/ExcavationSyriaPlanum.ts,robantilles,port-and-adapt,verified,e58d5a82fc39c98ec4ef711244ef7e2af20c25bc,e58d5a82fc39c98ec4ef711244ef7e2af20c25bc,Exact corrected-source blob; target-wide compilation and relevant module suite apply. See server-port-evidence.md/client-port-evidence.md and WP04 compatibility evidence.
A,,src/server/cards/robantilles/ExportsFromAmalthea.ts,robantilles,port-and-adapt,verified,91364492942cb30cd16b614471764a77ce347f38,91364492942cb30cd16b614471764a77ce347f38,Exact corrected-source blob; target-wide compilation and relevant module suite apply. See server-port-evidence.md/client-port-evidence.md and WP04 compatibility evidence.
A,,src/server/cards/robantilles/ExtraVehicularActivities.ts,robantilles,port-and-adapt,verified,1aaf8dc04591c74f65d2cac94017cc53cd0fc796,1aaf8dc04591c74f65d2cac94017cc53cd0fc796,Exact corrected-source blob; target-wide compilation and relevant module suite apply. See server-port-evidence.md/client-port-evidence.md and WP04 compatibility evidence.
A,,src/server/cards/robantilles/GigaInterferometer.ts,robantilles,port-and-adapt,verified,57f0a75e0a32728972e44ebfb216a0b0af542b50,57f0a75e0a32728972e44ebfb216a0b0af542b50,Exact corrected-source blob; target-wide compilation and relevant module suite apply. See server-port-evidence.md/client-port-evidence.md and WP04 compatibility evidence.
A,,src/server/cards/robantilles/GreatFaceOfCydonia.ts,robantilles,port-and-adapt,verified,7500d7050a8494acf66e9c07346058bf03ee724d,7500d7050a8494acf66e9c07346058bf03ee724d,Exact corrected-source blob; target-wide compilation and relevant module suite apply. See server-port-evidence.md/client-port-evidence.md and WP04 compatibility evidence.
A,,src/server/cards/robantilles/GreatLighthouseOfAlbaPatera.ts,robantilles,port-and-adapt,verified,6c4e46877c78fc03afb3975b0d49c358e74fb7b3,6c4e46877c78fc03afb3975b0d49c358e74fb7b3,Exact corrected-source blob; target-wide compilation and relevant module suite apply. See server-port-evidence.md/client-port-evidence.md and WP04 compatibility evidence.
A,,src/server/cards/robantilles/GreatMartianArchives.ts,robantilles,partial-source-limit,source-limit-disclosed,42cdb7c48e52a9b84f69513d270048aedea0f980,42cdb7c48e52a9b84f69513d270048aedea0f980,Implemented source behavior preserved; source explicitly excludes EPIC town/city-track policy or in-hand wild-tag counting. No invented rule. See source-limitations.md.
A,,src/server/cards/robantilles/GreenhouseLights.ts,robantilles,port-and-adapt,verified,3dc035aab45fa3b712ea84978d80fd9ee0add4b6,3dc035aab45fa3b712ea84978d80fd9ee0add4b6,Exact corrected-source blob; target-wide compilation and relevant module suite apply. See server-port-evidence.md/client-port-evidence.md and WP04 compatibility evidence.
A,,src/server/cards/robantilles/HarborBorealis.ts,robantilles,port-and-adapt,verified,1bf4f9a4ba0600500e7f1cfe21dbf93614cc4495,1bf4f9a4ba0600500e7f1cfe21dbf93614cc4495,Exact corrected-source blob; target-wide compilation and relevant module suite apply. See server-port-evidence.md/client-port-evidence.md and WP04 compatibility evidence.
A,,src/server/cards/robantilles/HeavyMachinery.ts,robantilles,port-and-adapt,verified,c85cdad30c03ff6bddba3047c3babe115b9795e8,c85cdad30c03ff6bddba3047c3babe115b9795e8,Exact corrected-source blob; target-wide compilation and relevant module suite apply. See server-port-evidence.md/client-port-evidence.md and WP04 compatibility evidence.
A,,src/server/cards/robantilles/HistoricalVideographicArchive.ts,robantilles,port-and-adapt,verified,b1fc439d84254aaab41f75e49f0c40f057eb1e07,b1fc439d84254aaab41f75e49f0c40f057eb1e07,Exact corrected-source blob; target-wide compilation and relevant module suite apply. See server-port-evidence.md/client-port-evidence.md and WP04 compatibility evidence.
A,,src/server/cards/robantilles/HumpbackWhales.ts,robantilles,port-and-adapt,verified,349787ac697c4694bd7618311153d28a751cc969,349787ac697c4694bd7618311153d28a751cc969,Exact corrected-source blob; target-wide compilation and relevant module suite apply. See server-port-evidence.md/client-port-evidence.md and WP04 compatibility evidence.
A,,src/server/cards/robantilles/IndustrialMetropolis.ts,robantilles,port-and-adapt,verified,e586db8e6460de7d1b8b4c9622c7ac425c4c80e9,e586db8e6460de7d1b8b4c9622c7ac425c4c80e9,Exact corrected-source blob; target-wide compilation and relevant module suite apply. See server-port-evidence.md/client-port-evidence.md and WP04 compatibility evidence.
A,,src/server/cards/robantilles/InterplanetaryCruise.ts,robantilles,port-and-adapt,verified,24f21a56b9bc6db17b9a9185167dd62166a354f2,24f21a56b9bc6db17b9a9185167dd62166a354f2,Exact corrected-source blob; target-wide compilation and relevant module suite apply. See server-port-evidence.md/client-port-evidence.md and WP04 compatibility evidence.
A,,src/server/cards/robantilles/LaunchOfThePhoenix.ts,robantilles,port-and-adapt,verified,ca356a4622082769201da1b7b2e9d3d1984053f8,ca356a4622082769201da1b7b2e9d3d1984053f8,Exact corrected-source blob; target-wide compilation and relevant module suite apply. See server-port-evidence.md/client-port-evidence.md and WP04 compatibility evidence.
A,,src/server/cards/robantilles/LightningAccumulators.ts,robantilles,port-and-adapt,verified,f63beff5423d148b8c06beadb53ecc2697889217,f63beff5423d148b8c06beadb53ecc2697889217,Exact corrected-source blob; target-wide compilation and relevant module suite apply. See server-port-evidence.md/client-port-evidence.md and WP04 compatibility evidence.
A,,src/server/cards/robantilles/LivestockGiantDome.ts,robantilles,port-and-adapt,verified,e0e06725862db656f90b894b5c5e5e6e343e1d6c,e0e06725862db656f90b894b5c5e5e6e343e1d6c,Exact corrected-source blob; target-wide compilation and relevant module suite apply. See server-port-evidence.md/client-port-evidence.md and WP04 compatibility evidence.
A,,src/server/cards/robantilles/MartianArmedForces.ts,robantilles,port-and-adapt,verified,ec1a0170e7fa297c1f3993ff0a9c0ec6bbe66520,ec1a0170e7fa297c1f3993ff0a9c0ec6bbe66520,Exact corrected-source blob; target-wide compilation and relevant module suite apply. See server-port-evidence.md/client-port-evidence.md and WP04 compatibility evidence.
A,,src/server/cards/robantilles/MartianCommercialSeafleet.ts,robantilles,port-and-adapt,verified,ceb8ce7ee104763b93496bcc660af8c48c8cd761,ceb8ce7ee104763b93496bcc660af8c48c8cd761,Exact corrected-source blob; target-wide compilation and relevant module suite apply. See server-port-evidence.md/client-port-evidence.md and WP04 compatibility evidence.
A,,src/server/cards/robantilles/MartianRangers.ts,robantilles,port-and-adapt,verified,63b1d58296cceb3e2ef13e13616ea8d909113c67,63b1d58296cceb3e2ef13e13616ea8d909113c67,Exact corrected-source blob; target-wide compilation and relevant module suite apply. See server-port-evidence.md/client-port-evidence.md and WP04 compatibility evidence.
A,,src/server/cards/robantilles/MausoleumAtHellas.ts,robantilles,port-and-adapt,verified,98ca89886cab31a3985d377f164486b6f94aaaa7,98ca89886cab31a3985d377f164486b6f94aaaa7,Exact corrected-source blob; target-wide compilation and relevant module suite apply. See server-port-evidence.md/client-port-evidence.md and WP04 compatibility evidence.
A,,src/server/cards/robantilles/MeteorShower.ts,robantilles,port-and-adapt,verified,fbfe37916ffdd23970aad8d4df7a848bab2838a2,fbfe37916ffdd23970aad8d4df7a848bab2838a2,Exact corrected-source blob; target-wide compilation and relevant module suite apply. See server-port-evidence.md/client-port-evidence.md and WP04 compatibility evidence.
A,,src/server/cards/robantilles/MicrobioticOceanicFauna.ts,robantilles,port-and-adapt,verified,44c144f75fce78a5ecc9f74bef1c736091f3bc4f,44c144f75fce78a5ecc9f74bef1c736091f3bc4f,Exact corrected-source blob; target-wide compilation and relevant module suite apply. See server-port-evidence.md/client-port-evidence.md and WP04 compatibility evidence.
A,,src/server/cards/robantilles/MineralDepot.ts,robantilles,port-and-adapt,verified,e51f7fb128b9637aa78aaa96582b308302449d25,e51f7fb128b9637aa78aaa96582b308302449d25,Exact corrected-source blob; target-wide compilation and relevant module suite apply. See server-port-evidence.md/client-port-evidence.md and WP04 compatibility evidence.
A,,src/server/cards/robantilles/MiningOutpost.ts,robantilles,port-and-adapt,verified,e6479997626aea31e72f75877b6ff176911cb3b1,e6479997626aea31e72f75877b6ff176911cb3b1,Exact corrected-source blob; target-wide compilation and relevant module suite apply. See server-port-evidence.md/client-port-evidence.md and WP04 compatibility evidence.
A,,src/server/cards/robantilles/MobileBiologicalDome.ts,robantilles,port-and-adapt,verified,9898e21d45f4fcbbd353eccee3ee26ad394a42f9,9898e21d45f4fcbbd353eccee3ee26ad394a42f9,Exact corrected-source blob; target-wide compilation and relevant module suite apply. See server-port-evidence.md/client-port-evidence.md and WP04 compatibility evidence.
A,,src/server/cards/robantilles/MonumentToMars.ts,robantilles,port-and-adapt,verified,84286136998dbb0bff16f972cabbcf467f42b1d5,84286136998dbb0bff16f972cabbcf467f42b1d5,Exact corrected-source blob; target-wide compilation and relevant module suite apply. See server-port-evidence.md/client-port-evidence.md and WP04 compatibility evidence.
A,,src/server/cards/robantilles/MoonMineralMetropolis.ts,robantilles,port-and-adapt,verified,dcdbf52ab098795caf37df17754eeda2e79c4349,dcdbf52ab098795caf37df17754eeda2e79c4349,Exact corrected-source blob; target-wide compilation and relevant module suite apply. See server-port-evidence.md/client-port-evidence.md and WP04 compatibility evidence.
A,,src/server/cards/robantilles/MuskAwards.ts,robantilles,port-and-adapt,verified,831bac4f3488140bdf1a2d44edec530e1735c648,831bac4f3488140bdf1a2d44edec530e1735c648,Exact corrected-source blob; target-wide compilation and relevant module suite apply. See server-port-evidence.md/client-port-evidence.md and WP04 compatibility evidence.
A,,src/server/cards/robantilles/NeptuneExpedition.ts,robantilles,port-and-adapt,verified,72cd59c369d9ba3b5b749324872e3e90a6cf54e5,72cd59c369d9ba3b5b749324872e3e90a6cf54e5,Exact corrected-source blob; target-wide compilation and relevant module suite apply. See server-port-evidence.md/client-port-evidence.md and WP04 compatibility evidence.
A,,src/server/cards/robantilles/ObservatoryOnOlympusMons.ts,robantilles,port-and-adapt,verified,973898304b93779c5ac2064fe032ece78bc5197e,973898304b93779c5ac2064fe032ece78bc5197e,Exact corrected-source blob; target-wide compilation and relevant module suite apply. See server-port-evidence.md/client-port-evidence.md and WP04 compatibility evidence.
A,,src/server/cards/robantilles/OpeningOfNaturalReserves.ts,robantilles,port-and-adapt,verified,dbca2cb1333a11eecee7b41e7bdaf4dbd14018df,dbca2cb1333a11eecee7b41e7bdaf4dbd14018df,Exact corrected-source blob; target-wide compilation and relevant module suite apply. See server-port-evidence.md/client-port-evidence.md and WP04 compatibility evidence.
A,,src/server/cards/robantilles/OrbitalBiologicalLaboratory.ts,robantilles,port-and-adapt,verified,2cb5b923cf1ea3b5c594e31e419e942d82c4be94,2cb5b923cf1ea3b5c594e31e419e942d82c4be94,Exact corrected-source blob; target-wide compilation and relevant module suite apply. See server-port-evidence.md/client-port-evidence.md and WP04 compatibility evidence.
A,,src/server/cards/robantilles/OrcTurbines.ts,robantilles,port-and-adapt,verified,e597963247882037912d4c46eab9ec072b47093d,e597963247882037912d4c46eab9ec072b47093d,Exact corrected-source blob; target-wide compilation and relevant module suite apply. See server-port-evidence.md/client-port-evidence.md and WP04 compatibility evidence.
A,,src/server/cards/robantilles/OrganicWasteRecycling.ts,robantilles,port-and-adapt,verified,182aa07769be1bf6d7f0babdddbfea2b423a3687,3d4a7008718c8667eeb0ebf6f9723349228c5009,Adapted source delta on target; retain custom contracts. See server-port-evidence.md; server regression suite and WP04 save/input/replay checks.
A,,src/server/cards/robantilles/ParadiseCity.ts,robantilles,port-and-adapt,verified,e7447c7e434d7dad85f827d03e4cd64c4eeed4d5,e7447c7e434d7dad85f827d03e4cd64c4eeed4d5,Exact corrected-source blob; target-wide compilation and relevant module suite apply. See server-port-evidence.md/client-port-evidence.md and WP04 compatibility evidence.
A,,src/server/cards/robantilles/PlanetaryMuseum.ts,robantilles,port-and-adapt,verified,b2deeded17122ee8b437958fec8e1b0c04a15a24,b2deeded17122ee8b437958fec8e1b0c04a15a24,Exact corrected-source blob; target-wide compilation and relevant module suite apply. See server-port-evidence.md/client-port-evidence.md and WP04 compatibility evidence.
A,,src/server/cards/robantilles/PrehistoricBeasts.ts,robantilles,port-and-adapt,verified,1741b06bf1bcfaca4c8b48dc44b3f6f4b220d881,1741b06bf1bcfaca4c8b48dc44b3f6f4b220d881,Exact corrected-source blob; target-wide compilation and relevant module suite apply. See server-port-evidence.md/client-port-evidence.md and WP04 compatibility evidence.
A,,src/server/cards/robantilles/RobAntillesCardManifest.ts,robantilles,port-and-adapt,verified,f8c6f9730245a10658cd8e17c540df5749eb6ac5,f8c6f9730245a10658cd8e17c540df5749eb6ac5,Exact corrected-source blob; target-wide compilation and relevant module suite apply. See server-port-evidence.md/client-port-evidence.md and WP04 compatibility evidence.
A,,src/server/cards/robantilles/RobAntillesEnergyKeep.ts,robantilles,port-and-adapt,verified,c6d02cf855b0dac139ab2cf35e15524532fb62bb,c6d02cf855b0dac139ab2cf35e15524532fb62bb,Exact corrected-source blob; target-wide compilation and relevant module suite apply. See server-port-evidence.md/client-port-evidence.md and WP04 compatibility evidence.
A,,src/server/cards/robantilles/RooftopGardensOfNoctis.ts,robantilles,port-and-adapt,verified,e3b596881d265cf5060b5ba7f419e1ff4eb3276b,e3b596881d265cf5060b5ba7f419e1ff4eb3276b,Exact corrected-source blob; target-wide compilation and relevant module suite apply. See server-port-evidence.md/client-port-evidence.md and WP04 compatibility evidence.
A,,src/server/cards/robantilles/SedimentaryRocks.ts,robantilles,port-and-adapt,verified,bd889623f6294b5abb69592d526e407dd224d699,bd889623f6294b5abb69592d526e407dd224d699,Exact corrected-source blob; target-wide compilation and relevant module suite apply. See server-port-evidence.md/client-port-evidence.md and WP04 compatibility evidence.
A,,src/server/cards/robantilles/SmesTechnology.ts,robantilles,port-and-adapt,verified,703670cc1a38423f99c390365b95fd2d6e5057a1,703670cc1a38423f99c390365b95fd2d6e5057a1,Exact corrected-source blob; target-wide compilation and relevant module suite apply. See server-port-evidence.md/client-port-evidence.md and WP04 compatibility evidence.
A,,src/server/cards/robantilles/SpaceRobots.ts,robantilles,port-and-adapt,verified,eeb35d7d00e7ef4439f9e81ad1153a9b68587018,eeb35d7d00e7ef4439f9e81ad1153a9b68587018,Exact corrected-source blob; target-wide compilation and relevant module suite apply. See server-port-evidence.md/client-port-evidence.md and WP04 compatibility evidence.
A,,src/server/cards/robantilles/StatueOfVonBraunOnOlympusMons.ts,robantilles,port-and-adapt,verified,c3ca3b8b73e38e8db5e9c42657fe36a874a8de0b,c3ca3b8b73e38e8db5e9c42657fe36a874a8de0b,Exact corrected-source blob; target-wide compilation and relevant module suite apply. See server-port-evidence.md/client-port-evidence.md and WP04 compatibility evidence.
A,,src/server/cards/robantilles/StemCellResearchCenter.ts,robantilles,port-and-adapt,verified,db18bee369810d93ff0cd7366e5b39a8e15b62b0,db18bee369810d93ff0cd7366e5b39a8e15b62b0,Exact corrected-source blob; target-wide compilation and relevant module suite apply. See server-port-evidence.md/client-port-evidence.md and WP04 compatibility evidence.
A,,src/server/cards/robantilles/Suburbs.ts,robantilles,port-and-adapt,verified,73ecdbae1e6090afe7ec3d00338307f108a8e84a,73ecdbae1e6090afe7ec3d00338307f108a8e84a,Exact corrected-source blob; target-wide compilation and relevant module suite apply. See server-port-evidence.md/client-port-evidence.md and WP04 compatibility evidence.
A,,src/server/cards/robantilles/SupernovaExplosion.ts,robantilles,port-and-adapt,verified,8a25887c62a71ac488e6eef13f218ff72005bd0a,8a25887c62a71ac488e6eef13f218ff72005bd0a,Exact corrected-source blob; target-wide compilation and relevant module suite apply. See server-port-evidence.md/client-port-evidence.md and WP04 compatibility evidence.
A,,src/server/cards/robantilles/TaxTheRich.ts,robantilles,port-and-adapt,verified,a7f2262ea6c59204a7defaba26ab3cb6711f82b9,a7f2262ea6c59204a7defaba26ab3cb6711f82b9,Exact corrected-source blob; target-wide compilation and relevant module suite apply. See server-port-evidence.md/client-port-evidence.md and WP04 compatibility evidence.
A,,src/server/cards/robantilles/TempleOfGaiaAtElysium.ts,robantilles,port-and-adapt,verified,9cdf2ffeb52e100066fa5e016eb31be519faf3a1,9cdf2ffeb52e100066fa5e016eb31be519faf3a1,Exact corrected-source blob; target-wide compilation and relevant module suite apply. See server-port-evidence.md/client-port-evidence.md and WP04 compatibility evidence.
A,,src/server/cards/robantilles/TerraformingBureauRestructuring.ts,robantilles,port-and-adapt,verified,8d26d2a511e178f82a936fc4cc9a371700be6089,8d26d2a511e178f82a936fc4cc9a371700be6089,Exact corrected-source blob; target-wide compilation and relevant module suite apply. See server-port-evidence.md/client-port-evidence.md and WP04 compatibility evidence.
A,,src/server/cards/robantilles/TharsisColossus.ts,robantilles,port-and-adapt,verified,5fbee5bca409f6f9cf7c132b625ec5fbd09b6d0b,5fbee5bca409f6f9cf7c132b625ec5fbd09b6d0b,Exact corrected-source blob; target-wide compilation and relevant module suite apply. See server-port-evidence.md/client-port-evidence.md and WP04 compatibility evidence.
A,,src/server/cards/robantilles/TharsisPumpingHub.ts,robantilles,port-and-adapt,verified,e6e8a17a681ed78ba507c8388ca2c2de02ed031c,e6e8a17a681ed78ba507c8388ca2c2de02ed031c,Exact corrected-source blob; target-wide compilation and relevant module suite apply. See server-port-evidence.md/client-port-evidence.md and WP04 compatibility evidence.
A,,src/server/cards/robantilles/TroposphericCity.ts,robantilles,port-and-adapt,verified,3cfff540c18d79f278a4d3b81aa603e5cc3b5797,3cfff540c18d79f278a4d3b81aa603e5cc3b5797,Exact corrected-source blob; target-wide compilation and relevant module suite apply. See server-port-evidence.md/client-port-evidence.md and WP04 compatibility evidence.
A,,src/server/cards/robantilles/UpgradedSaws.ts,robantilles,port-and-adapt,verified,b831e9e572f836e41cfd44705f97039ac19180b6,b831e9e572f836e41cfd44705f97039ac19180b6,Exact corrected-source blob; target-wide compilation and relevant module suite apply. See server-port-evidence.md/client-port-evidence.md and WP04 compatibility evidence.
A,,src/server/cards/robantilles/UtopiaPlanitiaSpaceport.ts,robantilles,port-and-adapt,verified,1f2fe7b244093a19c6aa609e164d014c256e3fc1,2bc747a302ce914f39eab63fd4f2a1653828a375,Adapted source delta on target; retain custom contracts. See server-port-evidence.md; server regression suite and WP04 save/input/replay checks.
A,,src/server/cards/robantilles/WeatherControlTower.ts,robantilles,port-and-adapt,verified,ab623c8a889ebf7f2dc3240f3e8e60add7926927,ab623c8a889ebf7f2dc3240f3e8e60add7926927,Exact corrected-source blob; target-wide compilation and relevant module suite apply. See server-port-evidence.md/client-port-evidence.md and WP04 compatibility evidence.
A,,src/server/cards/sillyfication/Amphibians.ts,sillyfication,port-and-adapt,verified,2f3a807ce69435ca891fab0a50e6debc3d41f54b,2f3a807ce69435ca891fab0a50e6debc3d41f54b,Exact corrected-source blob; target-wide compilation and relevant module suite apply. See server-port-evidence.md/client-port-evidence.md and WP04 compatibility evidence.
A,,src/server/cards/sillyfication/AnimalShelter.ts,sillyfication,port-and-adapt,verified,15828523fa66a77a0f6f9532c7cb9d0837829968,15828523fa66a77a0f6f9532c7cb9d0837829968,Exact corrected-source blob; target-wide compilation and relevant module suite apply. See server-port-evidence.md/client-port-evidence.md and WP04 compatibility evidence.
A,,src/server/cards/sillyfication/AriAdore.ts,sillyfication,port-and-adapt,verified,1839b8bf180f4d6c0179921237d661c29cc8e3bb,1839b8bf180f4d6c0179921237d661c29cc8e3bb,Exact corrected-source blob; target-wide compilation and relevant module suite apply. See server-port-evidence.md/client-port-evidence.md and WP04 compatibility evidence.
A,,src/server/cards/sillyfication/Balance.ts,sillyfication,port-and-adapt,verified,71f5d2acf8cf6801945f40d6d446d6ba1ea827da,71f5d2acf8cf6801945f40d6d446d6ba1ea827da,Exact corrected-source blob; target-wide compilation and relevant module suite apply. See server-port-evidence.md/client-port-evidence.md and WP04 compatibility evidence.
A,,src/server/cards/sillyfication/Blockhouse.ts,sillyfication,port-and-adapt,verified,90731c4be3f8af2ac0e9cc4fa5656194f9a381a6,90731c4be3f8af2ac0e9cc4fa5656194f9a381a6,Exact corrected-source blob; target-wide compilation and relevant module suite apply. See server-port-evidence.md/client-port-evidence.md and WP04 compatibility evidence.
A,,src/server/cards/sillyfication/BurnTheForest.ts,sillyfication,port-and-adapt,verified,ea73ec190b147ef70998619bc844735706c2f29e,ea73ec190b147ef70998619bc844735706c2f29e,Exact corrected-source blob; target-wide compilation and relevant module suite apply. See server-port-evidence.md/client-port-evidence.md and WP04 compatibility evidence.
A,,src/server/cards/sillyfication/Cats.ts,sillyfication,port-and-adapt,verified,df80e95d6603382733444fa1657c399842f1b741,df80e95d6603382733444fa1657c399842f1b741,Exact corrected-source blob; target-wide compilation and relevant module suite apply. See server-port-evidence.md/client-port-evidence.md and WP04 compatibility evidence.
A,,src/server/cards/sillyfication/ChillingRiches.ts,sillyfication,port-and-adapt,verified,8c39c86b9a496dbf2a323335cddc05768e54a30f,8c39c86b9a496dbf2a323335cddc05768e54a30f,Exact corrected-source blob; target-wide compilation and relevant module suite apply. See server-port-evidence.md/client-port-evidence.md and WP04 compatibility evidence.
A,,src/server/cards/sillyfication/ChipFabricationPlant.ts,sillyfication,port-and-adapt,verified,06d15899ed5506e9975e98c7a18f9692d74c42f0,97993359a4e826a01e15e398f3caf4042bbc36de,Adapted source delta on target; retain custom contracts. See server-port-evidence.md; server regression suite and WP04 save/input/replay checks.
A,,src/server/cards/sillyfication/ColdBlooded.ts,sillyfication,port-and-adapt,verified,574d651be373a285d11acb61c80965abca5ac4b7,574d651be373a285d11acb61c80965abca5ac4b7,Exact corrected-source blob; target-wide compilation and relevant module suite apply. See server-port-evidence.md/client-port-evidence.md and WP04 compatibility evidence.
A,,src/server/cards/sillyfication/ColdLikeSteel.ts,sillyfication,port-and-adapt,verified,0146fce22cc73710fb32507be9ff2dfa0e122cf7,0146fce22cc73710fb32507be9ff2dfa0e122cf7,Exact corrected-source blob; target-wide compilation and relevant module suite apply. See server-port-evidence.md/client-port-evidence.md and WP04 compatibility evidence.
A,,src/server/cards/sillyfication/ColonySale.ts,sillyfication,port-and-adapt,verified,091a58539cee7b1b30e0e6909a3e69ea6749e74d,091a58539cee7b1b30e0e6909a3e69ea6749e74d,Exact corrected-source blob; target-wide compilation and relevant module suite apply. See server-port-evidence.md/client-port-evidence.md and WP04 compatibility evidence.
A,,src/server/cards/sillyfication/CommitteeToFormACommittee.ts,sillyfication,port-and-adapt,verified,91d4de63b7b6c6da6f5444b9c9ea741ca695a4e7,91d4de63b7b6c6da6f5444b9c9ea741ca695a4e7,Exact corrected-source blob; target-wide compilation and relevant module suite apply. See server-port-evidence.md/client-port-evidence.md and WP04 compatibility evidence.
A,,src/server/cards/sillyfication/CoreMines.ts,sillyfication,port-and-adapt,verified,50fc1c7b0031ee8a7a1eca5cb6b39ce55203e497,50fc1c7b0031ee8a7a1eca5cb6b39ce55203e497,Exact corrected-source blob; target-wide compilation and relevant module suite apply. See server-port-evidence.md/client-port-evidence.md and WP04 compatibility evidence.
A,,src/server/cards/sillyfication/CorruptGovernors.ts,sillyfication,port-and-adapt,verified,2341fb68779835351da3185853572da1be908839,2341fb68779835351da3185853572da1be908839,Exact corrected-source blob; target-wide compilation and relevant module suite apply. See server-port-evidence.md/client-port-evidence.md and WP04 compatibility evidence.
A,,src/server/cards/sillyfication/CostIndex.ts,sillyfication,port-and-adapt,verified,9de05799e3a28ebb5e67d7931202403b3a9d29d4,9de05799e3a28ebb5e67d7931202403b3a9d29d4,Exact corrected-source blob; target-wide compilation and relevant module suite apply. See server-port-evidence.md/client-port-evidence.md and WP04 compatibility evidence.
A,,src/server/cards/sillyfication/Critterworld.ts,sillyfication,port-and-adapt,verified,fc10492c52c5a1899d89d8594a80eb76b9e4970f,fc10492c52c5a1899d89d8594a80eb76b9e4970f,Exact corrected-source blob; target-wide compilation and relevant module suite apply. See server-port-evidence.md/client-port-evidence.md and WP04 compatibility evidence.
A,,src/server/cards/sillyfication/CropTheft.ts,sillyfication,port-and-adapt,verified,4b6dfe2761dbb7935b51c5228dbe98912b4990e3,4b6dfe2761dbb7935b51c5228dbe98912b4990e3,Exact corrected-source blob; target-wide compilation and relevant module suite apply. See server-port-evidence.md/client-port-evidence.md and WP04 compatibility evidence.
A,,src/server/cards/sillyfication/CutoutNetworks.ts,sillyfication,port-and-adapt,verified,f7f5c2786fe4e370d5f50115a0005412680ce059,f7f5c2786fe4e370d5f50115a0005412680ce059,Exact corrected-source blob; target-wide compilation and relevant module suite apply. See server-port-evidence.md/client-port-evidence.md and WP04 compatibility evidence.
A,,src/server/cards/sillyfication/DeadDrop.ts,sillyfication,port-and-adapt,verified,5a9bf635df0f1fd277f87418fbc5ad065f6287d3,5a9bf635df0f1fd277f87418fbc5ad065f6287d3,Exact corrected-source blob; target-wide compilation and relevant module suite apply. See server-port-evidence.md/client-port-evidence.md and WP04 compatibility evidence.
A,,src/server/cards/sillyfication/DebrisField.ts,sillyfication,port-and-adapt,verified,3ef4aa2e8e05b91b4233d0392d32104df35de341,3ef4aa2e8e05b91b4233d0392d32104df35de341,Exact corrected-source blob; target-wide compilation and relevant module suite apply. See server-port-evidence.md/client-port-evidence.md and WP04 compatibility evidence.
A,,src/server/cards/sillyfication/DeimosDoubleDown.ts,sillyfication,port-and-adapt,verified,75dca5d9436ed258d719c1c5536e74377138fe04,4e25536adf519973935fc9f86206a68f2b16ebdd,Adapted source delta on target; retain custom contracts. See server-port-evidence.md; server regression suite and WP04 save/input/replay checks.
A,,src/server/cards/sillyfication/DeimosDoubleDownCopy.ts,sillyfication,port-and-adapt,verified,ea0e8fdf780196278b43039586d7eb6f6ea670fb,8f906b583249dff4b2d6bd4e2dbde2df0aa79c58,Adapted source delta on target; retain custom contracts. See server-port-evidence.md; server regression suite and WP04 save/input/replay checks.
A,,src/server/cards/sillyfication/DisruptiveStartup.ts,sillyfication,port-and-adapt,verified,76fd57b8adfff5fb7029f5b893fa538d13e37d7e,76fd57b8adfff5fb7029f5b893fa538d13e37d7e,Exact corrected-source blob; target-wide compilation and relevant module suite apply. See server-port-evidence.md/client-port-evidence.md and WP04 compatibility evidence.
A,,src/server/cards/sillyfication/Electrobic.ts,sillyfication,port-and-adapt,verified,757bdf188a0c334d82178df1c3e2d1c7ae216568,757bdf188a0c334d82178df1c3e2d1c7ae216568,Exact corrected-source blob; target-wide compilation and relevant module suite apply. See server-port-evidence.md/client-port-evidence.md and WP04 compatibility evidence.
A,,src/server/cards/sillyfication/EnergyHarvest.ts,sillyfication,port-and-adapt,verified,d3fdf443c6230f56723a99dc57bd5845afda4aaa,d3fdf443c6230f56723a99dc57bd5845afda4aaa,Exact corrected-source blob; target-wide compilation and relevant module suite apply. See server-port-evidence.md/client-port-evidence.md and WP04 compatibility evidence.
A,,src/server/cards/sillyfication/EpsilonDample.ts,sillyfication,port-and-adapt,verified,4e989424743edd0aac9fd3e27c4a9f1392a48b0d,4e989424743edd0aac9fd3e27c4a9f1392a48b0d,Exact corrected-source blob; target-wide compilation and relevant module suite apply. See server-port-evidence.md/client-port-evidence.md and WP04 compatibility evidence.
A,,src/server/cards/sillyfication/EvergreenForest.ts,sillyfication,port-and-adapt,verified,5cd0aebd16fa54a1762674b2414491e40b6e75c8,5cd0aebd16fa54a1762674b2414491e40b6e75c8,Exact corrected-source blob; target-wide compilation and relevant module suite apply. See server-port-evidence.md/client-port-evidence.md and WP04 compatibility evidence.
A,,src/server/cards/sillyfication/FailedExperiment.ts,sillyfication,port-and-adapt,verified,b42b91cffdc2a5db41033f95552c2c2e68941aed,b42b91cffdc2a5db41033f95552c2c2e68941aed,Exact corrected-source blob; target-wide compilation and relevant module suite apply. See server-port-evidence.md/client-port-evidence.md and WP04 compatibility evidence.
A,,src/server/cards/sillyfication/FirstMissionToGanymede.ts,sillyfication,port-and-adapt,verified,2089f54cec5e6b001ac6686f392942683df900be,2089f54cec5e6b001ac6686f392942683df900be,Exact corrected-source blob; target-wide compilation and relevant module suite apply. See server-port-evidence.md/client-port-evidence.md and WP04 compatibility evidence.
A,,src/server/cards/sillyfication/FungalFrenzy.ts,sillyfication,port-and-adapt,verified,e820793f7776ebebfb23a10eb2884ebce13d0f58,e820793f7776ebebfb23a10eb2884ebce13d0f58,Exact corrected-source blob; target-wide compilation and relevant module suite apply. See server-port-evidence.md/client-port-evidence.md and WP04 compatibility evidence.
A,,src/server/cards/sillyfication/GamblingProblem.ts,sillyfication,port-and-adapt,verified,bdd9d07b9dba5fbe64efb00c9734df6e29ec3b6f,bdd9d07b9dba5fbe64efb00c9734df6e29ec3b6f,Exact corrected-source blob; target-wide compilation and relevant module suite apply. See server-port-evidence.md/client-port-evidence.md and WP04 compatibility evidence.
A,,src/server/cards/sillyfication/GarbageDumps.ts,sillyfication,port-and-adapt,verified,d812d6d782c625cd43029e196af68963cf22fc31,d812d6d782c625cd43029e196af68963cf22fc31,Exact corrected-source blob; target-wide compilation and relevant module suite apply. See server-port-evidence.md/client-port-evidence.md and WP04 compatibility evidence.
A,,src/server/cards/sillyfication/GasGiantTourismBoard.ts,sillyfication,port-and-adapt,verified,13403aa12d006a08e8760fe79a691cd22ab71ce8,13403aa12d006a08e8760fe79a691cd22ab71ce8,Exact corrected-source blob; target-wide compilation and relevant module suite apply. See server-port-evidence.md/client-port-evidence.md and WP04 compatibility evidence.
A,,src/server/cards/sillyfication/GenerousRedistribution.ts,sillyfication,port-and-adapt,verified,55b9dcd658bf20a697277cde8ab9635dbf0c97c1,55b9dcd658bf20a697277cde8ab9635dbf0c97c1,Exact corrected-source blob; target-wide compilation and relevant module suite apply. See server-port-evidence.md/client-port-evidence.md and WP04 compatibility evidence.
A,,src/server/cards/sillyfication/GlobalEnergyInfrastructure.ts,sillyfication,port-and-adapt,verified,770bd0478a2f304fdad1caa1e0187f5094b7cbb0,770bd0478a2f304fdad1caa1e0187f5094b7cbb0,Exact corrected-source blob; target-wide compilation and relevant module suite apply. See server-port-evidence.md/client-port-evidence.md and WP04 compatibility evidence.
A,,src/server/cards/sillyfication/GuerrillaGardening.ts,sillyfication,port-and-adapt,verified,8b853d1aca54953abef8e44a7eabb4c973cf3773,8b853d1aca54953abef8e44a7eabb4c973cf3773,Exact corrected-source blob; target-wide compilation and relevant module suite apply. See server-port-evidence.md/client-port-evidence.md and WP04 compatibility evidence.
A,,src/server/cards/sillyfication/Horses.ts,sillyfication,port-and-adapt,verified,b22e6825a97a69cae3ebae817c88c1fe523f7e6f,b22e6825a97a69cae3ebae817c88c1fe523f7e6f,Exact corrected-source blob; target-wide compilation and relevant module suite apply. See server-port-evidence.md/client-port-evidence.md and WP04 compatibility evidence.
A,,src/server/cards/sillyfication/IdeaBudgeting.ts,sillyfication,port-and-adapt,verified,74a75a5cb6d8d62ea78daf0bd53bbdce5790b149,74a75a5cb6d8d62ea78daf0bd53bbdce5790b149,Exact corrected-source blob; target-wide compilation and relevant module suite apply. See server-port-evidence.md/client-port-evidence.md and WP04 compatibility evidence.
A,,src/server/cards/sillyfication/InsiderTrading.ts,sillyfication,port-and-adapt,verified,d13e4628fa2e988267bd64e3a1abee6f15a2aca0,d13e4628fa2e988267bd64e3a1abee6f15a2aca0,Exact corrected-source blob; target-wide compilation and relevant module suite apply. See server-port-evidence.md/client-port-evidence.md and WP04 compatibility evidence.
A,,src/server/cards/sillyfication/Insurance.ts,sillyfication,port-and-adapt,verified,d3953e7beb5f711fa7eee39fa703d94dbfbc399b,d3953e7beb5f711fa7eee39fa703d94dbfbc399b,Exact corrected-source blob; target-wide compilation and relevant module suite apply. See server-port-evidence.md/client-port-evidence.md and WP04 compatibility evidence.
A,,src/server/cards/sillyfication/Jupiter.ts,sillyfication,port-and-adapt,verified,9213e13e363f28a31bb39ba5c066d1adc1c7b19a,9213e13e363f28a31bb39ba5c066d1adc1c7b19a,Exact corrected-source blob; target-wide compilation and relevant module suite apply. See server-port-evidence.md/client-port-evidence.md and WP04 compatibility evidence.
A,,src/server/cards/sillyfication/LaunchWindow.ts,sillyfication,port-and-adapt,verified,dcd22e0a17643bf4c1e71e5b4fd491753db66757,dcd22e0a17643bf4c1e71e5b4fd491753db66757,Exact corrected-source blob; target-wide compilation and relevant module suite apply. See server-port-evidence.md/client-port-evidence.md and WP04 compatibility evidence.
A,,src/server/cards/sillyfication/LivestockLobby.ts,sillyfication,port-and-adapt,verified,eede793b6c891996b568643229d6e0d029e81b6a,eede793b6c891996b568643229d6e0d029e81b6a,Exact corrected-source blob; target-wide compilation and relevant module suite apply. See server-port-evidence.md/client-port-evidence.md and WP04 compatibility evidence.
A,,src/server/cards/sillyfication/LonelyTown.ts,sillyfication,port-and-adapt,verified,d7c5d1beefaeb12a1d1f9f0082e9c1910fe7d988,d7c5d1beefaeb12a1d1f9f0082e9c1910fe7d988,Exact corrected-source blob; target-wide compilation and relevant module suite apply. See server-port-evidence.md/client-port-evidence.md and WP04 compatibility evidence.
A,,src/server/cards/sillyfication/LongDistanceRelations.ts,sillyfication,port-and-adapt,verified,337c347564306b71cfcde76ccf31c518d2520bd6,337c347564306b71cfcde76ccf31c518d2520bd6,Exact corrected-source blob; target-wide compilation and relevant module suite apply. See server-port-evidence.md/client-port-evidence.md and WP04 compatibility evidence.
A,,src/server/cards/sillyfication/LoremIpsum.ts,sillyfication,port-and-adapt,verified,19a3a604fc6452e4b732c0357841b993ded126e4,19a3a604fc6452e4b732c0357841b993ded126e4,Exact corrected-source blob; target-wide compilation and relevant module suite apply. See server-port-evidence.md/client-port-evidence.md and WP04 compatibility evidence.
A,,src/server/cards/sillyfication/MacroMills.ts,sillyfication,port-and-adapt,verified,5c95b47502e0715040ace0322cf2ed2711e92c91,5c95b47502e0715040ace0322cf2ed2711e92c91,Exact corrected-source blob; target-wide compilation and relevant module suite apply. See server-port-evidence.md/client-port-evidence.md and WP04 compatibility evidence.
A,,src/server/cards/sillyfication/Manuwhack.ts,sillyfication,port-and-adapt,verified,32d439385fddad06d09cc6942d64b0deb5d7e441,32d439385fddad06d09cc6942d64b0deb5d7e441,Exact corrected-source blob; target-wide compilation and relevant module suite apply. See server-port-evidence.md/client-port-evidence.md and WP04 compatibility evidence.
A,,src/server/cards/sillyfication/MarketCrash.ts,sillyfication,port-and-adapt,verified,cb891a2a27c1fe98dcbce4400997099eb9df3a9d,cb891a2a27c1fe98dcbce4400997099eb9df3a9d,Exact corrected-source blob; target-wide compilation and relevant module suite apply. See server-port-evidence.md/client-port-evidence.md and WP04 compatibility evidence.
A,,src/server/cards/sillyfication/MarsHomesteadAct.ts,sillyfication,port-and-adapt,verified,43e7addb15bfabdcbd081845b7962fcf8e13d69b,43e7addb15bfabdcbd081845b7962fcf8e13d69b,Exact corrected-source blob; target-wide compilation and relevant module suite apply. See server-port-evidence.md/client-port-evidence.md and WP04 compatibility evidence.
A,,src/server/cards/sillyfication/MicroCredits.ts,sillyfication,port-and-adapt,verified,0cd72f59ad29d3eec76cf471e0d764bd8166dece,0cd72f59ad29d3eec76cf471e0d764bd8166dece,Exact corrected-source blob; target-wide compilation and relevant module suite apply. See server-port-evidence.md/client-port-evidence.md and WP04 compatibility evidence.
A,,src/server/cards/sillyfication/MicroEnergy.ts,sillyfication,port-and-adapt,verified,e70c7834a619e729636e301c14eb45a43a4bb63f,e70c7834a619e729636e301c14eb45a43a4bb63f,Exact corrected-source blob; target-wide compilation and relevant module suite apply. See server-port-evidence.md/client-port-evidence.md and WP04 compatibility evidence.
A,,src/server/cards/sillyfication/MicroPlant.ts,sillyfication,port-and-adapt,verified,1642b8d086049087c76896de386ac0137ff50535,1642b8d086049087c76896de386ac0137ff50535,Exact corrected-source blob; target-wide compilation and relevant module suite apply. See server-port-evidence.md/client-port-evidence.md and WP04 compatibility evidence.
A,,src/server/cards/sillyfication/MicroSteel.ts,sillyfication,port-and-adapt,verified,03e410f8edb68dcba459837b1b80b9366f47ba31,03e410f8edb68dcba459837b1b80b9366f47ba31,Exact corrected-source blob; target-wide compilation and relevant module suite apply. See server-port-evidence.md/client-port-evidence.md and WP04 compatibility evidence.
A,,src/server/cards/sillyfication/MicroTitanium.ts,sillyfication,port-and-adapt,verified,9f30993d0f9030384adbc0723cfd72a5eff6d854,9f30993d0f9030384adbc0723cfd72a5eff6d854,Exact corrected-source blob; target-wide compilation and relevant module suite apply. See server-port-evidence.md/client-port-evidence.md and WP04 compatibility evidence.
A,,src/server/cards/sillyfication/Microbetronics.ts,sillyfication,port-and-adapt,verified,1637fb4bea5bb12adee6b08f26edb57ab747ad17,1637fb4bea5bb12adee6b08f26edb57ab747ad17,Exact corrected-source blob; target-wide compilation and relevant module suite apply. See server-port-evidence.md/client-port-evidence.md and WP04 compatibility evidence.
A,,src/server/cards/sillyfication/Microbitic.ts,sillyfication,port-and-adapt,verified,5199f8d97853d52d83bc6d08ff37cd002b70a0d8,5199f8d97853d52d83bc6d08ff37cd002b70a0d8,Exact corrected-source blob; target-wide compilation and relevant module suite apply. See server-port-evidence.md/client-port-evidence.md and WP04 compatibility evidence.
A,,src/server/cards/sillyfication/MineralFabricators.ts,sillyfication,port-and-adapt,verified,3150c9c95f81b2d8f4d748c5fa4c7b491ee31c28,3150c9c95f81b2d8f4d748c5fa4c7b491ee31c28,Exact corrected-source blob; target-wide compilation and relevant module suite apply. See server-port-evidence.md/client-port-evidence.md and WP04 compatibility evidence.
A,,src/server/cards/sillyfication/MoonCow.ts,sillyfication,port-and-adapt,verified,711bb51af1f1977dbb4a01600efc6566796e3952,711bb51af1f1977dbb4a01600efc6566796e3952,Exact corrected-source blob; target-wide compilation and relevant module suite apply. See server-port-evidence.md/client-port-evidence.md and WP04 compatibility evidence.
A,,src/server/cards/sillyfication/Mulligans.ts,sillyfication,port-and-adapt,verified,211d8b0f74b276bfb198d1bf1f7b10b985b525bb,211d8b0f74b276bfb198d1bf1f7b10b985b525bb,Exact corrected-source blob; target-wide compilation and relevant module suite apply. See server-port-evidence.md/client-port-evidence.md and WP04 compatibility evidence.
A,,src/server/cards/sillyfication/Mulligens.ts,sillyfication,port-and-adapt,verified,25045772b396f64ca4cb60c2020f2485791826f7,25045772b396f64ca4cb60c2020f2485791826f7,Exact corrected-source blob; target-wide compilation and relevant module suite apply. See server-port-evidence.md/client-port-evidence.md and WP04 compatibility evidence.
A,,src/server/cards/sillyfication/MusicalChairs.ts,sillyfication,port-and-adapt,verified,7343cfb4874a42b98e45f043f8143f6797a8c366,576f56e417364d172868f6cf465f5d7de6bfba45,Adapted source delta on target; retain custom contracts. See server-port-evidence.md; server regression suite and WP04 save/input/replay checks.
A,,src/server/cards/sillyfication/NecroticBloom.ts,sillyfication,port-and-adapt,verified,33cbca3bfc1ba79137a8c70171b4cf7de9b85e7e,33cbca3bfc1ba79137a8c70171b4cf7de9b85e7e,Exact corrected-source blob; target-wide compilation and relevant module suite apply. See server-port-evidence.md/client-port-evidence.md and WP04 compatibility evidence.
A,,src/server/cards/sillyfication/Nepotism.ts,sillyfication,port-and-adapt,verified,ebc762801355615b64e1886a4878f5c5a4cfe26a,ebc762801355615b64e1886a4878f5c5a4cfe26a,Exact corrected-source blob; target-wide compilation and relevant module suite apply. See server-port-evidence.md/client-port-evidence.md and WP04 compatibility evidence.
A,,src/server/cards/sillyfication/NeptuneResearchVessel.ts,sillyfication,port-and-adapt,verified,d53ba01140072012228357e8091b4f016567c677,d53ba01140072012228357e8091b4f016567c677,Exact corrected-source blob; target-wide compilation and relevant module suite apply. See server-port-evidence.md/client-port-evidence.md and WP04 compatibility evidence.
A,,src/server/cards/sillyfication/NereidBiosystems.ts,sillyfication,port-and-adapt,verified,63d8a840766d6d1bcae49ce025a4c851f12c89c0,63d8a840766d6d1bcae49ce025a4c851f12c89c0,Exact corrected-source blob; target-wide compilation and relevant module suite apply. See server-port-evidence.md/client-port-evidence.md and WP04 compatibility evidence.
A,,src/server/cards/sillyfication/OrbitDumping.ts,sillyfication,port-and-adapt,verified,89aa6f04db3e1225709254b6b719a4f5a16dea1a,89aa6f04db3e1225709254b6b719a4f5a16dea1a,Exact corrected-source blob; target-wide compilation and relevant module suite apply. See server-port-evidence.md/client-port-evidence.md and WP04 compatibility evidence.
A,,src/server/cards/sillyfication/OrbitalSeedDispersal.ts,sillyfication,port-and-adapt,verified,a72826a8b01375901e2c38688861be2660f31682,a72826a8b01375901e2c38688861be2660f31682,Exact corrected-source blob; target-wide compilation and relevant module suite apply. See server-port-evidence.md/client-port-evidence.md and WP04 compatibility evidence.
A,,src/server/cards/sillyfication/OutpostOnEuropa.ts,sillyfication,port-and-adapt,verified,26e0cd2d5df36ce3fc7c767e6c11984d4b1d99dd,26e0cd2d5df36ce3fc7c767e6c11984d4b1d99dd,Exact corrected-source blob; target-wide compilation and relevant module suite apply. See server-port-evidence.md/client-port-evidence.md and WP04 compatibility evidence.
A,,src/server/cards/sillyfication/OvercrowdedColony.ts,sillyfication,port-and-adapt,verified,a304a232f00211dcad937d8d2711c246da691276,a304a232f00211dcad937d8d2711c246da691276,Exact corrected-source blob; target-wide compilation and relevant module suite apply. See server-port-evidence.md/client-port-evidence.md and WP04 compatibility evidence.
A,,src/server/cards/sillyfication/PeerReview.ts,sillyfication,port-and-adapt,verified,7414178fc0ce5756645f98c7d12ff79c80e68bef,7414178fc0ce5756645f98c7d12ff79c80e68bef,Exact corrected-source blob; target-wide compilation and relevant module suite apply. See server-port-evidence.md/client-port-evidence.md and WP04 compatibility evidence.
A,,src/server/cards/sillyfication/PercussiveReactor.ts,sillyfication,port-and-adapt,verified,1dfbfe39fdc559c408b09af733ecc9202c03346b,82a4a68cf20337fb5919a11cb454b46f1b7fda45,Adapted source delta on target; retain custom contracts. See server-port-evidence.md; server regression suite and WP04 save/input/replay checks.
A,,src/server/cards/sillyfication/PharmacyOnLuna.ts,sillyfication,port-and-adapt,verified,9a0d7a2560ae7efeae40d9cf0e4695a5e0c6bd5d,9a0d7a2560ae7efeae40d9cf0e4695a5e0c6bd5d,Exact corrected-source blob; target-wide compilation and relevant module suite apply. See server-port-evidence.md/client-port-evidence.md and WP04 compatibility evidence.
A,,src/server/cards/sillyfication/PlantEater.ts,sillyfication,port-and-adapt,verified,7514e2e03c227370e14e0edde11d16838e34ec95,7514e2e03c227370e14e0edde11d16838e34ec95,Exact corrected-source blob; target-wide compilation and relevant module suite apply. See server-port-evidence.md/client-port-evidence.md and WP04 compatibility evidence.
A,,src/server/cards/sillyfication/Pothole.ts,sillyfication,port-and-adapt,verified,e6169e6b17d3ed40e4cd0ae7d16133443cee36af,e6169e6b17d3ed40e4cd0ae7d16133443cee36af,Exact corrected-source blob; target-wide compilation and relevant module suite apply. See server-port-evidence.md/client-port-evidence.md and WP04 compatibility evidence.
A,,src/server/cards/sillyfication/PreludeCloning.ts,sillyfication,port-and-adapt,verified,0a5fefffad7da908dd7d5faf445a0039fd64134f,0a5fefffad7da908dd7d5faf445a0039fd64134f,Exact corrected-source blob; target-wide compilation and relevant module suite apply. See server-port-evidence.md/client-port-evidence.md and WP04 compatibility evidence.
A,,src/server/cards/sillyfication/PreludeGambit.ts,sillyfication,port-and-adapt,verified,55ff1042e84ae14a76ea78a784b9e9740b304021,55ff1042e84ae14a76ea78a784b9e9740b304021,Exact corrected-source blob; target-wide compilation and relevant module suite apply. See server-port-evidence.md/client-port-evidence.md and WP04 compatibility evidence.
A,,src/server/cards/sillyfication/ProjectImitators.ts,sillyfication,port-and-adapt,verified,8bf7270cfc554a8bd40ec767a079f8d09da2b610,45509978427d6c0e0cd5578fd05f08670a19adf4,Adapted source delta on target; retain custom contracts. See server-port-evidence.md; server regression suite and WP04 save/input/replay checks.
A,,src/server/cards/sillyfication/PureEnergy.ts,sillyfication,port-and-adapt,verified,1ea8e23d0441878ae293539786bca494124f9008,1ea8e23d0441878ae293539786bca494124f9008,Exact corrected-source blob; target-wide compilation and relevant module suite apply. See server-port-evidence.md/client-port-evidence.md and WP04 compatibility evidence.
A,,src/server/cards/sillyfication/RawEnergy.ts,sillyfication,port-and-adapt,verified,33b885df480504635167ff49400171ebc4a9a7fa,33b885df480504635167ff49400171ebc4a9a7fa,Exact corrected-source blob; target-wide compilation and relevant module suite apply. See server-port-evidence.md/client-port-evidence.md and WP04 compatibility evidence.
A,,src/server/cards/sillyfication/ResearchPhase.ts,sillyfication,port-and-adapt,verified,6f9d23566405aed25e93567958b21bde9e1dbe9c,6f9d23566405aed25e93567958b21bde9e1dbe9c,Exact corrected-source blob; target-wide compilation and relevant module suite apply. See server-port-evidence.md/client-port-evidence.md and WP04 compatibility evidence.
A,,src/server/cards/sillyfication/Robinitta.ts,sillyfication,port-and-adapt,verified,14004a8a23889a185a22fcc8c4d62e9b1ce6edb7,14004a8a23889a185a22fcc8c4d62e9b1ce6edb7,Exact corrected-source blob; target-wide compilation and relevant module suite apply. See server-port-evidence.md/client-port-evidence.md and WP04 compatibility evidence.
A,,src/server/cards/sillyfication/RotatingHands.ts,sillyfication,port-and-adapt,verified,327b49b6160806c7396b19ebeca612874b3e9b81,327b49b6160806c7396b19ebeca612874b3e9b81,Exact corrected-source blob; target-wide compilation and relevant module suite apply. See server-port-evidence.md/client-port-evidence.md and WP04 compatibility evidence.
A,,src/server/cards/sillyfication/RoundingError.ts,sillyfication,port-and-adapt,verified,2594698f24c4b0cd52f1646291d4efd0be3097d1,2594698f24c4b0cd52f1646291d4efd0be3097d1,Exact corrected-source blob; target-wide compilation and relevant module suite apply. See server-port-evidence.md/client-port-evidence.md and WP04 compatibility evidence.
A,,src/server/cards/sillyfication/SandClaim.ts,sillyfication,port-and-adapt,verified,19576d065e95e39df5872d9248b9e1ee30004575,19576d065e95e39df5872d9248b9e1ee30004575,Exact corrected-source blob; target-wide compilation and relevant module suite apply. See server-port-evidence.md/client-port-evidence.md and WP04 compatibility evidence.
A,,src/server/cards/sillyfication/ScaffoldingForever.ts,sillyfication,port-and-adapt,verified,e0938153fe90b233cdf1c579ed5a13117e37c401,e0938153fe90b233cdf1c579ed5a13117e37c401,Exact corrected-source blob; target-wide compilation and relevant module suite apply. See server-port-evidence.md/client-port-evidence.md and WP04 compatibility evidence.
A,,src/server/cards/sillyfication/SharedKnowledge.ts,sillyfication,port-and-adapt,verified,e2b8762ff389994dae29891a3e58eab8f8a709ad,e2b8762ff389994dae29891a3e58eab8f8a709ad,Exact corrected-source blob; target-wide compilation and relevant module suite apply. See server-port-evidence.md/client-port-evidence.md and WP04 compatibility evidence.
A,,src/server/cards/sillyfication/ShowAndTell.ts,sillyfication,port-and-adapt,verified,b9a5de7a17260758b5e15156acefa710501afa67,b9a5de7a17260758b5e15156acefa710501afa67,Exact corrected-source blob; target-wide compilation and relevant module suite apply. See server-port-evidence.md/client-port-evidence.md and WP04 compatibility evidence.
A,,src/server/cards/sillyfication/SignalUnion.ts,sillyfication,port-and-adapt,verified,d3e7bef6dad898b6341d6dc464c48b0d94525003,d3e7bef6dad898b6341d6dc464c48b0d94525003,Exact corrected-source blob; target-wide compilation and relevant module suite apply. See server-port-evidence.md/client-port-evidence.md and WP04 compatibility evidence.
A,,src/server/cards/sillyfication/SillyficationCardManifest.ts,sillyfication,port-and-adapt,verified,c2ad543edf51acc0173af3e712c5690af7f6e36c,c2ad543edf51acc0173af3e712c5690af7f6e36c,Exact corrected-source blob; target-wide compilation and relevant module suite apply. See server-port-evidence.md/client-port-evidence.md and WP04 compatibility evidence.
A,,src/server/cards/sillyfication/SlashAndBurn.ts,sillyfication,port-and-adapt,verified,fe50acd65b4897385c8472678ab454d44d9e4791,fe50acd65b4897385c8472678ab454d44d9e4791,Exact corrected-source blob; target-wide compilation and relevant module suite apply. See server-port-evidence.md/client-port-evidence.md and WP04 compatibility evidence.
A,,src/server/cards/sillyfication/SlowStart.ts,sillyfication,port-and-adapt,verified,369106041d44ab406a10eab5bdc44e5e7fb55a77,369106041d44ab406a10eab5bdc44e5e7fb55a77,Exact corrected-source blob; target-wide compilation and relevant module suite apply. See server-port-evidence.md/client-port-evidence.md and WP04 compatibility evidence.
A,,src/server/cards/sillyfication/Slums.ts,sillyfication,port-and-adapt,verified,35ec8f7148f816a639c275ffe1ff7c9615c8eabd,35ec8f7148f816a639c275ffe1ff7c9615c8eabd,Exact corrected-source blob; target-wide compilation and relevant module suite apply. See server-port-evidence.md/client-port-evidence.md and WP04 compatibility evidence.
A,,src/server/cards/sillyfication/SmeltingPods.ts,sillyfication,port-and-adapt,verified,74d555b4e859496277b910b8d2ca3b83c714d5f1,74d555b4e859496277b910b8d2ca3b83c714d5f1,Exact corrected-source blob; target-wide compilation and relevant module suite apply. See server-port-evidence.md/client-port-evidence.md and WP04 compatibility evidence.
A,,src/server/cards/sillyfication/SomeAssemblyRequired.ts,sillyfication,port-and-adapt,verified,135a714ab49212e85c9b32a409e5d10bb4585faf,135a714ab49212e85c9b32a409e5d10bb4585faf,Exact corrected-source blob; target-wide compilation and relevant module suite apply. See server-port-evidence.md/client-port-evidence.md and WP04 compatibility evidence.
A,,src/server/cards/sillyfication/SpaceOffice.ts,sillyfication,port-and-adapt,verified,647b63ed421369beea9671356c0a27385f923c27,647b63ed421369beea9671356c0a27385f923c27,Exact corrected-source blob; target-wide compilation and relevant module suite apply. See server-port-evidence.md/client-port-evidence.md and WP04 compatibility evidence.
A,,src/server/cards/sillyfication/SpireTech.ts,sillyfication,port-and-adapt,verified,eb70f2a465f1808082e45b055ab3c87e522fa7a2,eb70f2a465f1808082e45b055ab3c87e522fa7a2,Exact corrected-source blob; target-wide compilation and relevant module suite apply. See server-port-evidence.md/client-port-evidence.md and WP04 compatibility evidence.
A,,src/server/cards/sillyfication/StartingTown.ts,sillyfication,port-and-adapt,verified,281f0b1471b47d88c5ae85f57f5fa0e25fb7e1d4,281f0b1471b47d88c5ae85f57f5fa0e25fb7e1d4,Exact corrected-source blob; target-wide compilation and relevant module suite apply. See server-port-evidence.md/client-port-evidence.md and WP04 compatibility evidence.
A,,src/server/cards/sillyfication/SteelPhobo.ts,sillyfication,port-and-adapt,verified,5f6b745f8ccdca6d28e7b2b77da29760eb18e5c7,5f6b745f8ccdca6d28e7b2b77da29760eb18e5c7,Exact corrected-source blob; target-wide compilation and relevant module suite apply. See server-port-evidence.md/client-port-evidence.md and WP04 compatibility evidence.
A,,src/server/cards/sillyfication/Swaperoo.ts,sillyfication,port-and-adapt,verified,d96b1451dba91a95c06fbfa57edacbc817f5410c,d96b1451dba91a95c06fbfa57edacbc817f5410c,Exact corrected-source blob; target-wide compilation and relevant module suite apply. See server-port-evidence.md/client-port-evidence.md and WP04 compatibility evidence.
A,,src/server/cards/sillyfication/Switcharoo.ts,sillyfication,port-and-adapt,verified,080847fa7e43800ae787228fe8233e86c99b2e7b,080847fa7e43800ae787228fe8233e86c99b2e7b,Exact corrected-source blob; target-wide compilation and relevant module suite apply. See server-port-evidence.md/client-port-evidence.md and WP04 compatibility evidence.
A,,src/server/cards/sillyfication/TagTaxer.ts,sillyfication,port-and-adapt,verified,65966c5b31dc528adc9245ecf745658e8dc0638b,65966c5b31dc528adc9245ecf745658e8dc0638b,Exact corrected-source blob; target-wide compilation and relevant module suite apply. See server-port-evidence.md/client-port-evidence.md and WP04 compatibility evidence.
A,,src/server/cards/sillyfication/TheSyndicate.ts,sillyfication,port-and-adapt,verified,2bdf9dc83eec55c429e296c9833142fe3596bbcf,2bdf9dc83eec55c429e296c9833142fe3596bbcf,Exact corrected-source blob; target-wide compilation and relevant module suite apply. See server-port-evidence.md/client-port-evidence.md and WP04 compatibility evidence.
A,,src/server/cards/sillyfication/ThermalForests.ts,sillyfication,port-and-adapt,verified,bc755bda269c24b9fec6578ccd9700f7e9675f0f,bc755bda269c24b9fec6578ccd9700f7e9675f0f,Exact corrected-source blob; target-wide compilation and relevant module suite apply. See server-port-evidence.md/client-port-evidence.md and WP04 compatibility evidence.
A,,src/server/cards/sillyfication/ThermalSmeltery.ts,sillyfication,port-and-adapt,verified,edc2d3db39cac874f80a754ff4f300763cfde4f0,edc2d3db39cac874f80a754ff4f300763cfde4f0,Exact corrected-source blob; target-wide compilation and relevant module suite apply. See server-port-evidence.md/client-port-evidence.md and WP04 compatibility evidence.
A,,src/server/cards/sillyfication/UndergroundWorms.ts,sillyfication,port-and-adapt,verified,3f8c4c9d8c166f74d8e43b0b25b42b832f30de2b,3f8c4c9d8c166f74d8e43b0b25b42b832f30de2b,Exact corrected-source blob; target-wide compilation and relevant module suite apply. See server-port-evidence.md/client-port-evidence.md and WP04 compatibility evidence.
A,,src/server/cards/sillyfication/UnpaidElectricityBill.ts,sillyfication,port-and-adapt,verified,7554aa3ad61561217e7a4cea1b0b7d7f8eb13024,7554aa3ad61561217e7a4cea1b0b7d7f8eb13024,Exact corrected-source blob; target-wide compilation and relevant module suite apply. See server-port-evidence.md/client-port-evidence.md and WP04 compatibility evidence.
A,,src/server/cards/sillyfication/UranusSeaCreatures.ts,sillyfication,port-and-adapt,verified,b9db188f139372f58ba1a24bf4967dbb6b9c2564,b9db188f139372f58ba1a24bf4967dbb6b9c2564,Exact corrected-source blob; target-wide compilation and relevant module suite apply. See server-port-evidence.md/client-port-evidence.md and WP04 compatibility evidence.
A,,src/server/cards/sillyfication/Venuphile.ts,sillyfication,port-and-adapt,verified,fce330c7d4c02b266392938dafd89aa177e58fd2,fce330c7d4c02b266392938dafd89aa177e58fd2,Exact corrected-source blob; target-wide compilation and relevant module suite apply. See server-port-evidence.md/client-port-evidence.md and WP04 compatibility evidence.
A,,src/server/cards/sillyfication/VenusVentures.ts,sillyfication,port-and-adapt,verified,431fadc0f5557e3b5344de4998535415bfaf958a,431fadc0f5557e3b5344de4998535415bfaf958a,Exact corrected-source blob; target-wide compilation and relevant module suite apply. See server-port-evidence.md/client-port-evidence.md and WP04 compatibility evidence.
A,,src/server/cards/sillyfication/VenusianBees.ts,sillyfication,port-and-adapt,verified,8c12ac8fa99286b9112024625ee9c1ee2d4b5daa,8c12ac8fa99286b9112024625ee9c1ee2d4b5daa,Exact corrected-source blob; target-wide compilation and relevant module suite apply. See server-port-evidence.md/client-port-evidence.md and WP04 compatibility evidence.
A,,src/server/cards/sillyfication/VenusianSubsidiary.ts,sillyfication,port-and-adapt,verified,affb4e741c9e2f5d7194e1e3b226c8a229dc8b35,affb4e741c9e2f5d7194e1e3b226c8a229dc8b35,Exact corrected-source blob; target-wide compilation and relevant module suite apply. See server-port-evidence.md/client-port-evidence.md and WP04 compatibility evidence.
A,,src/server/cards/sillyfication/VitorVitalis.ts,sillyfication,port-and-adapt,verified,76fd0ccf6dc438309f901ea04fea1f5d2dd86b8a,76fd0ccf6dc438309f901ea04fea1f5d2dd86b8a,Exact corrected-source blob; target-wide compilation and relevant module suite apply. See server-port-evidence.md/client-port-evidence.md and WP04 compatibility evidence.
A,,src/server/cards/sillyfication/VolcanicMinerals.ts,sillyfication,port-and-adapt,verified,31662bad3315ae704e6092582b801ad7e42973f1,31662bad3315ae704e6092582b801ad7e42973f1,Exact corrected-source blob; target-wide compilation and relevant module suite apply. See server-port-evidence.md/client-port-evidence.md and WP04 compatibility evidence.
A,,src/server/cards/sillyfication/WellnessDeluxe.ts,sillyfication,port-and-adapt,verified,aa5d26a703b5347596c595e3cb6b057f9cb03f15,aa5d26a703b5347596c595e3cb6b057f9cb03f15,Exact corrected-source blob; target-wide compilation and relevant module suite apply. See server-port-evidence.md/client-port-evidence.md and WP04 compatibility evidence.
A,,src/server/cards/sillyfication/ZetaTollkeeper.ts,sillyfication,port-and-adapt,verified,dd706fee42dec14aa0eda4bc6c7bf8fc0d834bd9,dd706fee42dec14aa0eda4bc6c7bf8fc0d834bd9,Exact corrected-source blob; target-wide compilation and relevant module suite apply. See server-port-evidence.md/client-port-evidence.md and WP04 compatibility evidence.
A,,src/server/cards/solaris/AceVeteranSquad.ts,solaris,port-and-adapt,verified,25a9b306d81907138df48ffce607ab60d6fccebb,25a9b306d81907138df48ffce607ab60d6fccebb,Exact corrected-source blob; target-wide compilation and relevant module suite apply. See server-port-evidence.md/client-port-evidence.md and WP04 compatibility evidence.
A,,src/server/cards/solaris/AntiFraudInvestigation.ts,solaris,port-and-adapt,verified,27af681e221c33426c05074ddd89a6bc4b37b7a6,27af681e221c33426c05074ddd89a6bc4b37b7a6,Exact corrected-source blob; target-wide compilation and relevant module suite apply. See server-port-evidence.md/client-port-evidence.md and WP04 compatibility evidence.
A,,src/server/cards/solaris/ArtificialMoon.ts,solaris,port-and-adapt,verified,3820bb45e7056a2c7bd95fff2d071e6a26286896,3820bb45e7056a2c7bd95fff2d071e6a26286896,Exact corrected-source blob; target-wide compilation and relevant module suite apply. See server-port-evidence.md/client-port-evidence.md and WP04 compatibility evidence.
A,,src/server/cards/solaris/AtmosphericCompressor.ts,solaris,port-and-adapt,verified,b578900e874c2c563d2efb4b9535dd2eedd94185,b578900e874c2c563d2efb4b9535dd2eedd94185,Exact corrected-source blob; target-wide compilation and relevant module suite apply. See server-port-evidence.md/client-port-evidence.md and WP04 compatibility evidence.
A,,src/server/cards/solaris/AwardCelebration.ts,solaris,port-and-adapt,verified,c49c6d353f35ed4fa4115e35df2120ca7da1be7c,c49c6d353f35ed4fa4115e35df2120ca7da1be7c,Exact corrected-source blob; target-wide compilation and relevant module suite apply. See server-port-evidence.md/client-port-evidence.md and WP04 compatibility evidence.
A,,src/server/cards/solaris/BionicAugmentations.ts,solaris,port-and-adapt,verified,6cd8febe2cd6eadd0e361428e63a564bd79ca17d,6cd8febe2cd6eadd0e361428e63a564bd79ca17d,Exact corrected-source blob; target-wide compilation and relevant module suite apply. See server-port-evidence.md/client-port-evidence.md and WP04 compatibility evidence.
A,,src/server/cards/solaris/Bribery.ts,solaris,port-and-adapt,verified,c5233c86302d210e5071bb48091f8796d65968fc,c5233c86302d210e5071bb48091f8796d65968fc,Exact corrected-source blob; target-wide compilation and relevant module suite apply. See server-port-evidence.md/client-port-evidence.md and WP04 compatibility evidence.
A,,src/server/cards/solaris/BuildingDeregulation.ts,solaris,port-and-adapt,verified,878aacb117a4b345765c059ee56da3c9ae17b0c6,878aacb117a4b345765c059ee56da3c9ae17b0c6,Exact corrected-source blob; target-wide compilation and relevant module suite apply. See server-port-evidence.md/client-port-evidence.md and WP04 compatibility evidence.
A,,src/server/cards/solaris/ColdFusionTechnology.ts,solaris,port-and-adapt,verified,4391e67dea19131b5187ef743e2c584fe4014704,4391e67dea19131b5187ef743e2c584fe4014704,Exact corrected-source blob; target-wide compilation and relevant module suite apply. See server-port-evidence.md/client-port-evidence.md and WP04 compatibility evidence.
A,,src/server/cards/solaris/CompanyNationalization.ts,solaris,port-and-adapt,verified,67da3316f599dd5b61f327db7a5e3b5f54baede8,67da3316f599dd5b61f327db7a5e3b5f54baede8,Exact corrected-source blob; target-wide compilation and relevant module suite apply. See server-port-evidence.md/client-port-evidence.md and WP04 compatibility evidence.
A,,src/server/cards/solaris/CondensationPlant.ts,solaris,port-and-adapt,verified,d645b845e18cf68e2f0ee99057f25d70511de7fa,d645b845e18cf68e2f0ee99057f25d70511de7fa,Exact corrected-source blob; target-wide compilation and relevant module suite apply. See server-port-evidence.md/client-port-evidence.md and WP04 compatibility evidence.
A,,src/server/cards/solaris/Cyborgs.ts,solaris,port-and-adapt,verified,09757c3db8fb081356497011786f848b5a039eed,09757c3db8fb081356497011786f848b5a039eed,Exact corrected-source blob; target-wide compilation and relevant module suite apply. See server-port-evidence.md/client-port-evidence.md and WP04 compatibility evidence.
A,,src/server/cards/solaris/EinsteinRosenGateway.ts,solaris,port-and-adapt,verified,a7d010b3674debedce47564a81d1530ecf2eacde,a7d010b3674debedce47564a81d1530ecf2eacde,Exact corrected-source blob; target-wide compilation and relevant module suite apply. See server-port-evidence.md/client-port-evidence.md and WP04 compatibility evidence.
A,,src/server/cards/solaris/EnergyAcquisition.ts,solaris,port-and-adapt,verified,6c6ed37f49c418605f99c295637867fa521ab814,6c6ed37f49c418605f99c295637867fa521ab814,Exact corrected-source blob; target-wide compilation and relevant module suite apply. See server-port-evidence.md/client-port-evidence.md and WP04 compatibility evidence.
A,,src/server/cards/solaris/ExtraplanetaryUrbanizator.ts,solaris,port-and-adapt,verified,938b5ef0e3343c9b79cee1d105c4b3108c5ac18b,938b5ef0e3343c9b79cee1d105c4b3108c5ac18b,Exact corrected-source blob; target-wide compilation and relevant module suite apply. See server-port-evidence.md/client-port-evidence.md and WP04 compatibility evidence.
A,,src/server/cards/solaris/FirstManMonument.ts,solaris,port-and-adapt,verified,408b37d99287f503e63fb98b0d1165247ca69dc9,408b37d99287f503e63fb98b0d1165247ca69dc9,Exact corrected-source blob; target-wide compilation and relevant module suite apply. See server-port-evidence.md/client-port-evidence.md and WP04 compatibility evidence.
A,,src/server/cards/solaris/Flagship.ts,solaris,port-and-adapt,verified,b2819dbbcca794cfba8065702720eb77204ea313,b2819dbbcca794cfba8065702720eb77204ea313,Exact corrected-source blob; target-wide compilation and relevant module suite apply. See server-port-evidence.md/client-port-evidence.md and WP04 compatibility evidence.
A,,src/server/cards/solaris/GalaxyDefenders.ts,solaris,port-and-adapt,verified,a471d5c9ce3bd1b3e2975e886d0aa7dc48975df7,a471d5c9ce3bd1b3e2975e886d0aa7dc48975df7,Exact corrected-source blob; target-wide compilation and relevant module suite apply. See server-port-evidence.md/client-port-evidence.md and WP04 compatibility evidence.
A,,src/server/cards/solaris/GiantIndustrialComplex.ts,solaris,port-and-adapt,verified,c58a8f2a5e9feb0ccea3f19d40ab1419572b8751,c58a8f2a5e9feb0ccea3f19d40ab1419572b8751,Exact corrected-source blob; target-wide compilation and relevant module suite apply. See server-port-evidence.md/client-port-evidence.md and WP04 compatibility evidence.
A,,src/server/cards/solaris/HypersonicFighters.ts,solaris,port-and-adapt,verified,a9bc15daf00e6c5a2ee89c7cc22983a8344001f9,a9bc15daf00e6c5a2ee89c7cc22983a8344001f9,Exact corrected-source blob; target-wide compilation and relevant module suite apply. See server-port-evidence.md/client-port-evidence.md and WP04 compatibility evidence.
A,,src/server/cards/solaris/ImmigrationBureau.ts,solaris,port-and-adapt,verified,abfcd56b483831940fe7677fbd52cf4d96ea56bd,abfcd56b483831940fe7677fbd52cf4d96ea56bd,Exact corrected-source blob; target-wide compilation and relevant module suite apply. See server-port-evidence.md/client-port-evidence.md and WP04 compatibility evidence.
A,,src/server/cards/solaris/ManagementCrisis.ts,solaris,port-and-adapt,verified,ecebbd7afe7eed89128d39771a60ca43f6ddb943,ecebbd7afe7eed89128d39771a60ca43f6ddb943,Exact corrected-source blob; target-wide compilation and relevant module suite apply. See server-port-evidence.md/client-port-evidence.md and WP04 compatibility evidence.
A,,src/server/cards/solaris/MarsAcademyOfPoliticalSciences.ts,solaris,port-and-adapt,verified,664e3fca9fbe35c66e5486d437634ca0e52f73d9,664e3fca9fbe35c66e5486d437634ca0e52f73d9,Exact corrected-source blob; target-wide compilation and relevant module suite apply. See server-port-evidence.md/client-port-evidence.md and WP04 compatibility evidence.
A,,src/server/cards/solaris/MartianAgriculture.ts,solaris,port-and-adapt,verified,45273a573c6731fa72711ad323248491c0e1bbff,45273a573c6731fa72711ad323248491c0e1bbff,Exact corrected-source blob; target-wide compilation and relevant module suite apply. See server-port-evidence.md/client-port-evidence.md and WP04 compatibility evidence.
A,,src/server/cards/solaris/MartianCensus.ts,solaris,port-and-adapt,verified,cc834a5c67f7bcd61f29348d4f36ed9c36d5e6b5,cc834a5c67f7bcd61f29348d4f36ed9c36d5e6b5,Exact corrected-source blob; target-wide compilation and relevant module suite apply. See server-port-evidence.md/client-port-evidence.md and WP04 compatibility evidence.
A,,src/server/cards/solaris/Mothership.ts,solaris,port-and-adapt,verified,bf778dc54c2f4b5748af91cbcb6e2a2e532a3cb1,bf778dc54c2f4b5748af91cbcb6e2a2e532a3cb1,Exact corrected-source blob; target-wide compilation and relevant module suite apply. See server-port-evidence.md/client-port-evidence.md and WP04 compatibility evidence.
A,,src/server/cards/solaris/OrbitalHydrogeologicCannon.ts,solaris,port-and-adapt,verified,3174ccfdd1e06c4ba9382c7896ded5b707b40a9d,3174ccfdd1e06c4ba9382c7896ded5b707b40a9d,Exact corrected-source blob; target-wide compilation and relevant module suite apply. See server-port-evidence.md/client-port-evidence.md and WP04 compatibility evidence.
A,,src/server/cards/solaris/PlanetaryCoreInductor.ts,solaris,port-and-adapt,verified,5a2747ccc3a0b79f5b42417d4bdcbeef4acde633,5a2747ccc3a0b79f5b42417d4bdcbeef4acde633,Exact corrected-source blob; target-wide compilation and relevant module suite apply. See server-port-evidence.md/client-port-evidence.md and WP04 compatibility evidence.
A,,src/server/cards/solaris/Plebiscite.ts,solaris,port-and-adapt,verified,9e7061c8d66afc84fe28b3f3960e0e21c967d1f1,9e7061c8d66afc84fe28b3f3960e0e21c967d1f1,Exact corrected-source blob; target-wide compilation and relevant module suite apply. See server-port-evidence.md/client-port-evidence.md and WP04 compatibility evidence.
A,,src/server/cards/solaris/PowerLinesHub.ts,solaris,port-and-adapt,verified,d11742591a36a0fc7b4d53426f96f78c38ecbb56,d11742591a36a0fc7b4d53426f96f78c38ecbb56,Exact corrected-source blob; target-wide compilation and relevant module suite apply. See server-port-evidence.md/client-port-evidence.md and WP04 compatibility evidence.
A,,src/server/cards/solaris/RedistributionOfWealth.ts,solaris,port-and-adapt,verified,5123ccacdfb7c3bd9909d538e6a6e884d08d80d1,5123ccacdfb7c3bd9909d538e6a6e884d08d80d1,Exact corrected-source blob; target-wide compilation and relevant module suite apply. See server-port-evidence.md/client-port-evidence.md and WP04 compatibility evidence.
A,,src/server/cards/solaris/SelfReplicatingRobotsSolaris.ts,solaris,port-and-adapt,verified,23ddabf4f21ee4848775c0e279a6dc3ce4576ff9,fea43d8fe7fd016fa15484c04013508d491248e6,Adapted source delta on target; retain custom contracts. See server-port-evidence.md; server regression suite and WP04 save/input/replay checks.
A,,src/server/cards/solaris/ShieldingDrones.ts,solaris,port-and-adapt,verified,3c95a97c4a34ba5c95863ada5c377783345e6753,3c95a97c4a34ba5c95863ada5c377783345e6753,Exact corrected-source blob; target-wide compilation and relevant module suite apply. See server-port-evidence.md/client-port-evidence.md and WP04 compatibility evidence.
A,,src/server/cards/solaris/Sideralis.ts,solaris,port-and-adapt,verified,7cc3f4dbada7faa3a0a700ceb122dea4e43c7c19,7cc3f4dbada7faa3a0a700ceb122dea4e43c7c19,Exact corrected-source blob; target-wide compilation and relevant module suite apply. See server-port-evidence.md/client-port-evidence.md and WP04 compatibility evidence.
A,,src/server/cards/solaris/SolarisCardManifest.ts,solaris,port-and-adapt,verified,c939d4ac3cdfd5949617aa4981f92231f996268a,c939d4ac3cdfd5949617aa4981f92231f996268a,Exact corrected-source blob; target-wide compilation and relevant module suite apply. See server-port-evidence.md/client-port-evidence.md and WP04 compatibility evidence.
A,,src/server/cards/solaris/SpaceTelescope.ts,solaris,port-and-adapt,verified,e76dd7cdf2f7d993f36bb5bc6cb570acd9fb321e,e76dd7cdf2f7d993f36bb5bc6cb570acd9fb321e,Exact corrected-source blob; target-wide compilation and relevant module suite apply. See server-port-evidence.md/client-port-evidence.md and WP04 compatibility evidence.
A,,src/server/cards/solaris/StellarEngine.ts,solaris,port-and-adapt,verified,3954f035441f88e804e9dcf2ea794e2bc110ecea,3954f035441f88e804e9dcf2ea794e2bc110ecea,Exact corrected-source blob; target-wide compilation and relevant module suite apply. See server-port-evidence.md/client-port-evidence.md and WP04 compatibility evidence.
A,,src/server/cards/solaris/Stellatron.ts,solaris,port-and-adapt,verified,dacbda007923f2a3f623fc641fe0cb580f56cafa,dacbda007923f2a3f623fc641fe0cb580f56cafa,Exact corrected-source blob; target-wide compilation and relevant module suite apply. See server-port-evidence.md/client-port-evidence.md and WP04 compatibility evidence.
A,,src/server/cards/solaris/StrongArtificialIntelligence.ts,solaris,port-and-adapt,verified,98e21b175b4bc2d06912c06cc876f04defdcccaa,98e21b175b4bc2d06912c06cc876f04defdcccaa,Exact corrected-source blob; target-wide compilation and relevant module suite apply. See server-port-evidence.md/client-port-evidence.md and WP04 compatibility evidence.
A,,src/server/cards/solaris/SynergisticForests.ts,solaris,port-and-adapt,verified,524fb8aac5755db29fbb8155777a9ba57617d68a,524fb8aac5755db29fbb8155777a9ba57617d68a,Exact corrected-source blob; target-wide compilation and relevant module suite apply. See server-port-evidence.md/client-port-evidence.md and WP04 compatibility evidence.
A,,src/server/cards/solaris/SyntheticBrainCells.ts,solaris,port-and-adapt,verified,d4a8c34fd5e6f68dbc368631ac18a8698e27cf29,d4a8c34fd5e6f68dbc368631ac18a8698e27cf29,Exact corrected-source blob; target-wide compilation and relevant module suite apply. See server-port-evidence.md/client-port-evidence.md and WP04 compatibility evidence.
A,,src/server/cards/solaris/SyntheticGargantuaTrees.ts,solaris,port-and-adapt,verified,47d72104ea470de0d7b4d4a7134cde87e96b865c,47d72104ea470de0d7b4d4a7134cde87e96b865c,Exact corrected-source blob; target-wide compilation and relevant module suite apply. See server-port-evidence.md/client-port-evidence.md and WP04 compatibility evidence.
A,,src/server/cards/solaris/TerrainLease.ts,solaris,port-and-adapt,verified,2581c1cca378fa33e5a2659dcefb8c3a5013f124,2581c1cca378fa33e5a2659dcefb8c3a5013f124,Exact corrected-source blob; target-wide compilation and relevant module suite apply. See server-port-evidence.md/client-port-evidence.md and WP04 compatibility evidence.
A,,src/server/cards/solaris/TradeAgreements.ts,solaris,port-and-adapt,verified,2bc76ee5742f7b418e0d55035c33a6f91c81c9bf,2bc76ee5742f7b418e0d55035c33a6f91c81c9bf,Exact corrected-source blob; target-wide compilation and relevant module suite apply. See server-port-evidence.md/client-port-evidence.md and WP04 compatibility evidence.
A,,src/server/cards/solaris/WanderingStationHermes.ts,solaris,port-and-adapt,verified,6ebe964cbe6284bb9278f3d22f4c08cde12c9c72,6ebe964cbe6284bb9278f3d22f4c08cde12c9c72,Exact corrected-source blob; target-wide compilation and relevant module suite apply. See server-port-evidence.md/client-port-evidence.md and WP04 compatibility evidence.
A,,src/server/cards/solaris/WasteIncinerator.ts,solaris,port-and-adapt,verified,3ffa5289c5a72da8a7cda6fa99f9590c19dab5c9,3ffa5289c5a72da8a7cda6fa99f9590c19dab5c9,Exact corrected-source blob; target-wide compilation and relevant module suite apply. See server-port-evidence.md/client-port-evidence.md and WP04 compatibility evidence.
A,,src/server/cards/solaris/WishMachine.ts,solaris,port-and-adapt,verified,8f8e86d2e0b6498ed895b26f732934a9e763440c,8f8e86d2e0b6498ed895b26f732934a9e763440c,Exact corrected-source blob; target-wide compilation and relevant module suite apply. See server-port-evidence.md/client-port-evidence.md and WP04 compatibility evidence.
M,,src/server/cards/starwars/ToscheStation.ts,existing-card-interactions-and-rendering,port-and-adapt,verified,7e39d5f4ba3731b31cc37b3b2289149ce90ffb48,119d042154b9fa3c99d92b1194f5b58e2cded633,Adapted source delta on target; retain custom contracts. See server-port-evidence.md; server regression suite and WP04 save/input/replay checks.
M,,src/server/cards/turmoil/LakefrontResorts.ts,parties-and-agendas,port-and-adapt,verified,4a8fc209f6220b611e86c42c5fc02838c8e6d2df,fdea543c4d97d94d2da3693d4e9ed60b34d9268f,Adapted source delta on target; retain custom contracts. See server-port-evidence.md; server regression suite and WP04 save/input/replay checks.
M,,src/server/cards/underworld/StarVegas.ts,existing-card-interactions-and-rendering,port-and-adapt,verified,d000a7e00699639baa10a8a8492d2542baf89311,d000a7e00699639baa10a8a8492d2542baf89311,Exact corrected-source blob; target-wide compilation and relevant module suite apply. See server-port-evidence.md/client-port-evidence.md and WP04 compatibility evidence.
M,,src/server/cards/venusNext/AirScrappingStandardProject.ts,existing-card-interactions-and-rendering,port-and-adapt,verified,84f483f099aae0758fee544ca94abdbfb3ca3ec9,84f483f099aae0758fee544ca94abdbfb3ca3ec9,Exact corrected-source blob; target-wide compilation and relevant module suite apply. See server-port-evidence.md/client-port-evidence.md and WP04 compatibility evidence.
M,,src/server/cards/venusNext/Atmoscoop.ts,existing-card-interactions-and-rendering,port-and-adapt,verified,91c1ac26da02799c48706a45bd41d6fc95908663,91c1ac26da02799c48706a45bd41d6fc95908663,Exact corrected-source blob; target-wide compilation and relevant module suite apply. See server-port-evidence.md/client-port-evidence.md and WP04 compatibility evidence.
M,,src/server/cards/venusNext/Celestic.ts,existing-card-interactions-and-rendering,port-and-adapt,verified,8c9118c2f04fb5c406d7a051394baa3118f39d2b,8c9118c2f04fb5c406d7a051394baa3118f39d2b,Exact corrected-source blob; target-wide compilation and relevant module suite apply. See server-port-evidence.md/client-port-evidence.md and WP04 compatibility evidence.
M,,src/server/cards/venusNext/MaxwellBase.ts,existing-card-interactions-and-rendering,port-and-adapt,verified,fcaa9506723b22e83e18126fba49e2b1c659d3a4,fcaa9506723b22e83e18126fba49e2b1c659d3a4,Exact corrected-source blob; target-wide compilation and relevant module suite apply. See server-port-evidence.md/client-port-evidence.md and WP04 compatibility evidence.
M,,src/server/cards/venusNext/Stratopolis.ts,existing-card-interactions-and-rendering,port-and-adapt,verified,7a8d22308fe6c5eba962748aa11be29abcceb707,7a8d22308fe6c5eba962748aa11be29abcceb707,Exact corrected-source blob; target-wide compilation and relevant module suite apply. See server-port-evidence.md/client-port-evidence.md and WP04 compatibility evidence.
M,,src/server/cards/venusNext/floaterCards.ts,existing-card-interactions-and-rendering,port-and-adapt,verified,0fbb748aab23bb6cf9bb543d42f65cd663e773fa,0fbb748aab23bb6cf9bb543d42f65cd663e773fa,Exact corrected-source blob; target-wide compilation and relevant module suite apply. See server-port-evidence.md/client-port-evidence.md and WP04 compatibility evidence.
A,,src/server/cards/venusPhase2/AlphaRegioIncubators.ts,venusPhase2,port-and-adapt,verified,fb27e3cc577b7be5af9ca936d235a3835e36191c,fb27e3cc577b7be5af9ca936d235a3835e36191c,Exact corrected-source blob; target-wide compilation and relevant module suite apply. See server-port-evidence.md/client-port-evidence.md and WP04 compatibility evidence.
A,,src/server/cards/venusPhase2/AphroditeShuttleBase.ts,venusPhase2,port-and-adapt,verified,77453efc07e6cdf23a45a6d01f3cc126043205dc,77453efc07e6cdf23a45a6d01f3cc126043205dc,Exact corrected-source blob; target-wide compilation and relevant module suite apply. See server-port-evidence.md/client-port-evidence.md and WP04 compatibility evidence.
A,,src/server/cards/venusPhase2/ArgonMine.ts,venusPhase2,port-and-adapt,verified,ae7dfcf33fadbf496204a231908299426c6e0f02,ae7dfcf33fadbf496204a231908299426c6e0f02,Exact corrected-source blob; target-wide compilation and relevant module suite apply. See server-port-evidence.md/client-port-evidence.md and WP04 compatibility evidence.
A,,src/server/cards/venusPhase2/AtmoSequester.ts,venusPhase2,port-and-adapt,verified,5617851a4341fc2a07e7e92794f645c40da3c99d,5617851a4341fc2a07e7e92794f645c40da3c99d,Exact corrected-source blob; target-wide compilation and relevant module suite apply. See server-port-evidence.md/client-port-evidence.md and WP04 compatibility evidence.
A,,src/server/cards/venusPhase2/BioWasteReactor.ts,venusPhase2,port-and-adapt,verified,1ed099423f992e1ec434bac3e6c6c5b874a555ef,1ed099423f992e1ec434bac3e6c6c5b874a555ef,Exact corrected-source blob; target-wide compilation and relevant module suite apply. See server-port-evidence.md/client-port-evidence.md and WP04 compatibility evidence.
A,,src/server/cards/venusPhase2/CallistoDockingStation.ts,venusPhase2,port-and-adapt,verified,1a6d360cebe385b1f1fee4fe48f9b41701f9681e,1a6d360cebe385b1f1fee4fe48f9b41701f9681e,Exact corrected-source blob; target-wide compilation and relevant module suite apply. See server-port-evidence.md/client-port-evidence.md and WP04 compatibility evidence.
A,,src/server/cards/venusPhase2/CloudCityStandardProject.ts,venusPhase2,port-and-adapt,verified,99ade0965798729406f5cd5eddc281e0527b826f,99ade0965798729406f5cd5eddc281e0527b826f,Exact corrected-source blob; target-wide compilation and relevant module suite apply. See server-port-evidence.md/client-port-evidence.md and WP04 compatibility evidence.
A,,src/server/cards/venusPhase2/ComputationalBiology.ts,venusPhase2,port-and-adapt,verified,c3307282a6d29fe4026bdad96d1d920176949b27,c3307282a6d29fe4026bdad96d1d920176949b27,Exact corrected-source blob; target-wide compilation and relevant module suite apply. See server-port-evidence.md/client-port-evidence.md and WP04 compatibility evidence.
A,,src/server/cards/venusPhase2/CoolingPillars.ts,venusPhase2,port-and-adapt,verified,524f6ef139151c6942cf3c3bd741e5ecca490066,524f6ef139151c6942cf3c3bd741e5ecca490066,Exact corrected-source blob; target-wide compilation and relevant module suite apply. See server-port-evidence.md/client-port-evidence.md and WP04 compatibility evidence.
A,,src/server/cards/venusPhase2/DysonHarropSatellite.ts,venusPhase2,port-and-adapt,verified,505a714db4602430d74584a6de919bd80f48a3c4,505a714db4602430d74584a6de919bd80f48a3c4,Exact corrected-source blob; target-wide compilation and relevant module suite apply. See server-port-evidence.md/client-port-evidence.md and WP04 compatibility evidence.
A,,src/server/cards/venusPhase2/FloaterArrayStandardProject.ts,venusPhase2,port-and-adapt,verified,91752c263de3f03aed15790c455d692ae08ab85a,91752c263de3f03aed15790c455d692ae08ab85a,Exact corrected-source blob; target-wide compilation and relevant module suite apply. See server-port-evidence.md/client-port-evidence.md and WP04 compatibility evidence.
A,,src/server/cards/venusPhase2/FloaterFactory.ts,venusPhase2,port-and-adapt,verified,06eeffbab3efedb3030edf787192445ded68fc1a,06eeffbab3efedb3030edf787192445ded68fc1a,Exact corrected-source blob; target-wide compilation and relevant module suite apply. See server-port-evidence.md/client-port-evidence.md and WP04 compatibility evidence.
A,,src/server/cards/venusPhase2/GasMineStandardProject.ts,venusPhase2,port-and-adapt,verified,0a4e0ca30baf9f466d1f34f258bf5fa4db137a1e,0a4e0ca30baf9f466d1f34f258bf5fa4db137a1e,Exact corrected-source blob; target-wide compilation and relevant module suite apply. See server-port-evidence.md/client-port-evidence.md and WP04 compatibility evidence.
A,,src/server/cards/venusPhase2/GasTurbines.ts,venusPhase2,port-and-adapt,verified,26744144cfb88233587fab8ec5c87fcef8ba8be1,26744144cfb88233587fab8ec5c87fcef8ba8be1,Exact corrected-source blob; target-wide compilation and relevant module suite apply. See server-port-evidence.md/client-port-evidence.md and WP04 compatibility evidence.
A,,src/server/cards/venusPhase2/HeatTrappersNetwork.ts,venusPhase2,port-and-adapt,verified,ff75524c5cf3d67e1d05673a09ba26375016cea5,ff75524c5cf3d67e1d05673a09ba26375016cea5,Exact corrected-source blob; target-wide compilation and relevant module suite apply. See server-port-evidence.md/client-port-evidence.md and WP04 compatibility evidence.
A,,src/server/cards/venusPhase2/HighPressureSuits.ts,venusPhase2,port-and-adapt,verified,9b8425a129a4efef1e730a72954311c6b647bfd4,9b8425a129a4efef1e730a72954311c6b647bfd4,Exact corrected-source blob; target-wide compilation and relevant module suite apply. See server-port-evidence.md/client-port-evidence.md and WP04 compatibility evidence.
A,,src/server/cards/venusPhase2/ImprovedFloatingSystems.ts,venusPhase2,port-and-adapt,verified,960cab1881574eeb1ffa4bcd030d2ea629ab8441,960cab1881574eeb1ffa4bcd030d2ea629ab8441,Exact corrected-source blob; target-wide compilation and relevant module suite apply. See server-port-evidence.md/client-port-evidence.md and WP04 compatibility evidence.
A,,src/server/cards/venusPhase2/InSituResourceUtilization.ts,venusPhase2,port-and-adapt,verified,6bb3b1480bc2e46b9a205185c17dac37ae39354b,6bb3b1480bc2e46b9a205185c17dac37ae39354b,Exact corrected-source blob; target-wide compilation and relevant module suite apply. See server-port-evidence.md/client-port-evidence.md and WP04 compatibility evidence.
A,,src/server/cards/venusPhase2/InterplanetaryRoutes.ts,venusPhase2,port-and-adapt,verified,76d917e05e138259249a2a5a180036af7586805e,76d917e05e138259249a2a5a180036af7586805e,Exact corrected-source blob; target-wide compilation and relevant module suite apply. See server-port-evidence.md/client-port-evidence.md and WP04 compatibility evidence.
A,,src/server/cards/venusPhase2/IonicThrustersSupport.ts,venusPhase2,port-and-adapt,verified,5adae63074f2679d2477cab4c3d5c8145b86ae27,5adae63074f2679d2477cab4c3d5c8145b86ae27,Exact corrected-source blob; target-wide compilation and relevant module suite apply. See server-port-evidence.md/client-port-evidence.md and WP04 compatibility evidence.
A,,src/server/cards/venusPhase2/IshtarEnergyNetwork.ts,venusPhase2,port-and-adapt,verified,af03557fc0d222517695baa2cdde6a8d91adf471,af03557fc0d222517695baa2cdde6a8d91adf471,Exact corrected-source blob; target-wide compilation and relevant module suite apply. See server-port-evidence.md/client-port-evidence.md and WP04 compatibility evidence.
A,,src/server/cards/venusPhase2/IshtarOrbitingAcademy.ts,venusPhase2,port-and-adapt,verified,d775ee9105e2d8af328e5da8aa3e13539dbb3cd3,d775ee9105e2d8af328e5da8aa3e13539dbb3cd3,Exact corrected-source blob; target-wide compilation and relevant module suite apply. See server-port-evidence.md/client-port-evidence.md and WP04 compatibility evidence.
A,,src/server/cards/venusPhase2/KryptonMine.ts,venusPhase2,port-and-adapt,verified,53c758ad2e11a17c157ca6a37ba84ef4a3afd1d7,53c758ad2e11a17c157ca6a37ba84ef4a3afd1d7,Exact corrected-source blob; target-wide compilation and relevant module suite apply. See server-port-evidence.md/client-port-evidence.md and WP04 compatibility evidence.
A,,src/server/cards/venusPhase2/Menagerie.ts,venusPhase2,port-and-adapt,verified,807f0574f5fbfebec6b1afeada259994ddeb6b21,807f0574f5fbfebec6b1afeada259994ddeb6b21,Exact corrected-source blob; target-wide compilation and relevant module suite apply. See server-port-evidence.md/client-port-evidence.md and WP04 compatibility evidence.
A,,src/server/cards/venusPhase2/ModularQuarters.ts,venusPhase2,port-and-adapt,verified,55c051bab8becf1d9629c48b8722c086f08c2fae,55c051bab8becf1d9629c48b8722c086f08c2fae,Exact corrected-source blob; target-wide compilation and relevant module suite apply. See server-port-evidence.md/client-port-evidence.md and WP04 compatibility evidence.
A,,src/server/cards/venusPhase2/NativeMicrofauna.ts,venusPhase2,port-and-adapt,verified,249c4454ca1af2bb03aed02c870249a2d41658e1,249c4454ca1af2bb03aed02c870249a2d41658e1,Exact corrected-source blob; target-wide compilation and relevant module suite apply. See server-port-evidence.md/client-port-evidence.md and WP04 compatibility evidence.
A,,src/server/cards/venusPhase2/NegativeMassFluids.ts,venusPhase2,port-and-adapt,verified,3bf5f208d1f87b00202255c865fa4d3f22477d51,3bf5f208d1f87b00202255c865fa4d3f22477d51,Exact corrected-source blob; target-wide compilation and relevant module suite apply. See server-port-evidence.md/client-port-evidence.md and WP04 compatibility evidence.
A,,src/server/cards/venusPhase2/NewAlexandria.ts,venusPhase2,port-and-adapt,verified,bf4e147518c4ee6813307c7163cf599ff7466794,bf4e147518c4ee6813307c7163cf599ff7466794,Exact corrected-source blob; target-wide compilation and relevant module suite apply. See server-port-evidence.md/client-port-evidence.md and WP04 compatibility evidence.
A,,src/server/cards/venusPhase2/NewAthens.ts,venusPhase2,port-and-adapt,verified,993bebf628d834c36a482dac00e6ee54b265d79b,993bebf628d834c36a482dac00e6ee54b265d79b,Exact corrected-source blob; target-wide compilation and relevant module suite apply. See server-port-evidence.md/client-port-evidence.md and WP04 compatibility evidence.
A,,src/server/cards/venusPhase2/NewBabylon.ts,venusPhase2,port-and-adapt,verified,89246b97699d5331b8bc88e8fc2b59124f79e0b9,89246b97699d5331b8bc88e8fc2b59124f79e0b9,Exact corrected-source blob; target-wide compilation and relevant module suite apply. See server-port-evidence.md/client-port-evidence.md and WP04 compatibility evidence.
A,,src/server/cards/venusPhase2/NewRome.ts,venusPhase2,port-and-adapt,verified,218a6012270b1ab281329b72e51c7e6152dcc24d,218a6012270b1ab281329b72e51c7e6152dcc24d,Exact corrected-source blob; target-wide compilation and relevant module suite apply. See server-port-evidence.md/client-port-evidence.md and WP04 compatibility evidence.
A,,src/server/cards/venusPhase2/Outskirts.ts,venusPhase2,port-and-adapt,verified,caf60c41183bd81ccac118ad8b85221f49af56cb,caf60c41183bd81ccac118ad8b85221f49af56cb,Exact corrected-source blob; target-wide compilation and relevant module suite apply. See server-port-evidence.md/client-port-evidence.md and WP04 compatibility evidence.
A,,src/server/cards/venusPhase2/OvdaRegioMassDriver.ts,venusPhase2,port-and-adapt,verified,cbd64ca89b6d6993e71b2f6d485f55cc6a2a4ea5,cbd64ca89b6d6993e71b2f6d485f55cc6a2a4ea5,Exact corrected-source blob; target-wide compilation and relevant module suite apply. See server-port-evidence.md/client-port-evidence.md and WP04 compatibility evidence.
A,,src/server/cards/venusPhase2/PollutionControl.ts,venusPhase2,port-and-adapt,verified,64657f7c3a8ab9a4bd3788525535204967f85614,64657f7c3a8ab9a4bd3788525535204967f85614,Exact corrected-source blob; target-wide compilation and relevant module suite apply. See server-port-evidence.md/client-port-evidence.md and WP04 compatibility evidence.
A,,src/server/cards/venusPhase2/RadonMine.ts,venusPhase2,port-and-adapt,verified,c28c0fe01e5296d2bd96391e877d30d92d518501,c28c0fe01e5296d2bd96391e877d30d92d518501,Exact corrected-source blob; target-wide compilation and relevant module suite apply. See server-port-evidence.md/client-port-evidence.md and WP04 compatibility evidence.
A,,src/server/cards/venusPhase2/SisterColonies.ts,venusPhase2,port-and-adapt,verified,1239ee9c1450707c18108ca4acef5d1407f09d7d,1239ee9c1450707c18108ca4acef5d1407f09d7d,Exact corrected-source blob; target-wide compilation and relevant module suite apply. See server-port-evidence.md/client-port-evidence.md and WP04 compatibility evidence.
A,,src/server/cards/venusPhase2/SolarWindTrap.ts,venusPhase2,port-and-adapt,verified,8c8a150733f963af3039ba7b73d8aaa480371147,8c8a150733f963af3039ba7b73d8aaa480371147,Exact corrected-source blob; target-wide compilation and relevant module suite apply. See server-port-evidence.md/client-port-evidence.md and WP04 compatibility evidence.
A,,src/server/cards/venusPhase2/StarwindIITradeship.ts,venusPhase2,port-and-adapt,verified,e434816459ea6bfa009af1caf83fb4e8e9dbfbc1,e434816459ea6bfa009af1caf83fb4e8e9dbfbc1,Exact corrected-source blob; target-wide compilation and relevant module suite apply. See server-port-evidence.md/client-port-evidence.md and WP04 compatibility evidence.
A,,src/server/cards/venusPhase2/SurveyorsTeam.ts,venusPhase2,port-and-adapt,verified,0f4711c12efc82e7282b87398ae85bf03be3369e,0f4711c12efc82e7282b87398ae85bf03be3369e,Exact corrected-source blob; target-wide compilation and relevant module suite apply. See server-port-evidence.md/client-port-evidence.md and WP04 compatibility evidence.
A,,src/server/cards/venusPhase2/SyntheticBiology.ts,venusPhase2,port-and-adapt,verified,80c61c443dea5e457f4fae7e4bc020c80d705c48,80c61c443dea5e457f4fae7e4bc020c80d705c48,Exact corrected-source blob; target-wide compilation and relevant module suite apply. See server-port-evidence.md/client-port-evidence.md and WP04 compatibility evidence.
A,,src/server/cards/venusPhase2/TransmissionTowers.ts,venusPhase2,port-and-adapt,verified,925c4e6977fa741aa43afca21af99a333c54bd42,925c4e6977fa741aa43afca21af99a333c54bd42,Exact corrected-source blob; target-wide compilation and relevant module suite apply. See server-port-evidence.md/client-port-evidence.md and WP04 compatibility evidence.
A,,src/server/cards/venusPhase2/VenusAircraftHaven.ts,venusPhase2,port-and-adapt,verified,82f55bbb7c1728d280e0d473982cc735601aaf74,82f55bbb7c1728d280e0d473982cc735601aaf74,Exact corrected-source blob; target-wide compilation and relevant module suite apply. See server-port-evidence.md/client-port-evidence.md and WP04 compatibility evidence.
A,,src/server/cards/venusPhase2/VenusKickstarting.ts,venusPhase2,port-and-adapt,verified,ccc4a6fbe03d594ca0a2261d598b7357216e2178,ccc4a6fbe03d594ca0a2261d598b7357216e2178,Exact corrected-source blob; target-wide compilation and relevant module suite apply. See server-port-evidence.md/client-port-evidence.md and WP04 compatibility evidence.
A,,src/server/cards/venusPhase2/VenusPhase2CardManifest.ts,venusPhase2,port-and-adapt,verified,98dc3877019b2e2b434e31c841adaea676ae3a5f,98dc3877019b2e2b434e31c841adaea676ae3a5f,Exact corrected-source blob; target-wide compilation and relevant module suite apply. See server-port-evidence.md/client-port-evidence.md and WP04 compatibility evidence.
A,,src/server/cards/venusPhase2/VenusTradeship.ts,venusPhase2,port-and-adapt,verified,1ef9645eacdcc4707463dd0b96c4ff305faea4e2,1ef9645eacdcc4707463dd0b96c4ff305faea4e2,Exact corrected-source blob; target-wide compilation and relevant module suite apply. See server-port-evidence.md/client-port-evidence.md and WP04 compatibility evidence.
A,,src/server/cards/venusPhase2/VenusianInfrastructures.ts,venusPhase2,port-and-adapt,verified,546d9cce26edfa87d1a03a02dd7784206f24ea1c,546d9cce26edfa87d1a03a02dd7784206f24ea1c,Exact corrected-source blob; target-wide compilation and relevant module suite apply. See server-port-evidence.md/client-port-evidence.md and WP04 compatibility evidence.
A,,src/server/cards/venusPhase2/VenusianResearchCommittee.ts,venusPhase2,port-and-adapt,verified,2e4046ab9341ba3f3bd5090ebe3de648852e66bc,2e4046ab9341ba3f3bd5090ebe3de648852e66bc,Exact corrected-source blob; target-wide compilation and relevant module suite apply. See server-port-evidence.md/client-port-evidence.md and WP04 compatibility evidence.
A,,src/server/cards/venusPhase2/VenusianWanderer.ts,venusPhase2,port-and-adapt,verified,af3755c3586ab948afe880a7d847ad53ac4e7809,af3755c3586ab948afe880a7d847ad53ac4e7809,Exact corrected-source blob; target-wide compilation and relevant module suite apply. See server-port-evidence.md/client-port-evidence.md and WP04 compatibility evidence.
A,,src/server/cards/venusPhase2/XenonMine.ts,venusPhase2,port-and-adapt,verified,a3da4d9e4d0b2dd5ac49e972f39813bd7d772b72,a3da4d9e4d0b2dd5ac49e972f39813bd7d772b72,Exact corrected-source blob; target-wide compilation and relevant module suite apply. See server-port-evidence.md/client-port-evidence.md and WP04 compatibility evidence.
M,,src/server/colonies/Colony.ts,shared-engine-and-regressions,port-and-adapt,verified,7db23530efdf11a31806fd687edcdd790ea38e9c,7db23530efdf11a31806fd687edcdd790ea38e9c,Exact corrected-source blob; target-wide compilation and relevant module suite apply. See server-port-evidence.md/client-port-evidence.md and WP04 compatibility evidence.
A,,src/server/conglomerates/ConglomeratesData.ts,conglomerates,port-and-adapt,verified,4e25f56b880afc0fd3c004fc03d59f64c5657129,4e25f56b880afc0fd3c004fc03d59f64c5657129,Exact corrected-source blob; target-wide compilation and relevant module suite apply. See server-port-evidence.md/client-port-evidence.md and WP04 compatibility evidence.
A,,src/server/conglomerates/ConglomeratesExpansion.ts,conglomerates,port-and-adapt,verified,e9b0c26b853e632054293903949b8d690dbd0ae0,e9b0c26b853e632054293903949b8d690dbd0ae0,Exact corrected-source blob; target-wide compilation and relevant module suite apply. See server-port-evidence.md/client-port-evidence.md and WP04 compatibility evidence.
M,,src/server/createCard.ts,shared-engine-and-regressions,port-and-adapt,verified,17ad1a033c7d19f26e11fb3cb6790fcabcf70175,b6b8f683b29f0a366372f6fbad74c85df1c85887,Adapted source delta on target; retain custom contracts. See server-port-evidence.md; server regression suite and WP04 save/input/replay checks.
M,,src/server/database/Cache.ts,library-persistence-with-target-archive,retain-target,verified,bbe87fb7c9f47873c1d502633744561d652ab30b,3a48457011a1ee1b980a3176d68409a43f3d3258,Keep target orphan-ID filtering/cache lifecycle; source deletion administration excluded by C002. Existing database/API tests retained.
M,,src/server/database/GameLoader.ts,unrelated-administrative-controls,retain-target,verified,b096f7c6ea3dd79e24736051e5b20d1b3f16dc23,974e8fe358e0ad898fcd23289b717a26fa5be9fa,"Source delta adds purge/admin display controls, not game mechanics; preserve target archive/history and admin UI. See target-contracts.md item 4."
M,,src/server/database/IDatabase.ts,library-persistence-with-target-archive,adapt-library-only,verified,2c4bc2b361be55417580e6016522859fe2404a9f,cf9b8f8e0b701c30f3e9dc8a8d83acb6b35771c6,Port library persistence/contracts; preserve target history budgets/archive and exclude new destructive purge operations.
M,,src/server/database/IGameLoader.ts,unrelated-administrative-controls,retain-target,verified,0c05dbd0f0e06cb5fa2fb7e1db3a67e56fcf28df,702bf9eae539c660cca303ea631ee5cea6254549,"Source delta adds purge/admin display controls, not game mechanics; preserve target archive/history and admin UI. See target-contracts.md item 4."
M,,src/server/database/LocalFilesystem.ts,library-persistence-with-target-archive,adapt-library-only,verified,589729abe6085d6b3685f35a014b87c3ae4715ca,fbda86c67ffcc2da5219d8f5dcfdd5b0c13e975a,Port library persistence/contracts; preserve target history budgets/archive and exclude new destructive purge operations.
M,,src/server/database/MetricsDelegate.ts,library-persistence-with-target-archive,adapt-library-only,verified,0007a1289a8cbee7d54c9e71878a7c5c19246e7c,be9104c65446ff38e5554271990c09b95347ff3b,Port library persistence/contracts; preserve target history budgets/archive and exclude new destructive purge operations.
M,,src/server/database/PostgreSQL.ts,library-persistence-with-target-archive,adapt-library-only,verified,d4a4ae9ac426aec7df8a1f380818c8be604be520,8f0c5225cb473f5b9a16c5d50a33e2a9837b672a,Port library persistence/contracts; preserve target history budgets/archive and exclude new destructive purge operations.
M,,src/server/database/SQLite.ts,library-persistence-with-target-archive,adapt-library-only,verified,305cf77b8733e6e26f3476eea395fd48ed819b66,4c0a1728894dd749f5d2d0b25d7ea826ad00ec41,Port library persistence/contracts; preserve target history budgets/archive and exclude new destructive purge operations.
A,,src/server/database/seedOfficialMapLibrary.ts,maps-editors-and-tracks,port-and-adapt,verified,83505d7470340eb4188c4f60484f6275ca684908,83505d7470340eb4188c4f60484f6275ca684908,Exact corrected-source blob; target-wide compilation and relevant module suite apply. See server-port-evidence.md/client-port-evidence.md and WP04 compatibility evidence.
M,,src/server/deferredActions/ChooseCards.ts,actions-inputs-and-effects,port-and-adapt,verified,e2d220dbc333186b2b65f25c88f7c32c635297e2,6d8164ac6da64297950dd4f6717528902342c792,Adapted source delta on target; retain custom contracts. See server-port-evidence.md; server regression suite and WP04 save/input/replay checks.
A,,src/server/deferredActions/ChooseNewPartyAgenda.ts,actions-inputs-and-effects,port-and-adapt,verified,687a73ff5fdc68aa60e10409203ca38a6b0071d5,687a73ff5fdc68aa60e10409203ca38a6b0071d5,Exact corrected-source blob; target-wide compilation and relevant module suite apply. See server-port-evidence.md/client-port-evidence.md and WP04 compatibility evidence.
M,,src/server/deferredActions/GiveColonyBonus.ts,actions-inputs-and-effects,port-and-adapt,verified,5b3053baa2ccef92a2a8f8f463f2dee17c0a32ff,5b3053baa2ccef92a2a8f8f463f2dee17c0a32ff,Exact corrected-source blob; target-wide compilation and relevant module suite apply. See server-port-evidence.md/client-port-evidence.md and WP04 compatibility evidence.
A,,src/server/deferredActions/OrcTurbinesProductionSwap.ts,actions-inputs-and-effects,port-and-adapt,verified,38a7a473bc8c0e9c1b8f12515c74bdc2cc95e66b,38a7a473bc8c0e9c1b8f12515c74bdc2cc95e66b,Exact corrected-source blob; target-wide compilation and relevant module suite apply. See server-port-evidence.md/client-port-evidence.md and WP04 compatibility evidence.
M,,src/server/deferredActions/PlaceOceanTile.ts,actions-inputs-and-effects,port-and-adapt,verified,7a31c942ceade8fd05502ff17ab370d56c257afa,7a31c942ceade8fd05502ff17ab370d56c257afa,Exact corrected-source blob; target-wide compilation and relevant module suite apply. See server-port-evidence.md/client-port-evidence.md and WP04 compatibility evidence.
A,,src/server/deferredActions/RebalanceSeebeckProductionLoss.ts,actions-inputs-and-effects,port-and-adapt,verified,b8e82a578e5849ec7c48db9ce149164b33ef1e9a,b8e82a578e5849ec7c48db9ce149164b33ef1e9a,Exact corrected-source blob; target-wide compilation and relevant module suite apply. See server-port-evidence.md/client-port-evidence.md and WP04 compatibility evidence.
M,,src/server/deferredActions/RemoveResources.ts,actions-inputs-and-effects,port-and-adapt,verified,c488aa657954d4792603fb4a9303950f3709f72c,c488aa657954d4792603fb4a9303950f3709f72c,Exact corrected-source blob; target-wide compilation and relevant module suite apply. See server-port-evidence.md/client-port-evidence.md and WP04 compatibility evidence.
M,,src/server/deferredActions/RemoveResourcesFromCard.ts,actions-inputs-and-effects,port-and-adapt,verified,ae90e30004a2b0ad43af54187e3c75b26111e75b,ae90e30004a2b0ad43af54187e3c75b26111e75b,Exact corrected-source blob; target-wide compilation and relevant module suite apply. See server-port-evidence.md/client-port-evidence.md and WP04 compatibility evidence.
M,,src/server/deferredActions/SelectPaymentDeferred.ts,actions-inputs-and-effects,port-and-adapt,verified,57d01da132d8552dd96a8251d6c5405d22841e43,57d01da132d8552dd96a8251d6c5405d22841e43,Exact corrected-source blob; target-wide compilation and relevant module suite apply. See server-port-evidence.md/client-port-evidence.md and WP04 compatibility evidence.
M,,src/server/deferredActions/StealResources.ts,actions-inputs-and-effects,port-and-adapt,verified,471ce5d7054fdf791b7a37ce0f8a2f88b4266037,471ce5d7054fdf791b7a37ce0f8a2f88b4266037,Exact corrected-source blob; target-wide compilation and relevant module suite apply. See server-port-evidence.md/client-port-evidence.md and WP04 compatibility evidence.
M,,src/server/delta/DeltaProjectExpansion.ts,shared-engine-and-regressions,port-and-adapt,verified,ab1b642af63b326eac490e21f1c2fdd8e1ea05fb,ab1b642af63b326eac490e21f1c2fdd8e1ea05fb,Exact corrected-source blob; target-wide compilation and relevant module suite apply. See server-port-evidence.md/client-port-evidence.md and WP04 compatibility evidence.
M,,src/server/delta/DeltaProjectInput.ts,shared-engine-and-regressions,port-and-adapt,verified,45c38aa778a67209976cdef499cb111409e7fe4a,45c38aa778a67209976cdef499cb111409e7fe4a,Exact corrected-source blob; target-wide compilation and relevant module suite apply. See server-port-evidence.md/client-port-evidence.md and WP04 compatibility evidence.
M,,src/server/game/GameOptions.ts,game-creation-and-option-defaults,port-and-adapt,verified,bf3620aa444b48f3dd71d02d1d0f37b9a9bb73d8,bd741f422fa600da429e7bd2506fb8ed1e3566e2,Adapted source delta on target; retain custom contracts. See server-port-evidence.md; server regression suite and WP04 save/input/replay checks.
M,,src/server/game/VictoryPointsBreakdownBuilder.ts,shared-engine-and-regressions,port-and-adapt,verified,f3d34681946a01f167135ba2c2e8674ead8afde1,f3d34681946a01f167135ba2c2e8674ead8afde1,Exact corrected-source blob; target-wide compilation and relevant module suite apply. See server-port-evidence.md/client-port-evidence.md and WP04 compatibility evidence.
M,,src/server/game/calculateVictoryPoints.ts,shared-engine-and-regressions,port-and-adapt,verified,9752e039bc2e513821156873666752b5f6f790d6,0bf1958f7ed433801fba012388b59f6d12058b05,Adapted source delta on target; retain custom contracts. See server-port-evidence.md; server regression suite and WP04 save/input/replay checks.
A,,src/server/industries/DistributeIndustryResources.ts,industries,port-and-adapt,verified,5a1eab0ef70d79f46662f37742b7ee17c29b40e7,5a1eab0ef70d79f46662f37742b7ee17c29b40e7,Exact corrected-source blob; target-wide compilation and relevant module suite apply. See server-port-evidence.md/client-port-evidence.md and WP04 compatibility evidence.
M,,src/server/inputs/SelectCard.ts,actions-inputs-and-effects,port-and-adapt,verified,1c6afb78d573a14ecf2c81635eb390757b30eb5c,1c6afb78d573a14ecf2c81635eb390757b30eb5c,Exact corrected-source blob; target-wide compilation and relevant module suite apply. See server-port-evidence.md/client-port-evidence.md and WP04 compatibility evidence.
M,,src/server/inputs/SelectCardToPlay.ts,actions-inputs-and-effects,port-and-adapt,verified,2c2afff4161d1e9aefc0c6c938a1d6a092c3314b,877bbb3585b57ef6862d59a84eb57ca80334fd9a,Adapted source delta on target; retain custom contracts. See server-port-evidence.md; server regression suite and WP04 save/input/replay checks.
M,,src/server/inputs/SelectPayment.ts,actions-inputs-and-effects,port-and-adapt,verified,4b99ff01c00b773824cb7db268b77c144aade113,b8ad41c98dc6352291f664b882d3e92923e8919b,Adapted source delta on target; retain custom contracts. See server-port-evidence.md; server regression suite and WP04 save/input/replay checks.
M,,src/server/inputs/SelectStandardProjectToPlay.ts,actions-inputs-and-effects,port-and-adapt,verified,ba2c9e7d6e46a75de2fc4c294f4ae8f4238c402f,ba2c9e7d6e46a75de2fc4c294f4ae8f4238c402f,Exact corrected-source blob; target-wide compilation and relevant module suite apply. See server-port-evidence.md/client-port-evidence.md and WP04 compatibility evidence.
M,,src/server/ma/MilestoneAwardSelector.ts,milestones-and-awards,port-and-adapt,verified,7b61d34bdb772124fb7510d7d7bc30d9a194e83b,7b61d34bdb772124fb7510d7d7bc30d9a194e83b,Exact corrected-source blob; target-wide compilation and relevant module suite apply. See server-port-evidence.md/client-port-evidence.md and WP04 compatibility evidence.
M,,src/server/milestones/IMilestone.ts,milestones-and-awards,port-and-adapt,verified,2e5dc01f2442307616f914383cba5e8391c9c76b,2e5dc01f2442307616f914383cba5e8391c9c76b,Exact corrected-source blob; target-wide compilation and relevant module suite apply. See server-port-evidence.md/client-port-evidence.md and WP04 compatibility evidence.
M,,src/server/milestones/Mayor.ts,milestones-and-awards,port-and-adapt,verified,8658ef13393c0c82f8b32cc9b014425e4bee57af,8658ef13393c0c82f8b32cc9b014425e4bee57af,Exact corrected-source blob; target-wide compilation and relevant module suite apply. See server-port-evidence.md/client-port-evidence.md and WP04 compatibility evidence.
M,,src/server/milestones/Milestones.ts,milestones-and-awards,port-and-adapt,verified,32ccdfec4496ea0845b652c38da1edc6b62b8fb6,32ccdfec4496ea0845b652c38da1edc6b62b8fb6,Exact corrected-source blob; target-wide compilation and relevant module suite apply. See server-port-evidence.md/client-port-evidence.md and WP04 compatibility evidence.
M,,src/server/milestones/Terraformer.ts,milestones-and-awards,port-and-adapt,verified,4ccc5c23957f936ed08b92b0bb42685f8832b751,4ccc5c23957f936ed08b92b0bb42685f8832b751,Exact corrected-source blob; target-wide compilation and relevant module suite apply. See server-port-evidence.md/client-port-evidence.md and WP04 compatibility evidence.
A,,src/server/milestones/conglomerates/ConglomeratesMilestoneVariant.ts,conglomerates,port-and-adapt,verified,3defe0454f34180982598008de1d02370b6a6f77,3defe0454f34180982598008de1d02370b6a6f77,Exact corrected-source blob; target-wide compilation and relevant module suite apply. See server-port-evidence.md/client-port-evidence.md and WP04 compatibility evidence.
A,,src/server/milestones/conglomerates/DiversifierConglomerates.ts,conglomerates,port-and-adapt,verified,e42d47e1e1e7670a323c0fb15d842a8e4c65f05d,e42d47e1e1e7670a323c0fb15d842a8e4c65f05d,Exact corrected-source blob; target-wide compilation and relevant module suite apply. See server-port-evidence.md/client-port-evidence.md and WP04 compatibility evidence.
A,,src/server/milestones/conglomerates/GeneralistConglomerates.ts,conglomerates,port-and-adapt,verified,e53f72db4b3d5ebb2a4e31e7564189a91c1b3418,e53f72db4b3d5ebb2a4e31e7564189a91c1b3418,Exact corrected-source blob; target-wide compilation and relevant module suite apply. See server-port-evidence.md/client-port-evidence.md and WP04 compatibility evidence.
M,,src/server/milestones/modular/Landshaper.ts,milestones-and-awards,port-and-adapt,verified,2b2204bf2d1335a3241092bf556b6c7466d3cb40,2b2204bf2d1335a3241092bf556b6c7466d3cb40,Exact corrected-source blob; target-wide compilation and relevant module suite apply. See server-port-evidence.md/client-port-evidence.md and WP04 compatibility evidence.
A,,src/server/models/ConglomeratesModel.ts,conglomerates,port-and-adapt,verified,eb387af633339b9271b1acf53df651d7995a6c57,eb387af633339b9271b1acf53df651d7995a6c57,Exact corrected-source blob; target-wide compilation and relevant module suite apply. See server-port-evidence.md/client-port-evidence.md and WP04 compatibility evidence.
M,,src/server/models/ModelUtils.ts,server-client-wire-models,port-and-adapt,verified,fff74b1a3bd005569c216fd88d9c39e6edb1f8a2,ebaac90bdec2c2695e8fb471195b292198474758,Adapted source delta on target; retain custom contracts. See server-port-evidence.md; server regression suite and WP04 save/input/replay checks.
M,,src/server/models/ServerModel.ts,server-client-wire-models,port-and-adapt,verified,0507c9a0c5bde4f761945f6b35d2cbcd143399b6,f7150d825e00b9ad2daece2979f81be98ebc05e1,Adapted source delta on target; retain custom contracts. See server-port-evidence.md; server regression suite and WP04 save/input/replay checks.
M,,src/server/models/TurmoilModel.ts,server-client-wire-models,port-and-adapt,verified,eb251af97e8d31794c771540df33b03196ff8e0d,eb251af97e8d31794c771540df33b03196ff8e0d,Exact corrected-source blob; target-wide compilation and relevant module suite apply. See server-port-evidence.md/client-port-evidence.md and WP04 compatibility evidence.
M,,src/server/moon/MoonBoard.ts,shared-engine-and-regressions,port-and-adapt,verified,d9e9ad695077b7a82cf46ad9a203bcd75d44f1a2,d9e9ad695077b7a82cf46ad9a203bcd75d44f1a2,Exact corrected-source blob; target-wide compilation and relevant module suite apply. See server-port-evidence.md/client-port-evidence.md and WP04 compatibility evidence.
M,,src/server/moon/MoonCards.ts,shared-engine-and-regressions,port-and-adapt,verified,fe26be9de4a77a763a00fb76222d93f62c948ead,fe26be9de4a77a763a00fb76222d93f62c948ead,Exact corrected-source blob; target-wide compilation and relevant module suite apply. See server-port-evidence.md/client-port-evidence.md and WP04 compatibility evidence.
M,,src/server/moon/MoonExpansion.ts,shared-engine-and-regressions,port-and-adapt,verified,d5a10164e26ce7dfa9454c3688e728b9f77cb4ba,d5a10164e26ce7dfa9454c3688e728b9f77cb4ba,Exact corrected-source blob; target-wide compilation and relevant module suite apply. See server-port-evidence.md/client-port-evidence.md and WP04 compatibility evidence.
M,,src/server/pathfinders/DeclareCloneTag.ts,shared-engine-and-regressions,port-and-adapt,verified,6869f0ee05dbe165563c5b43337b0012e3fdd5ae,6869f0ee05dbe165563c5b43337b0012e3fdd5ae,Exact corrected-source blob; target-wide compilation and relevant module suite apply. See server-port-evidence.md/client-port-evidence.md and WP04 compatibility evidence.
M,,src/server/pathfinders/PathfindersExpansion.ts,shared-engine-and-regressions,port-and-adapt,verified,3de23701b4b5e9c1d0fc24ed88326e8e46de3b2c,3de23701b4b5e9c1d0fc24ed88326e8e46de3b2c,Exact corrected-source blob; target-wide compilation and relevant module suite apply. See server-port-evidence.md/client-port-evidence.md and WP04 compatibility evidence.
M,,src/server/player/Colonies.ts,actions-inputs-and-effects,port-and-adapt,verified,70eebb503ee0e81ca4e995e96b552e939431cdef,a2b2acccc0885d7f3a4efe7a55319b6c9714c970,Adapted source delta on target; retain custom contracts. See server-port-evidence.md; server regression suite and WP04 save/input/replay checks.
M,,src/server/player/Production.ts,actions-inputs-and-effects,port-and-adapt,verified,8a13154408e95f96c92b281c8e52ddc6e7062e98,c8049b97109edc0e5f32b18263fafbb7a7f9273c,Adapted source delta on target; retain custom contracts. See server-port-evidence.md; server regression suite and WP04 save/input/replay checks.
M,,src/server/player/Tags.ts,actions-inputs-and-effects,port-and-adapt,verified,35d00951f064aff83abafaa60fc4e7559afb3c4a,35d00951f064aff83abafaa60fc4e7559afb3c4a,Exact corrected-source blob; target-wide compilation and relevant module suite apply. See server-port-evidence.md/client-port-evidence.md and WP04 compatibility evidence.
M,,src/server/routes/ApiCreateGame.ts,game-creation-and-option-defaults,port-and-adapt,verified,dab0e9736e5beab4106d418da0450faf2892011b,02986514ae3d9961a64f8908cb710ea712bf0e40,Adapted source delta on target; retain custom contracts. See server-port-evidence.md; server regression suite and WP04 save/input/replay checks.
A,,src/server/routes/ApiCustomCardLibrary.ts,custom-cards-and-library,port-and-adapt,verified,954fcb7c56fee3c5344c7c0a5009fa883a21be09,954fcb7c56fee3c5344c7c0a5009fa883a21be09,Exact corrected-source blob; target-wide compilation and relevant module suite apply. See server-port-evidence.md/client-port-evidence.md and WP04 compatibility evidence.
A,,src/server/routes/ApiCustomCardLibraryReview.ts,custom-cards-and-library,port-and-adapt,verified,a205489923a8d9296be1fa924314d34fe844562f,a205489923a8d9296be1fa924314d34fe844562f,Exact corrected-source blob; target-wide compilation and relevant module suite apply. See server-port-evidence.md/client-port-evidence.md and WP04 compatibility evidence.
M,,src/server/routes/ApiGames.ts,unrelated-administrative-controls,retain-target,verified,939c333c89ce1bf503c15689f22426721ddb5c75,52b99d648139669d4867ba5a6b2e03a30b82c04a,"Source delta adds purge/admin display controls, not game mechanics; preserve target archive/history and admin UI. See target-contracts.md item 4."
A,,src/server/routes/ApiMapLibrary.ts,maps-editors-and-tracks,port-and-adapt,verified,5a6aff47fff5da87f59a6f165106d464ec6505b0,5a6aff47fff5da87f59a6f165106d464ec6505b0,Exact corrected-source blob; target-wide compilation and relevant module suite apply. See server-port-evidence.md/client-port-evidence.md and WP04 compatibility evidence.
A,,src/server/routes/ApiMapLibraryReview.ts,maps-editors-and-tracks,port-and-adapt,verified,2566c08ca9ca4d63fea4fcd6d7a989ac5ebe92d4,2566c08ca9ca4d63fea4fcd6d7a989ac5ebe92d4,Exact corrected-source blob; target-wide compilation and relevant module suite apply. See server-port-evidence.md/client-port-evidence.md and WP04 compatibility evidence.
M,,src/server/server.ts,shared-engine-and-regressions,port-and-adapt,verified,bc29259e75469deac3a59f14ed4c58db245fbc66,32b48c7a49ac677f85ae0f3046c8557f860577f6,Adapted source delta on target; retain custom contracts. See server-port-evidence.md; server regression suite and WP04 save/input/replay checks.
M,,src/server/server/QuotaHandler.ts,shared-engine-and-regressions,port-and-adapt,verified,b742b4132eb63871a153cd15bd42d8b455a153e7,b742b4132eb63871a153cd15bd42d8b455a153e7,Exact corrected-source blob; target-wide compilation and relevant module suite apply. See server-port-evidence.md/client-port-evidence.md and WP04 compatibility evidence.
M,,src/server/server/requestProcessor.ts,shared-engine-and-regressions,port-and-adapt,verified,ad5eb8954ce42387a8667cc78e91f044b8f651ed,8afe4fe30aa7d9333ad32d8556b67df6587efd84,Adapted source delta on target; retain custom contracts. See server-port-evidence.md; server regression suite and WP04 save/input/replay checks.
M,,src/server/tools/export_card_rendering.ts,shared-engine-and-regressions,port-and-adapt,verified,34a9f0d521c4857980fa2e622a41275586066121,664eb1b1e4f741409af49568307c7e4e7b727190,Adapted source delta on target; retain custom contracts. See server-port-evidence.md; server regression suite and WP04 save/input/replay checks.
A,,src/server/tools/generate_official_map_codes.ts,shared-engine-and-regressions,port-and-adapt,verified,1eb5e23b97b38e80d205c758af988600c07b1d37,1eb5e23b97b38e80d205c758af988600c07b1d37,Exact corrected-source blob; target-wide compilation and relevant module suite apply. See server-port-evidence.md/client-port-evidence.md and WP04 compatibility evidence.
M,,src/server/turmoil/Policy.ts,parties-and-agendas,port-and-adapt,verified,79e08ccb95095453497420bf93ee05f1dbd2af1b,13b1e2123e6e0d9d0c458137d35094b296d7d09e,Adapted source delta on target; retain custom contracts. See server-port-evidence.md; server regression suite and WP04 save/input/replay checks.
M,,src/server/turmoil/PoliticalAgendas.ts,parties-and-agendas,port-and-adapt,verified,91589bfa43003d96cfcf56e7319da43e26904e16,91589bfa43003d96cfcf56e7319da43e26904e16,Exact corrected-source blob; target-wide compilation and relevant module suite apply. See server-port-evidence.md/client-port-evidence.md and WP04 compatibility evidence.
M,,src/server/turmoil/Turmoil.ts,parties-and-agendas,port-and-adapt,verified,dad66aa171ff58c96e89db5d32258f0b4e5aba35,dad66aa171ff58c96e89db5d32258f0b4e5aba35,Exact corrected-source blob; target-wide compilation and relevant module suite apply. See server-port-evidence.md/client-port-evidence.md and WP04 compatibility evidence.
M,,src/server/turmoil/TurmoilHandler.ts,parties-and-agendas,port-and-adapt,verified,3c266c20f19ec518d8d9991b19c628fc99d3a674,74dd27fcc0bb28f6c91cdd635e8b5e0e492b0a0c,Adapted source delta on target; retain custom contracts. See server-port-evidence.md; server regression suite and WP04 save/input/replay checks.
M,,src/server/turmoil/globalEvents/GlobalEventDealer.ts,parties-and-agendas,port-and-adapt,verified,afb72065dd70595c411315907150d96e8e33cbdf,afb72065dd70595c411315907150d96e8e33cbdf,Exact corrected-source blob; target-wide compilation and relevant module suite apply. See server-port-evidence.md/client-port-evidence.md and WP04 compatibility evidence.
A,,src/server/turmoil/globalEvents/moreParties/AntiGovernmentSentiment.ts,moreParties,port-and-adapt,verified,61b8f663a7bb37da3299d60e769e9d4001a8c4af,61b8f663a7bb37da3299d60e769e9d4001a8c4af,Exact corrected-source blob; target-wide compilation and relevant module suite apply. See server-port-evidence.md/client-port-evidence.md and WP04 compatibility evidence.
A,,src/server/turmoil/globalEvents/moreParties/AtmosphericPorts.ts,moreParties,port-and-adapt,verified,d8497a657bb505a484dc5b1fdb57cc035fc8ddc3,d8497a657bb505a484dc5b1fdb57cc035fc8ddc3,Exact corrected-source blob; target-wide compilation and relevant module suite apply. See server-port-evidence.md/client-port-evidence.md and WP04 compatibility evidence.
A,,src/server/turmoil/globalEvents/moreParties/BeltTighteningPolicy.ts,moreParties,port-and-adapt,verified,0ed3582486b9d5fc1f553c13fb58c85620bef700,0ed3582486b9d5fc1f553c13fb58c85620bef700,Exact corrected-source blob; target-wide compilation and relevant module suite apply. See server-port-evidence.md/client-port-evidence.md and WP04 compatibility evidence.
A,,src/server/turmoil/globalEvents/moreParties/BlackSwanManifestation.ts,moreParties,port-and-adapt,verified,ded0df0c02caf8709b441730f9fd832fe33759d8,ded0df0c02caf8709b441730f9fd832fe33759d8,Exact corrected-source blob; target-wide compilation and relevant module suite apply. See server-port-evidence.md/client-port-evidence.md and WP04 compatibility evidence.
A,,src/server/turmoil/globalEvents/moreParties/BrainMachineCoupling.ts,moreParties,port-and-adapt,verified,aa943b68bfad173336f2b54509b51277febcb0e2,aa943b68bfad173336f2b54509b51277febcb0e2,Exact corrected-source blob; target-wide compilation and relevant module suite apply. See server-port-evidence.md/client-port-evidence.md and WP04 compatibility evidence.
A,,src/server/turmoil/globalEvents/moreParties/ClosedBiospheres.ts,moreParties,port-and-adapt,verified,6a7132dabc29d3090500eb8346e0ec80914bf13f,6a7132dabc29d3090500eb8346e0ec80914bf13f,Exact corrected-source blob; target-wide compilation and relevant module suite apply. See server-port-evidence.md/client-port-evidence.md and WP04 compatibility evidence.
A,,src/server/turmoil/globalEvents/moreParties/ConstructionOfTheDysonSwarm.ts,moreParties,port-and-adapt,verified,1cdd06cdc3fff2891f47b296611ecf1d98a7648a,1cdd06cdc3fff2891f47b296611ecf1d98a7648a,Exact corrected-source blob; target-wide compilation and relevant module suite apply. See server-port-evidence.md/client-port-evidence.md and WP04 compatibility evidence.
A,,src/server/turmoil/globalEvents/moreParties/Cybernetic.ts,moreParties,port-and-adapt,verified,235e4524c88750506d6e4983ccb5392361a957d5,235e4524c88750506d6e4983ccb5392361a957d5,Exact corrected-source blob; target-wide compilation and relevant module suite apply. See server-port-evidence.md/client-port-evidence.md and WP04 compatibility evidence.
A,,src/server/turmoil/globalEvents/moreParties/Digitalization.ts,moreParties,port-and-adapt,verified,82f8fb4d920b2bf95460347014250f706a0190ff,82f8fb4d920b2bf95460347014250f706a0190ff,Exact corrected-source blob; target-wide compilation and relevant module suite apply. See server-port-evidence.md/client-port-evidence.md and WP04 compatibility evidence.
A,,src/server/turmoil/globalEvents/moreParties/EffectsOfRadiation.ts,moreParties,port-and-adapt,verified,c6edc4eafe2f88ae123d49f46919f7dc4f361f3f,c6edc4eafe2f88ae123d49f46919f7dc4f361f3f,Exact corrected-source blob; target-wide compilation and relevant module suite apply. See server-port-evidence.md/client-port-evidence.md and WP04 compatibility evidence.
A,,src/server/turmoil/globalEvents/moreParties/EnergyEconomics.ts,moreParties,port-and-adapt,verified,704e2fc84b156ae1180e5922e40b8f79d1291014,704e2fc84b156ae1180e5922e40b8f79d1291014,Exact corrected-source blob; target-wide compilation and relevant module suite apply. See server-port-evidence.md/client-port-evidence.md and WP04 compatibility evidence.
A,,src/server/turmoil/globalEvents/moreParties/ExtraterrestrialPolitics.ts,moreParties,port-and-adapt,verified,e8cc2dc69c2efb3a083ee8c7c85a4686b67d121e,e8cc2dc69c2efb3a083ee8c7c85a4686b67d121e,Exact corrected-source blob; target-wide compilation and relevant module suite apply. See server-port-evidence.md/client-port-evidence.md and WP04 compatibility evidence.
A,,src/server/turmoil/globalEvents/moreParties/Favoritism.ts,moreParties,port-and-adapt,verified,cfc9a01ecc7e27bf55be4237bce3af1d24bf668c,cfc9a01ecc7e27bf55be4237bce3af1d24bf668c,Exact corrected-source blob; target-wide compilation and relevant module suite apply. See server-port-evidence.md/client-port-evidence.md and WP04 compatibility evidence.
A,,src/server/turmoil/globalEvents/moreParties/FinancialCrisis.ts,moreParties,port-and-adapt,verified,190eaf67b37cd93788c0ed9ecdbd0d7c9cf77031,190eaf67b37cd93788c0ed9ecdbd0d7c9cf77031,Exact corrected-source blob; target-wide compilation and relevant module suite apply. See server-port-evidence.md/client-port-evidence.md and WP04 compatibility evidence.
A,,src/server/turmoil/globalEvents/moreParties/IllegalOrbiting.ts,moreParties,port-and-adapt,verified,9fae684e7d728b5fae5b29f4634820a2262a4497,9fae684e7d728b5fae5b29f4634820a2262a4497,Exact corrected-source blob; target-wide compilation and relevant module suite apply. See server-port-evidence.md/client-port-evidence.md and WP04 compatibility evidence.
A,,src/server/turmoil/globalEvents/moreParties/IndependentCarriers.ts,moreParties,port-and-adapt,verified,447b2db03fee182f33198a65168f91e21dad5ec8,447b2db03fee182f33198a65168f91e21dad5ec8,Exact corrected-source blob; target-wide compilation and relevant module suite apply. See server-port-evidence.md/client-port-evidence.md and WP04 compatibility evidence.
A,,src/server/turmoil/globalEvents/moreParties/InterstellarSignal.ts,moreParties,port-and-adapt,verified,27701bb417b2b221d994ffff36f0990ee17871f0,27701bb417b2b221d994ffff36f0990ee17871f0,Exact corrected-source blob; target-wide compilation and relevant module suite apply. See server-port-evidence.md/client-port-evidence.md and WP04 compatibility evidence.
A,,src/server/turmoil/globalEvents/moreParties/KuipersExpansion.ts,moreParties,port-and-adapt,verified,4f203b2074c9d23aa62b3a7c6540361854c957a6,4f203b2074c9d23aa62b3a7c6540361854c957a6,Exact corrected-source blob; target-wide compilation and relevant module suite apply. See server-port-evidence.md/client-port-evidence.md and WP04 compatibility evidence.
A,,src/server/turmoil/globalEvents/moreParties/LifeExtension.ts,moreParties,port-and-adapt,verified,04249dcaff7e7c9e586cc08f3ec1cf572e6a6544,04249dcaff7e7c9e586cc08f3ec1cf572e6a6544,Exact corrected-source blob; target-wide compilation and relevant module suite apply. See server-port-evidence.md/client-port-evidence.md and WP04 compatibility evidence.
A,,src/server/turmoil/globalEvents/moreParties/LonelinessInACrowd.ts,moreParties,port-and-adapt,verified,0d1b5c28d5603405b7e686a8d692c1ba00b1fb5b,0d1b5c28d5603405b7e686a8d692c1ba00b1fb5b,Exact corrected-source blob; target-wide compilation and relevant module suite apply. See server-port-evidence.md/client-port-evidence.md and WP04 compatibility evidence.
A,,src/server/turmoil/globalEvents/moreParties/MarinersAgreements.ts,moreParties,port-and-adapt,verified,7bc30a99d7dab2ec272d385cdcfdfba482fe4e52,7bc30a99d7dab2ec272d385cdcfdfba482fe4e52,Exact corrected-source blob; target-wide compilation and relevant module suite apply. See server-port-evidence.md/client-port-evidence.md and WP04 compatibility evidence.
A,,src/server/turmoil/globalEvents/moreParties/OldEarthReserve.ts,moreParties,port-and-adapt,verified,57f96a8c04c0016b980382c10296143af0a60c4e,57f96a8c04c0016b980382c10296143af0a60c4e,Exact corrected-source blob; target-wide compilation and relevant module suite apply. See server-port-evidence.md/client-port-evidence.md and WP04 compatibility evidence.
A,,src/server/turmoil/globalEvents/moreParties/Overpopulation.ts,moreParties,port-and-adapt,verified,3d7c76068bfbe63e39fac029c9a4a68dc64118f7,3d7c76068bfbe63e39fac029c9a4a68dc64118f7,Exact corrected-source blob; target-wide compilation and relevant module suite apply. See server-port-evidence.md/client-port-evidence.md and WP04 compatibility evidence.
A,,src/server/turmoil/globalEvents/moreParties/PopulationCollapses.ts,moreParties,port-and-adapt,verified,a8f54212cf8c4cdcd536562c80ec7d69f369cbfc,a8f54212cf8c4cdcd536562c80ec7d69f369cbfc,Exact corrected-source blob; target-wide compilation and relevant module suite apply. See server-port-evidence.md/client-port-evidence.md and WP04 compatibility evidence.
A,,src/server/turmoil/globalEvents/moreParties/QuantumBreakthrough.ts,moreParties,port-and-adapt,verified,a12d4e6c0a6ab3a36fa49ffac8af4cb2010cf6d2,a12d4e6c0a6ab3a36fa49ffac8af4cb2010cf6d2,Exact corrected-source blob; target-wide compilation and relevant module suite apply. See server-port-evidence.md/client-port-evidence.md and WP04 compatibility evidence.
A,,src/server/turmoil/globalEvents/moreParties/RadicalGeoengineering.ts,moreParties,port-and-adapt,verified,3cc1640e5ec6c3966f6d602b158ee2599efe3229,3cc1640e5ec6c3966f6d602b158ee2599efe3229,Exact corrected-source blob; target-wide compilation and relevant module suite apply. See server-port-evidence.md/client-port-evidence.md and WP04 compatibility evidence.
A,,src/server/turmoil/globalEvents/moreParties/SanctionOnTheOutskirts.ts,moreParties,port-and-adapt,verified,0086eb2bdb5b09c1238c799b7217578f670bbe57,0086eb2bdb5b09c1238c799b7217578f670bbe57,Exact corrected-source blob; target-wide compilation and relevant module suite apply. See server-port-evidence.md/client-port-evidence.md and WP04 compatibility evidence.
A,,src/server/turmoil/globalEvents/moreParties/SpeciationOfHumanity.ts,moreParties,port-and-adapt,verified,41ba8f62e341e47b7d9d753f3d50beab2820eed4,41ba8f62e341e47b7d9d753f3d50beab2820eed4,Exact corrected-source blob; target-wide compilation and relevant module suite apply. See server-port-evidence.md/client-port-evidence.md and WP04 compatibility evidence.
A,,src/server/turmoil/globalEvents/moreParties/UniversalUprising.ts,moreParties,port-and-adapt,verified,000d4d5585ac1469de326be2d870d3c996690588,000d4d5585ac1469de326be2d870d3c996690588,Exact corrected-source blob; target-wide compilation and relevant module suite apply. See server-port-evidence.md/client-port-evidence.md and WP04 compatibility evidence.
A,,src/server/turmoil/globalEvents/moreParties/VenusVolcanism.ts,moreParties,port-and-adapt,verified,88d8fa9a76ecbf86891532a7fc64b22b9e36d5ac,88d8fa9a76ecbf86891532a7fc64b22b9e36d5ac,Exact corrected-source blob; target-wide compilation and relevant module suite apply. See server-port-evidence.md/client-port-evidence.md and WP04 compatibility evidence.
A,,src/server/turmoil/parties/Bureaucrats.ts,parties-and-agendas,port-and-adapt,verified,a04def486372d43a394da52cd151a1e4574496fb,a04def486372d43a394da52cd151a1e4574496fb,Exact corrected-source blob; target-wide compilation and relevant module suite apply. See server-port-evidence.md/client-port-evidence.md and WP04 compatibility evidence.
A,,src/server/turmoil/parties/Centrists.ts,parties-and-agendas,port-and-adapt,verified,0f28a0372296199e87de82fd0ea80a11146dab28,0f28a0372296199e87de82fd0ea80a11146dab28,Exact corrected-source blob; target-wide compilation and relevant module suite apply. See server-port-evidence.md/client-port-evidence.md and WP04 compatibility evidence.
A,,src/server/turmoil/parties/ChooseTagPolicy.ts,parties-and-agendas,port-and-adapt,verified,e2482eceee7312d393c12f53ed92a81925d3e6f1,e2482eceee7312d393c12f53ed92a81925d3e6f1,Exact corrected-source blob; target-wide compilation and relevant module suite apply. See server-port-evidence.md/client-port-evidence.md and WP04 compatibility evidence.
A,,src/server/turmoil/parties/Empower.ts,parties-and-agendas,port-and-adapt,verified,05d35c968708421bd36852e1cc174f08f38a3460,05d35c968708421bd36852e1cc174f08f38a3460,Exact corrected-source blob; target-wide compilation and relevant module suite apply. See server-port-evidence.md/client-port-evidence.md and WP04 compatibility evidence.
M,,src/server/turmoil/parties/Greens.ts,parties-and-agendas,already-present,verified,12224434167890354560fcc12e62398fdd4b58a2,5a77f7cf99e50c50cea42f9366138c1436f60de7,Policies/bonuses already exist in target; retain custom policy/ruling-bonus logging. Source differs only in logging and display wording; compared exact source diff.
A,,src/server/turmoil/parties/GreensMoreParties.ts,moreParties,port-and-adapt,verified,a5af29b97a52118b5b04378d65673ca5845086ff,a5af29b97a52118b5b04378d65673ca5845086ff,Exact corrected-source blob; target-wide compilation and relevant module suite apply. See server-port-evidence.md/client-port-evidence.md and WP04 compatibility evidence.
A,,src/server/turmoil/parties/KelvinistsMoreParties.ts,moreParties,port-and-adapt,verified,11c557eee28cb2b11e4196f73ded87bc54ecc839,11c557eee28cb2b11e4196f73ded87bc54ecc839,Exact corrected-source blob; target-wide compilation and relevant module suite apply. See server-port-evidence.md/client-port-evidence.md and WP04 compatibility evidence.
M,,src/server/turmoil/parties/MarsFirst.ts,parties-and-agendas,already-present,verified,2f75445c4c81d6e174682c251aa4f056e53d4900,acf9a068a9a7fb773298368aec93ce0817b957d6,Policies/bonuses already exist in target; retain custom policy/ruling-bonus logging. Source differs only in logging and display wording; compared exact source diff.
A,,src/server/turmoil/parties/MarsFirstMoreParties.ts,moreParties,port-and-adapt,verified,c77180307982ba11cbb9a16256230f2609455c7d,c77180307982ba11cbb9a16256230f2609455c7d,Exact corrected-source blob; target-wide compilation and relevant module suite apply. See server-port-evidence.md/client-port-evidence.md and WP04 compatibility evidence.
M,,src/server/turmoil/parties/Party.ts,parties-and-agendas,port-and-adapt,verified,67215b350b8c37c641e9b662d68f16361ba3fd3a,67215b350b8c37c641e9b662d68f16361ba3fd3a,Exact corrected-source blob; target-wide compilation and relevant module suite apply. See server-port-evidence.md/client-port-evidence.md and WP04 compatibility evidence.
A,,src/server/turmoil/parties/Populists.ts,parties-and-agendas,port-and-adapt,verified,d27ee1d84b638aa691d23f7741963a5ed4294a5c,d27ee1d84b638aa691d23f7741963a5ed4294a5c,Exact corrected-source blob; target-wide compilation and relevant module suite apply. See server-port-evidence.md/client-port-evidence.md and WP04 compatibility evidence.
M,,src/server/turmoil/parties/Reds.ts,parties-and-agendas,port-and-adapt,verified,3a25c23062c5a72b2d5eaf764e25402dc8abb00a,3aa5c49605c5fbe0909882e93cb83571396f43db,Adapted source delta on target; retain custom contracts. See server-port-evidence.md; server regression suite and WP04 save/input/replay checks.
A,,src/server/turmoil/parties/RedsMoreParties.ts,moreParties,port-and-adapt,verified,5e47f291c77caf96f2413bb501760fea523ad61d,5e47f291c77caf96f2413bb501760fea523ad61d,Exact corrected-source blob; target-wide compilation and relevant module suite apply. See server-port-evidence.md/client-port-evidence.md and WP04 compatibility evidence.
A,,src/server/turmoil/parties/ScientistsMoreParties.ts,moreParties,port-and-adapt,verified,01e7f2c85f0c0e2129f2bcc8296ef7b26c41693c,01e7f2c85f0c0e2129f2bcc8296ef7b26c41693c,Exact corrected-source blob; target-wide compilation and relevant module suite apply. See server-port-evidence.md/client-port-evidence.md and WP04 compatibility evidence.
A,,src/server/turmoil/parties/Spome.ts,parties-and-agendas,partial-source-limit,source-limit-disclosed,1164b347284ba89a03fbf258da053583a1041a87,1164b347284ba89a03fbf258da053583a1041a87,Implemented source behavior preserved; source explicitly excludes EPIC town/city-track policy or in-hand wild-tag counting. No invented rule. See source-limitations.md.
A,,src/server/turmoil/parties/Transhumanists.ts,parties-and-agendas,port-and-adapt,verified,201091a14c3bf47be0f723e362890d2b5f594324,201091a14c3bf47be0f723e362890d2b5f594324,Exact corrected-source blob; target-wide compilation and relevant module suite apply. See server-port-evidence.md/client-port-evidence.md and WP04 compatibility evidence.
M,,src/server/turmoil/parties/Unity.ts,parties-and-agendas,already-present,verified,7453f21f767899a187452c954cb626d5744f6692,ef938e9a9e2d99f6436f4c14c06f13b0fe0fb9fb,Policies/bonuses already exist in target; retain custom policy/ruling-bonus logging. Source differs only in logging and display wording; compared exact source diff.
A,,src/server/turmoil/parties/UnityMoreParties.ts,moreParties,port-and-adapt,verified,cd2199a71ad67aeeb3f1e881183d0c2da2dcc97d,cd2199a71ad67aeeb3f1e881183d0c2da2dcc97d,Exact corrected-source blob; target-wide compilation and relevant module suite apply. See server-port-evidence.md/client-port-evidence.md and WP04 compatibility evidence.
A,,src/server/venusPhase2/BasePlaceVenusPhase2Tile.ts,venusPhase2,port-and-adapt,verified,63f09c80231f9c8f75e8317073015139ecc560f0,63f09c80231f9c8f75e8317073015139ecc560f0,Exact corrected-source blob; target-wide compilation and relevant module suite apply. See server-port-evidence.md/client-port-evidence.md and WP04 compatibility evidence.
A,,src/server/venusPhase2/PlaceCloudCityTile.ts,venusPhase2,port-and-adapt,verified,110576d8175435ea9f79a0d00b9aa3b49f5090a7,110576d8175435ea9f79a0d00b9aa3b49f5090a7,Exact corrected-source blob; target-wide compilation and relevant module suite apply. See server-port-evidence.md/client-port-evidence.md and WP04 compatibility evidence.
A,,src/server/venusPhase2/PlaceFloaterArrayTile.ts,venusPhase2,port-and-adapt,verified,075c9059e5cc27ee72e7dd1d56fed5e932534de6,075c9059e5cc27ee72e7dd1d56fed5e932534de6,Exact corrected-source blob; target-wide compilation and relevant module suite apply. See server-port-evidence.md/client-port-evidence.md and WP04 compatibility evidence.
A,,src/server/venusPhase2/PlaceGasMineTile.ts,venusPhase2,port-and-adapt,verified,23d6760923226684762a6546080e00d3230a46ed,23d6760923226684762a6546080e00d3230a46ed,Exact corrected-source blob; target-wide compilation and relevant module suite apply. See server-port-evidence.md/client-port-evidence.md and WP04 compatibility evidence.
A,,src/server/venusPhase2/SerializedVenusPhase2Data.ts,venusPhase2,port-and-adapt,verified,6fb4b30222d2fa162c958a7536aac3de9f560c6f,6fb4b30222d2fa162c958a7536aac3de9f560c6f,Exact corrected-source blob; target-wide compilation and relevant module suite apply. See server-port-evidence.md/client-port-evidence.md and WP04 compatibility evidence.
A,,src/server/venusPhase2/VenusPhase2Data.ts,venusPhase2,port-and-adapt,verified,bff2a0c01e64d20979642926ceaf4f8db0fdff8a,bff2a0c01e64d20979642926ceaf4f8db0fdff8a,Exact corrected-source blob; target-wide compilation and relevant module suite apply. See server-port-evidence.md/client-port-evidence.md and WP04 compatibility evidence.
A,,src/server/venusPhase2/VenusPhase2Expansion.ts,venusPhase2,port-and-adapt,verified,9d6787a7aa0f2cc342def5fac3a52f98e11102f3,9d6787a7aa0f2cc342def5fac3a52f98e11102f3,Exact corrected-source blob; target-wide compilation and relevant module suite apply. See server-port-evidence.md/client-port-evidence.md and WP04 compatibility evidence.
A,,src/server/venusPhase2/VenusSurfaceBoard.ts,venusPhase2,port-and-adapt,verified,51a90043c308965d46b71c88cb5e66c4c4a16b3e,51a90043c308965d46b71c88cb5e66c4c4a16b3e,Exact corrected-source blob; target-wide compilation and relevant module suite apply. See server-port-evidence.md/client-port-evidence.md and WP04 compatibility evidence.
M,,src/styles/board.less,custom-ui-integration-and-assets,port-and-adapt,verified,20fa74e1c1bf8f0f0da097aa12eff925e6e84735,a0aebb1e3838a08dcad0dcbf7cb1a6a04d41989b,Adapted source delta on target; retain custom contracts. See client-port-evidence.md; desktop/mobile smoke and 999 client tests.
M,,src/styles/cards.less,custom-ui-integration-and-assets,port-and-adapt,verified,0d02fa19a29b960a6755f1a86bc7bf5d1a32fbfd,0d02fa19a29b960a6755f1a86bc7bf5d1a32fbfd,Exact corrected-source blob; target-wide compilation and relevant module suite apply. See server-port-evidence.md/client-port-evidence.md and WP04 compatibility evidence.
M,,src/styles/cards_v2.less,custom-ui-integration-and-assets,port-and-adapt,verified,6c26a2e37993b989a83cc1aa6dd940b51195d248,6c26a2e37993b989a83cc1aa6dd940b51195d248,Exact corrected-source blob; target-wide compilation and relevant module suite apply. See server-port-evidence.md/client-port-evidence.md and WP04 compatibility evidence.
M,,src/styles/common.less,custom-ui-integration-and-assets,port-and-adapt,verified,590452b94339c7e3f1f9c58ddce71403046f855f,a0647c732bdccb4b20ff2e8f3cf03abbbeaef940,Adapted source delta on target; retain custom contracts. See client-port-evidence.md; desktop/mobile smoke and 999 client tests.
A,,src/styles/conglomerates.less,conglomerates,port-and-adapt,verified,02d743f7430b16035b78ac6926dfb85ab14620f0,02d743f7430b16035b78ac6926dfb85ab14620f0,Exact corrected-source blob; target-wide compilation and relevant module suite apply. See server-port-evidence.md/client-port-evidence.md and WP04 compatibility evidence.
M,,src/styles/games-overview.less,custom-ui-integration-and-assets,port-and-adapt,verified,134463c74524f8d772289c931b046094fc96fdeb,134463c74524f8d772289c931b046094fc96fdeb,Exact corrected-source blob; target-wide compilation and relevant module suite apply. See server-port-evidence.md/client-port-evidence.md and WP04 compatibility evidence.
M,,src/styles/globs.less,custom-ui-integration-and-assets,port-and-adapt,verified,3629fd9861da6fe795fe4d0c0982412c298194ba,38130497086067a75ffaaa1ae1d46a3e79ac2c98,Adapted source delta on target; retain custom contracts. See client-port-evidence.md; desktop/mobile smoke and 999 client tests.
M,,src/styles/help.less,custom-ui-integration-and-assets,port-and-adapt,verified,c9aa5e318658550bfacf8028428ceb3ce5ad2964,c9aa5e318658550bfacf8028428ceb3ce5ad2964,Exact corrected-source blob; target-wide compilation and relevant module suite apply. See server-port-evidence.md/client-port-evidence.md and WP04 compatibility evidence.
A,,src/styles/highorbit.less,highOrbit,port-and-adapt,verified,93559c46f6450096d88f837bee40d1698ac5b8b1,93559c46f6450096d88f837bee40d1698ac5b8b1,Exact corrected-source blob; target-wide compilation and relevant module suite apply. See server-port-evidence.md/client-port-evidence.md and WP04 compatibility evidence.
M,,src/styles/player_home.less,custom-ui-integration-and-assets,port-and-adapt,verified,0e2a22ca60dcabcc5505a88a6484b4649c47e463,16fd92ad5d40173008510691d4ec9c3a32b44c15,Adapted source delta on target; retain custom contracts. See client-port-evidence.md; desktop/mobile smoke and 999 client tests.
M,,src/styles/resources.less,custom-ui-integration-and-assets,port-and-adapt,verified,358b49dd50840e0d6ffa6806f4a00c03884b24bd,358b49dd50840e0d6ffa6806f4a00c03884b24bd,Exact corrected-source blob; target-wide compilation and relevant module suite apply. See server-port-evidence.md/client-port-evidence.md and WP04 compatibility evidence.
M,,src/styles/start_screen.less,custom-ui-integration-and-assets,port-and-adapt,verified,ffe6ce34863aac13865ec0ad41b7322f687175cc,aeb154d4065543c49ba45ce163eeb36fe4d735f7,Adapted source delta on target; retain custom contracts. See client-port-evidence.md; desktop/mobile smoke and 999 client tests.
M,,src/styles/turmoil.less,custom-ui-integration-and-assets,port-and-adapt,verified,fd785a14c6b5c8d8e43f8abec1c6325f165d581a,d78e174c4aa982d0d5d51fa6b03324db4faa67ce,Adapted source delta on target; retain custom contracts. See client-port-evidence.md; desktop/mobile smoke and 999 client tests.
A,,src/styles/venusphase2.less,venusPhase2,port-and-adapt,verified,103fa807099601627cf0c9dc397d0216c3d026a8,103fa807099601627cf0c9dc397d0216c3d026a8,Exact corrected-source blob; target-wide compilation and relevant module suite apply. See server-port-evidence.md/client-port-evidence.md and WP04 compatibility evidence.
M,,tests/Game.spec.ts,shared-engine-and-regressions,port-and-adapt,verified,b2259d584825bba3c6d594fa22036c4e3d4a7360,eba22769f32b67aa95f286f0e4abb158d7328cb4,Adapted source delta on target; retain custom contracts. See server-port-evidence.md; server regression suite and WP04 save/input/replay checks.
M,,tests/GameCards.spec.ts,shared-engine-and-regressions,port-and-adapt,verified,6db1858e4dce17284bafe6b29900b059493dc6a5,8426a56b57eb5acff4325500d10924fe4c58e488,Adapted source delta on target; retain custom contracts. See server-port-evidence.md; server regression suite and WP04 save/input/replay checks.
A,,tests/HighOrbitMarket.spec.ts,highOrbit,port-and-adapt,verified,480820a423b05466be0c02e3eed12e224a9d47dd,480820a423b05466be0c02e3eed12e224a9d47dd,Exact corrected-source blob; target-wide compilation and relevant module suite apply. See server-port-evidence.md/client-port-evidence.md and WP04 compatibility evidence.
A,,tests/MorePartiesCardDraws.spec.ts,moreParties,port-and-adapt,verified,adfb3418b06fed609ee86ce75bc794239688b211,adfb3418b06fed609ee86ce75bc794239688b211,Exact corrected-source blob; target-wide compilation and relevant module suite apply. See server-port-evidence.md/client-port-evidence.md and WP04 compatibility evidence.
M,,tests/TestingUtils.ts,shared-engine-and-regressions,port-and-adapt,verified,6618bce65a09716a36d23f8e781b9807cc2fe66e,c26dbfe9459a9f1ea782c0d6d9fd1776c2632b65,Adapted source delta on target; retain custom contracts. See server-port-evidence.md; server regression suite and WP04 save/input/replay checks.
M,,tests/awards/Landlord.spec.ts,milestones-and-awards,port-and-adapt,verified,b1b9396ce333901b5b422121a559b1e3a86d5d95,b1b9396ce333901b5b422121a559b1e3a86d5d95,Exact corrected-source blob; target-wide compilation and relevant module suite apply. See server-port-evidence.md/client-port-evidence.md and WP04 compatibility evidence.
M,,tests/awards/modular/Metropolist.spec.ts,milestones-and-awards,port-and-adapt,verified,86d2d7102aaca94a809b152716c758603646e3a2,86d2d7102aaca94a809b152716c758603646e3a2,Exact corrected-source blob; target-wide compilation and relevant module suite apply. See server-port-evidence.md/client-port-evidence.md and WP04 compatibility evidence.
M,,tests/awards/terraCimmeria/Warmonger.spec.ts,milestones-and-awards,port-and-adapt,verified,e87546b3062e1dc4535a176469bb6f361baf7e79,e87546b3062e1dc4535a176469bb6f361baf7e79,Exact corrected-source blob; target-wide compilation and relevant module suite apply. See server-port-evidence.md/client-port-evidence.md and WP04 compatibility evidence.
M,,tests/behavior/Executor.spec.ts,actions-inputs-and-effects,port-and-adapt,verified,40b45ca206e408011e3004da1b24e3cef5a47d54,b6d8bc83baab10cdc20e65ac50daafeb211788c8,Adapted source delta on target; retain custom contracts. See server-port-evidence.md; server regression suite and WP04 save/input/replay checks.
A,,tests/boards/CustomBoard.spec.ts,maps-editors-and-tracks,port-and-adapt,verified,9ad0ef24a3c3954a0ba02b4902ae86bd078f0dae,9ad0ef24a3c3954a0ba02b4902ae86bd078f0dae,Exact corrected-source blob; target-wide compilation and relevant module suite apply. See server-port-evidence.md/client-port-evidence.md and WP04 compatibility evidence.
M,,tests/boards/MarsBoard.spec.ts,maps-editors-and-tracks,port-and-adapt,verified,8ba19290fd6d360c9dba3a85d992b9e46e057fd7,8ba19290fd6d360c9dba3a85d992b9e46e057fd7,Exact corrected-source blob; target-wide compilation and relevant module suite apply. See server-port-evidence.md/client-port-evidence.md and WP04 compatibility evidence.
A,,tests/boards/computeEdges.spec.ts,maps-editors-and-tracks,port-and-adapt,verified,05237540e38511ca011f903ae3e3cfe822ed28d6,05237540e38511ca011f903ae3e3cfe822ed28d6,Exact corrected-source blob; target-wide compilation and relevant module suite apply. See server-port-evidence.md/client-port-evidence.md and WP04 compatibility evidence.
A,,tests/cards/CustomCardRegistry.spec.ts,custom-cards-and-library,port-and-adapt,verified,ea665662e71d179e4ec935bafa171019fc31d919,ea665662e71d179e4ec935bafa171019fc31d919,Exact corrected-source blob; target-wide compilation and relevant module suite apply. See server-port-evidence.md/client-port-evidence.md and WP04 compatibility evidence.
A,,tests/cards/DataDrivenCard.spec.ts,existing-card-interactions-and-rendering,port-and-adapt,verified,14eac6dc19d5fd8a4e98ac6bf102d35f8976c81c,14eac6dc19d5fd8a4e98ac6bf102d35f8976c81c,Exact corrected-source blob; target-wide compilation and relevant module suite apply. See server-port-evidence.md/client-port-evidence.md and WP04 compatibility evidence.
A,,tests/cards/SillyficationReplacements.spec.ts,sillyfication,port-and-adapt,verified,1224cb33f4ffb3355044f4e459a8da51f280f23e,1224cb33f4ffb3355044f4e459a8da51f280f23e,Exact corrected-source blob; target-wide compilation and relevant module suite apply. See server-port-evidence.md/client-port-evidence.md and WP04 compatibility evidence.
M,,tests/cards/base/MicrobiologyPatents.spec.ts,existing-card-interactions-and-rendering,port-and-adapt,verified,05be589f0b5a47282be616b49a9fa5932cd8c311,05be589f0b5a47282be616b49a9fa5932cd8c311,Exact corrected-source blob; target-wide compilation and relevant module suite apply. See server-port-evidence.md/client-port-evidence.md and WP04 compatibility evidence.
M,,tests/cards/base/PowerInfrastructure.spec.ts,existing-card-interactions-and-rendering,port-and-adapt,verified,880cdae5c1965c4b0029e724fa5d7f81392da3e7,880cdae5c1965c4b0029e724fa5d7f81392da3e7,Exact corrected-source blob; target-wide compilation and relevant module suite apply. See server-port-evidence.md/client-port-evidence.md and WP04 compatibility evidence.
M,,tests/cards/base/ProtectedHabitats.spec.ts,existing-card-interactions-and-rendering,port-and-adapt,verified,06f34b8acb86635e3fb181f5e95279ed7b854a3d,06f34b8acb86635e3fb181f5e95279ed7b854a3d,Exact corrected-source blob; target-wide compilation and relevant module suite apply. See server-port-evidence.md/client-port-evidence.md and WP04 compatibility evidence.
M,,tests/cards/base/RoboticWorkforce.spec.ts,existing-card-interactions-and-rendering,port-and-adapt,verified,61c5314d44b6f406791c71b823a30e20122f8173,61c5314d44b6f406791c71b823a30e20122f8173,Exact corrected-source blob; target-wide compilation and relevant module suite apply. See server-port-evidence.md/client-port-evidence.md and WP04 compatibility evidence.
A,,tests/cards/betterMars/Replacements.spec.ts,betterMars,port-and-adapt,verified,03031982b6f085fe7b40c1b14aa97ca093654b95,03031982b6f085fe7b40c1b14aa97ca093654b95,Exact corrected-source blob; target-wide compilation and relevant module suite apply. See server-port-evidence.md/client-port-evidence.md and WP04 compatibility evidence.
A,,tests/cards/conglomerates/FullAccessCooperation.spec.ts,conglomerates,port-and-adapt,verified,74c4a2d27ec92b14ce45e68dffe617c2b59e4dc5,74c4a2d27ec92b14ce45e68dffe617c2b59e4dc5,Exact corrected-source blob; target-wide compilation and relevant module suite apply. See server-port-evidence.md/client-port-evidence.md and WP04 compatibility evidence.
A,,tests/cards/conglomerates/HelpRequest.spec.ts,conglomerates,port-and-adapt,verified,7dcaeff766647bd28882a8e3a1cd3ffaab5e6553,7dcaeff766647bd28882a8e3a1cd3ffaab5e6553,Exact corrected-source blob; target-wide compilation and relevant module suite apply. See server-port-evidence.md/client-port-evidence.md and WP04 compatibility evidence.
A,,tests/cards/conglomerates/Selfish.spec.ts,conglomerates,port-and-adapt,verified,f4ea32b3de36432d2c882390474a2f2e725ee46b,f4ea32b3de36432d2c882390474a2f2e725ee46b,Exact corrected-source blob; target-wide compilation and relevant module suite apply. See server-port-evidence.md/client-port-evidence.md and WP04 compatibility evidence.
A,,tests/cards/conglomerates/teamActions/DonationAction.spec.ts,conglomerates,port-and-adapt,verified,f3bc502dd689d5f8c00f9f05e5a21916335c3c89,f3bc502dd689d5f8c00f9f05e5a21916335c3c89,Exact corrected-source blob; target-wide compilation and relevant module suite apply. See server-port-evidence.md/client-port-evidence.md and WP04 compatibility evidence.
A,,tests/cards/conglomerates/teamActions/FacilitySharing.spec.ts,conglomerates,port-and-adapt,verified,bb9ca2f88b6e51826e66196343598ecde4c08cd1,bb9ca2f88b6e51826e66196343598ecde4c08cd1,Exact corrected-source blob; target-wide compilation and relevant module suite apply. See server-port-evidence.md/client-port-evidence.md and WP04 compatibility evidence.
A,,tests/cards/conglomerates/teamActions/GivePatent.spec.ts,conglomerates,port-and-adapt,verified,99db4d98ba8bd805d52d1185095f1cb9db4c5627,99db4d98ba8bd805d52d1185095f1cb9db4c5627,Exact corrected-source blob; target-wide compilation and relevant module suite apply. See server-port-evidence.md/client-port-evidence.md and WP04 compatibility evidence.
A,,tests/cards/corporatebetterments/AdvancedSchools.spec.ts,corporatebetterments,port-and-adapt,verified,3c0de46cb3e7f65f224557157b0dad6082ca5f2f,3c0de46cb3e7f65f224557157b0dad6082ca5f2f,Exact corrected-source blob; target-wide compilation and relevant module suite apply. See server-port-evidence.md/client-port-evidence.md and WP04 compatibility evidence.
A,,tests/cards/corporatebetterments/AitkenDrillingOperations.spec.ts,corporatebetterments,port-and-adapt,verified,96371ebeb825c4f43fac20faea19a444800b9810,96371ebeb825c4f43fac20faea19a444800b9810,Exact corrected-source blob; target-wide compilation and relevant module suite apply. See server-port-evidence.md/client-port-evidence.md and WP04 compatibility evidence.
A,,tests/cards/corporatebetterments/ArchitecturalContracts.spec.ts,corporatebetterments,port-and-adapt,verified,0589cfb4fdb7c3fe590526222b0e2ffb29585612,0589cfb4fdb7c3fe590526222b0e2ffb29585612,Exact corrected-source blob; target-wide compilation and relevant module suite apply. See server-port-evidence.md/client-port-evidence.md and WP04 compatibility evidence.
A,,tests/cards/corporatebetterments/AssistedGrowthPlants.spec.ts,corporatebetterments,port-and-adapt,verified,0b8e30a7ae82deeef2ee73cf5ecaffc2108e4d93,0b8e30a7ae82deeef2ee73cf5ecaffc2108e4d93,Exact corrected-source blob; target-wide compilation and relevant module suite apply. See server-port-evidence.md/client-port-evidence.md and WP04 compatibility evidence.
A,,tests/cards/corporatebetterments/AsteroidFragmentation.spec.ts,corporatebetterments,port-and-adapt,verified,cceffce1044a083b5c5e4ce9ece82cc30c2b5e86,cceffce1044a083b5c5e4ce9ece82cc30c2b5e86,Exact corrected-source blob; target-wide compilation and relevant module suite apply. See server-port-evidence.md/client-port-evidence.md and WP04 compatibility evidence.
A,,tests/cards/corporatebetterments/BaseOnTitan.spec.ts,corporatebetterments,port-and-adapt,verified,68d08b9ddb8bf62f991c3d5968372c202ad9d2e8,68d08b9ddb8bf62f991c3d5968372c202ad9d2e8,Exact corrected-source blob; target-wide compilation and relevant module suite apply. See server-port-evidence.md/client-port-evidence.md and WP04 compatibility evidence.
A,,tests/cards/corporatebetterments/BiomassReactor.spec.ts,corporatebetterments,port-and-adapt,verified,625ba68b7b99a200f83e69ba6e97c91920e66c28,625ba68b7b99a200f83e69ba6e97c91920e66c28,Exact corrected-source blob; target-wide compilation and relevant module suite apply. See server-port-evidence.md/client-port-evidence.md and WP04 compatibility evidence.
A,,tests/cards/corporatebetterments/CompanyCartel.spec.ts,corporatebetterments,port-and-adapt,verified,ba793d88ffcb187d652eb481f2eca8964f05ca61,ba793d88ffcb187d652eb481f2eca8964f05ca61,Exact corrected-source blob; target-wide compilation and relevant module suite apply. See server-port-evidence.md/client-port-evidence.md and WP04 compatibility evidence.
A,,tests/cards/corporatebetterments/CompanyIncentives.spec.ts,corporatebetterments,port-and-adapt,verified,3b352b583b69ea3bbd76c7a3e5f6cb3ed7b793e4,3b352b583b69ea3bbd76c7a3e5f6cb3ed7b793e4,Exact corrected-source blob; target-wide compilation and relevant module suite apply. See server-port-evidence.md/client-port-evidence.md and WP04 compatibility evidence.
A,,tests/cards/corporatebetterments/CompanyMerger.spec.ts,corporatebetterments,port-and-adapt,verified,58f1b63551d47441d834835cee48afaf7ecb7923,58f1b63551d47441d834835cee48afaf7ecb7923,Exact corrected-source blob; target-wide compilation and relevant module suite apply. See server-port-evidence.md/client-port-evidence.md and WP04 compatibility evidence.
A,,tests/cards/corporatebetterments/CompanyRestructuring.spec.ts,corporatebetterments,port-and-adapt,verified,a75c41a1f81b493f46bffbd9ce160921d752a189,a75c41a1f81b493f46bffbd9ce160921d752a189,Exact corrected-source blob; target-wide compilation and relevant module suite apply. See server-port-evidence.md/client-port-evidence.md and WP04 compatibility evidence.
A,,tests/cards/corporatebetterments/EnergeticInfrastructures.spec.ts,corporatebetterments,port-and-adapt,verified,797eb7206214df0396be235b32562d6558224fe6,797eb7206214df0396be235b32562d6558224fe6,Exact corrected-source blob; target-wide compilation and relevant module suite apply. See server-port-evidence.md/client-port-evidence.md and WP04 compatibility evidence.
A,,tests/cards/corporatebetterments/ExcessWater.spec.ts,corporatebetterments,port-and-adapt,verified,2b03b57aaa02885c96bb381984ddef53ab8c6c3a,2b03b57aaa02885c96bb381984ddef53ab8c6c3a,Exact corrected-source blob; target-wide compilation and relevant module suite apply. See server-port-evidence.md/client-port-evidence.md and WP04 compatibility evidence.
A,,tests/cards/corporatebetterments/FamilyAdvertising.spec.ts,corporatebetterments,port-and-adapt,verified,955d01825a2e333a0392b3f67f0810f5b4f0f2fc,955d01825a2e333a0392b3f67f0810f5b4f0f2fc,Exact corrected-source blob; target-wide compilation and relevant module suite apply. See server-port-evidence.md/client-port-evidence.md and WP04 compatibility evidence.
A,,tests/cards/corporatebetterments/FuturisticCentre.spec.ts,corporatebetterments,port-and-adapt,verified,1a33849bf1d6b52015d2fcd159da43634ef85807,1a33849bf1d6b52015d2fcd159da43634ef85807,Exact corrected-source blob; target-wide compilation and relevant module suite apply. See server-port-evidence.md/client-port-evidence.md and WP04 compatibility evidence.
A,,tests/cards/corporatebetterments/GreatOceanLaboratory.spec.ts,corporatebetterments,port-and-adapt,verified,c7b7fa47de088636bae41ad78d1e19cffd85be00,c7b7fa47de088636bae41ad78d1e19cffd85be00,Exact corrected-source blob; target-wide compilation and relevant module suite apply. See server-port-evidence.md/client-port-evidence.md and WP04 compatibility evidence.
A,,tests/cards/corporatebetterments/GreenAreasIntegration.spec.ts,corporatebetterments,port-and-adapt,verified,6595c7097afa78fa2a9214a8e089566345c568c3,6595c7097afa78fa2a9214a8e089566345c568c3,Exact corrected-source blob; target-wide compilation and relevant module suite apply. See server-port-evidence.md/client-port-evidence.md and WP04 compatibility evidence.
A,,tests/cards/corporatebetterments/GreeneryEmbellishment.spec.ts,corporatebetterments,port-and-adapt,verified,191c4c8b818f16112ac6fdbe963d92b908414087,191c4c8b818f16112ac6fdbe963d92b908414087,Exact corrected-source blob; target-wide compilation and relevant module suite apply. See server-port-evidence.md/client-port-evidence.md and WP04 compatibility evidence.
A,,tests/cards/corporatebetterments/IngegneriSpaziali.spec.ts,corporatebetterments,port-and-adapt,verified,fe527e720c680911311e941e6e07af0a7388d005,fe527e720c680911311e941e6e07af0a7388d005,Exact corrected-source blob; target-wide compilation and relevant module suite apply. See server-port-evidence.md/client-port-evidence.md and WP04 compatibility evidence.
A,,tests/cards/corporatebetterments/InterplanetaryAdvertisingNetwork.spec.ts,corporatebetterments,port-and-adapt,verified,aa5dcc3bd888b3f4b51d35df7dfc841f4d0ee255,aa5dcc3bd888b3f4b51d35df7dfc841f4d0ee255,Exact corrected-source blob; target-wide compilation and relevant module suite apply. See server-port-evidence.md/client-port-evidence.md and WP04 compatibility evidence.
A,,tests/cards/corporatebetterments/IoThermalization.spec.ts,corporatebetterments,port-and-adapt,verified,a0a68c4c192fe102714ca814e62eb3af69b6a161,a0a68c4c192fe102714ca814e62eb3af69b6a161,Exact corrected-source blob; target-wide compilation and relevant module suite apply. See server-port-evidence.md/client-port-evidence.md and WP04 compatibility evidence.
A,,tests/cards/corporatebetterments/JointVenture.spec.ts,corporatebetterments,port-and-adapt,verified,3633c537c5611706cd2fdd7d33e947b67be8ef00,3633c537c5611706cd2fdd7d33e947b67be8ef00,Exact corrected-source blob; target-wide compilation and relevant module suite apply. See server-port-evidence.md/client-port-evidence.md and WP04 compatibility evidence.
A,,tests/cards/corporatebetterments/JovianBeltMiningOperations.spec.ts,corporatebetterments,port-and-adapt,verified,824ed3f2fa66ae8b91539aae0ed1375798905c8d,824ed3f2fa66ae8b91539aae0ed1375798905c8d,Exact corrected-source blob; target-wide compilation and relevant module suite apply. See server-port-evidence.md/client-port-evidence.md and WP04 compatibility evidence.
A,,tests/cards/corporatebetterments/LunarMantleExcavation.spec.ts,corporatebetterments,port-and-adapt,verified,3df4a12b071975dc88da105fdb9cdb73d16331b4,3df4a12b071975dc88da105fdb9cdb73d16331b4,Exact corrected-source blob; target-wide compilation and relevant module suite apply. See server-port-evidence.md/client-port-evidence.md and WP04 compatibility evidence.
A,,tests/cards/corporatebetterments/MarketManipulationCb.spec.ts,corporatebetterments,port-and-adapt,verified,aa097535d454fb9abf20fcc2ff12e55f9f0153fb,aa097535d454fb9abf20fcc2ff12e55f9f0153fb,Exact corrected-source blob; target-wide compilation and relevant module suite apply. See server-port-evidence.md/client-port-evidence.md and WP04 compatibility evidence.
A,,tests/cards/corporatebetterments/MartianHotels.spec.ts,corporatebetterments,port-and-adapt,verified,47dd3541c36373ae35f7c9aca4818b0a501bdf46,47dd3541c36373ae35f7c9aca4818b0a501bdf46,Exact corrected-source blob; target-wide compilation and relevant module suite apply. See server-port-evidence.md/client-port-evidence.md and WP04 compatibility evidence.
A,,tests/cards/corporatebetterments/MartianLizards.spec.ts,corporatebetterments,port-and-adapt,verified,8b0e68574191155862c366c32afd5515c8181bfc,8b0e68574191155862c366c32afd5515c8181bfc,Exact corrected-source blob; target-wide compilation and relevant module suite apply. See server-port-evidence.md/client-port-evidence.md and WP04 compatibility evidence.
A,,tests/cards/corporatebetterments/MartianSafari.spec.ts,corporatebetterments,port-and-adapt,verified,8ec99c681491f4cadddbe29aad548ca4efe37417,8ec99c681491f4cadddbe29aad548ca4efe37417,Exact corrected-source blob; target-wide compilation and relevant module suite apply. See server-port-evidence.md/client-port-evidence.md and WP04 compatibility evidence.
A,,tests/cards/corporatebetterments/MartianSamples.spec.ts,corporatebetterments,port-and-adapt,verified,e3e7238d7674278f9d7a46b4147d6be030292219,e3e7238d7674278f9d7a46b4147d6be030292219,Exact corrected-source blob; target-wide compilation and relevant module suite apply. See server-port-evidence.md/client-port-evidence.md and WP04 compatibility evidence.
A,,tests/cards/corporatebetterments/MassUrbanization.spec.ts,corporatebetterments,port-and-adapt,verified,95cc3f1c92383667d13ba7d75c645d8584e419c0,95cc3f1c92383667d13ba7d75c645d8584e419c0,Exact corrected-source blob; target-wide compilation and relevant module suite apply. See server-port-evidence.md/client-port-evidence.md and WP04 compatibility evidence.
A,,tests/cards/corporatebetterments/MicrobeColtures.spec.ts,corporatebetterments,port-and-adapt,verified,5adc1b3f71745c824877a645c5ce64d7ec101dc3,5adc1b3f71745c824877a645c5ce64d7ec101dc3,Exact corrected-source blob; target-wide compilation and relevant module suite apply. See server-port-evidence.md/client-port-evidence.md and WP04 compatibility evidence.
A,,tests/cards/corporatebetterments/MonopolyBreakup.spec.ts,corporatebetterments,port-and-adapt,verified,4f3ea8bff4d40458f01c574c53fb71a4341fd692,4f3ea8bff4d40458f01c574c53fb71a4341fd692,Exact corrected-source blob; target-wide compilation and relevant module suite apply. See server-port-evidence.md/client-port-evidence.md and WP04 compatibility evidence.
A,,tests/cards/corporatebetterments/NukeAnAsteroid.spec.ts,corporatebetterments,port-and-adapt,verified,4b0605c36ddb78393b901588131e1c05a4501410,4b0605c36ddb78393b901588131e1c05a4501410,Exact corrected-source blob; target-wide compilation and relevant module suite apply. See server-port-evidence.md/client-port-evidence.md and WP04 compatibility evidence.
A,,tests/cards/corporatebetterments/Photoreflectors.spec.ts,corporatebetterments,port-and-adapt,verified,00c86d2e04d63b7c35060fbe47ea1ee2303ca8fe,00c86d2e04d63b7c35060fbe47ea1ee2303ca8fe,Exact corrected-source blob; target-wide compilation and relevant module suite apply. See server-port-evidence.md/client-port-evidence.md and WP04 compatibility evidence.
A,,tests/cards/corporatebetterments/Pipes.spec.ts,corporatebetterments,port-and-adapt,verified,7d1c218f6f1f6508a572acb48023fb9473de7e17,7d1c218f6f1f6508a572acb48023fb9473de7e17,Exact corrected-source blob; target-wide compilation and relevant module suite apply. See server-port-evidence.md/client-port-evidence.md and WP04 compatibility evidence.
A,,tests/cards/corporatebetterments/RooftopGardens.spec.ts,corporatebetterments,port-and-adapt,verified,edf45011bf3f44161bf914999063a57b1bea8da7,edf45011bf3f44161bf914999063a57b1bea8da7,Exact corrected-source blob; target-wide compilation and relevant module suite apply. See server-port-evidence.md/client-port-evidence.md and WP04 compatibility evidence.
A,,tests/cards/corporatebetterments/SeabedExtraction.spec.ts,corporatebetterments,port-and-adapt,verified,99a9e625d4039000d5d691ace717236d6c611b59,99a9e625d4039000d5d691ace717236d6c611b59,Exact corrected-source blob; target-wide compilation and relevant module suite apply. See server-port-evidence.md/client-port-evidence.md and WP04 compatibility evidence.
A,,tests/cards/corporatebetterments/SeedSharing.spec.ts,corporatebetterments,port-and-adapt,verified,abfe93718b8fec4a492e9617b89603af67d20e45,abfe93718b8fec4a492e9617b89603af67d20e45,Exact corrected-source blob; target-wide compilation and relevant module suite apply. See server-port-evidence.md/client-port-evidence.md and WP04 compatibility evidence.
A,,tests/cards/corporatebetterments/SlowGrowthPlantation.spec.ts,corporatebetterments,port-and-adapt,verified,d9de7333bc4e1d3c4c87590f161850ccb50ce730,d9de7333bc4e1d3c4c87590f161850ccb50ce730,Exact corrected-source blob; target-wide compilation and relevant module suite apply. See server-port-evidence.md/client-port-evidence.md and WP04 compatibility evidence.
A,,tests/cards/corporatebetterments/SmugglingOperations.spec.ts,corporatebetterments,port-and-adapt,verified,b671e5fc4111f8df973cc6339900e5325bc2031a,b671e5fc4111f8df973cc6339900e5325bc2031a,Exact corrected-source blob; target-wide compilation and relevant module suite apply. See server-port-evidence.md/client-port-evidence.md and WP04 compatibility evidence.
A,,tests/cards/corporatebetterments/TwinPlanetCommerceNetwork.spec.ts,corporatebetterments,port-and-adapt,verified,77754fa0fb366a0e223f56347426c6e09cfe4993,77754fa0fb366a0e223f56347426c6e09cfe4993,Exact corrected-source blob; target-wide compilation and relevant module suite apply. See server-port-evidence.md/client-port-evidence.md and WP04 compatibility evidence.
A,,tests/cards/corporatebetterments/UnderwaterOutpost.spec.ts,corporatebetterments,port-and-adapt,verified,66f00dc338f14f0c486ec22943f71f770505f53a,66f00dc338f14f0c486ec22943f71f770505f53a,Exact corrected-source blob; target-wide compilation and relevant module suite apply. See server-port-evidence.md/client-port-evidence.md and WP04 compatibility evidence.
A,,tests/cards/corporatebetterments/UrbanPlanningStrategies.spec.ts,corporatebetterments,port-and-adapt,verified,5656bae3d1a78818e570ae0d2b10ef4545d6be65,5656bae3d1a78818e570ae0d2b10ef4545d6be65,Exact corrected-source blob; target-wide compilation and relevant module suite apply. See server-port-evidence.md/client-port-evidence.md and WP04 compatibility evidence.
A,,tests/cards/corporatebetterments/VenusEarthPartnership.spec.ts,corporatebetterments,port-and-adapt,verified,1132c124fda50bdfede564514951aba02d4f6816,1132c124fda50bdfede564514951aba02d4f6816,Exact corrected-source blob; target-wide compilation and relevant module suite apply. See server-port-evidence.md/client-port-evidence.md and WP04 compatibility evidence.
A,,tests/cards/corporatebetterments/VenusianCollaboration.spec.ts,corporatebetterments,port-and-adapt,verified,2d7316a6abbf733dd1c8c0c13ae5f696fcc45a21,2d7316a6abbf733dd1c8c0c13ae5f696fcc45a21,Exact corrected-source blob; target-wide compilation and relevant module suite apply. See server-port-evidence.md/client-port-evidence.md and WP04 compatibility evidence.
A,,tests/cards/corporatebetterments/VenusianEcology.spec.ts,corporatebetterments,port-and-adapt,verified,c410b8626f769a6bec534a7d0cace9e2640c6d16,c410b8626f769a6bec534a7d0cace9e2640c6d16,Exact corrected-source blob; target-wide compilation and relevant module suite apply. See server-port-evidence.md/client-port-evidence.md and WP04 compatibility evidence.
A,,tests/cards/corporatebetterments/VenusianFluctuatingPlants.spec.ts,corporatebetterments,port-and-adapt,verified,c811cb3f67640a0979cf35e57259486eee722658,c811cb3f67640a0979cf35e57259486eee722658,Exact corrected-source blob; target-wide compilation and relevant module suite apply. See server-port-evidence.md/client-port-evidence.md and WP04 compatibility evidence.
A,,tests/cards/corporatebetterments/VenusianHeatExchangers.spec.ts,corporatebetterments,port-and-adapt,verified,b8199e49fdeb829db87e362a31a6c789846ce64b,b8199e49fdeb829db87e362a31a6c789846ce64b,Exact corrected-source blob; target-wide compilation and relevant module suite apply. See server-port-evidence.md/client-port-evidence.md and WP04 compatibility evidence.
A,,tests/cards/corporatebetterments/VenusianTransports.spec.ts,corporatebetterments,port-and-adapt,verified,c3241ed646245cd93a8117ef29975b6f06cf332c,c3241ed646245cd93a8117ef29975b6f06cf332c,Exact corrected-source blob; target-wide compilation and relevant module suite apply. See server-port-evidence.md/client-port-evidence.md and WP04 compatibility evidence.
A,,tests/cards/corporatebetterments/WeatherControlCB.spec.ts,corporatebetterments,port-and-adapt,verified,a81b7385d18f3deb289b963619165ba4c9d887bd,a81b7385d18f3deb289b963619165ba4c9d887bd,Exact corrected-source blob; target-wide compilation and relevant module suite apply. See server-port-evidence.md/client-port-evidence.md and WP04 compatibility evidence.
A,,tests/cards/corporatebetterments/WildBoars.spec.ts,corporatebetterments,port-and-adapt,verified,74873214ce59a6f32c8e3397125f247c63b6f672,74873214ce59a6f32c8e3397125f247c63b6f672,Exact corrected-source blob; target-wide compilation and relevant module suite apply. See server-port-evidence.md/client-port-evidence.md and WP04 compatibility evidence.
A,,tests/cards/delta/CorporateEspionage.spec.ts,existing-card-interactions-and-rendering,port-and-adapt,verified,07bb1f1beed90d050436a8c4bef3c5043fd4d4c9,07bb1f1beed90d050436a8c4bef3c5043fd4d4c9,Exact corrected-source blob; target-wide compilation and relevant module suite apply. See server-port-evidence.md/client-port-evidence.md and WP04 compatibility evidence.
A,,tests/cards/delta/DeltaSurge.spec.ts,existing-card-interactions-and-rendering,port-and-adapt,verified,07181b96c43b3d17d22dc3c0c2f361a148cbaef6,07181b96c43b3d17d22dc3c0c2f361a148cbaef6,Exact corrected-source blob; target-wide compilation and relevant module suite apply. See server-port-evidence.md/client-port-evidence.md and WP04 compatibility evidence.
A,,tests/cards/delta/DeltaWorks.spec.ts,existing-card-interactions-and-rendering,port-and-adapt,verified,0200e9c09bf0f38cb952978d95e53a4318ffaade,0200e9c09bf0f38cb952978d95e53a4318ffaade,Exact corrected-source blob; target-wide compilation and relevant module suite apply. See server-port-evidence.md/client-port-evidence.md and WP04 compatibility evidence.
A,,tests/cards/delta/DevelopmentManager.spec.ts,existing-card-interactions-and-rendering,port-and-adapt,verified,c42a559a0ac80f3680572338394b93e9cf813aea,c42a559a0ac80f3680572338394b93e9cf813aea,Exact corrected-source blob; target-wide compilation and relevant module suite apply. See server-port-evidence.md/client-port-evidence.md and WP04 compatibility evidence.
A,,tests/cards/delta/DutchMountains.spec.ts,existing-card-interactions-and-rendering,port-and-adapt,verified,bf0128562a12b1e9e312921bb5b258d7670d39db,bf0128562a12b1e9e312921bb5b258d7670d39db,Exact corrected-source blob; target-wide compilation and relevant module suite apply. See server-port-evidence.md/client-port-evidence.md and WP04 compatibility evidence.
A,,tests/cards/delta/DynamicOceanBarrier.spec.ts,existing-card-interactions-and-rendering,port-and-adapt,verified,2bb9d33c57ba43be65c4771a3a3ae8f414c339fb,2bb9d33c57ba43be65c4771a3a3ae8f414c339fb,Exact corrected-source blob; target-wide compilation and relevant module suite apply. See server-port-evidence.md/client-port-evidence.md and WP04 compatibility evidence.
A,,tests/cards/delta/LittleDutchBoy.spec.ts,existing-card-interactions-and-rendering,port-and-adapt,verified,4c667d6398955c309c04a8b05ecdc13715a2935c,4c667d6398955c309c04a8b05ecdc13715a2935c,Exact corrected-source blob; target-wide compilation and relevant module suite apply. See server-port-evidence.md/client-port-evidence.md and WP04 compatibility evidence.
A,,tests/cards/delta/QuantumResearch.spec.ts,existing-card-interactions-and-rendering,port-and-adapt,verified,d7cfc40a1c29d89012dbf9b175a5ff4575ddfd6c,d7cfc40a1c29d89012dbf9b175a5ff4575ddfd6c,Exact corrected-source blob; target-wide compilation and relevant module suite apply. See server-port-evidence.md/client-port-evidence.md and WP04 compatibility evidence.
A,,tests/cards/delta/SocialHeating.spec.ts,existing-card-interactions-and-rendering,port-and-adapt,verified,2f258ca08cff9158b75846b080e24aefb2effe6e,2f258ca08cff9158b75846b080e24aefb2effe6e,Exact corrected-source blob; target-wide compilation and relevant module suite apply. See server-port-evidence.md/client-port-evidence.md and WP04 compatibility evidence.
A,,tests/cards/delta/StormSurgeBarrier.spec.ts,existing-card-interactions-and-rendering,port-and-adapt,verified,aac41286d12e20bc23d84216de715860058aa8fc,aac41286d12e20bc23d84216de715860058aa8fc,Exact corrected-source blob; target-wide compilation and relevant module suite apply. See server-port-evidence.md/client-port-evidence.md and WP04 compatibility evidence.
A,,tests/cards/highOrbit/AsteroidMine.spec.ts,highOrbit,port-and-adapt,verified,204e530cbc4c6c740eac33a3bdde5afaff3571b7,204e530cbc4c6c740eac33a3bdde5afaff3571b7,Exact corrected-source blob; target-wide compilation and relevant module suite apply. See server-port-evidence.md/client-port-evidence.md and WP04 compatibility evidence.
A,,tests/cards/highOrbit/AutoFactory.spec.ts,highOrbit,port-and-adapt,verified,8f774d693a0ca26eb7aeec01a7992f6a8b5ff776,8f774d693a0ca26eb7aeec01a7992f6a8b5ff776,Exact corrected-source blob; target-wide compilation and relevant module suite apply. See server-port-evidence.md/client-port-evidence.md and WP04 compatibility evidence.
A,,tests/cards/highOrbit/Comsat.spec.ts,highOrbit,port-and-adapt,verified,fc2c83f39d3a49b65cb40a68aaa109885834e993,fc2c83f39d3a49b65cb40a68aaa109885834e993,Exact corrected-source blob; target-wide compilation and relevant module suite apply. See server-port-evidence.md/client-port-evidence.md and WP04 compatibility evidence.
A,,tests/cards/highOrbit/Freighter.spec.ts,highOrbit,port-and-adapt,verified,a26ea420afc85249ebb9820d31653b7f9572081f,a26ea420afc85249ebb9820d31653b7f9572081f,Exact corrected-source blob; target-wide compilation and relevant module suite apply. See server-port-evidence.md/client-port-evidence.md and WP04 compatibility evidence.
A,,tests/cards/highOrbit/HighOrbitAcquisition.spec.ts,highOrbit,port-and-adapt,verified,4f3e71790fd2b46d4ef1536eeeeb354c65b1709b,4f3e71790fd2b46d4ef1536eeeeb354c65b1709b,Exact corrected-source blob; target-wide compilation and relevant module suite apply. See server-port-evidence.md/client-port-evidence.md and WP04 compatibility evidence.
A,,tests/cards/highOrbit/Hydroponics.spec.ts,highOrbit,port-and-adapt,verified,3dee5e05c7bcfeedac5a6908ab78e3f924ac7d26,3dee5e05c7bcfeedac5a6908ab78e3f924ac7d26,Exact corrected-source blob; target-wide compilation and relevant module suite apply. See server-port-evidence.md/client-port-evidence.md and WP04 compatibility evidence.
A,,tests/cards/highOrbit/NavigationalBeacon.spec.ts,highOrbit,port-and-adapt,verified,93b415fa306ae13713c2eae6f7472138fb70a97b,93b415fa306ae13713c2eae6f7472138fb70a97b,Exact corrected-source blob; target-wide compilation and relevant module suite apply. See server-port-evidence.md/client-port-evidence.md and WP04 compatibility evidence.
A,,tests/cards/highOrbit/Observatory.spec.ts,highOrbit,port-and-adapt,verified,374e26d4f52a96e2fba3c77b97723d16c61ec4cd,374e26d4f52a96e2fba3c77b97723d16c61ec4cd,Exact corrected-source blob; target-wide compilation and relevant module suite apply. See server-port-evidence.md/client-port-evidence.md and WP04 compatibility evidence.
A,,tests/cards/highOrbit/OrbitalHeadquarters.spec.ts,highOrbit,port-and-adapt,verified,632133b9f25c08f2312f1467962324ba550d8b6d,632133b9f25c08f2312f1467962324ba550d8b6d,Exact corrected-source blob; target-wide compilation and relevant module suite apply. See server-port-evidence.md/client-port-evidence.md and WP04 compatibility evidence.
A,,tests/cards/highOrbit/OrbitalShipyard.spec.ts,highOrbit,port-and-adapt,verified,505705de177d2810c0aa2905ed63ae80ae2600c9,505705de177d2810c0aa2905ed63ae80ae2600c9,Exact corrected-source blob; target-wide compilation and relevant module suite apply. See server-port-evidence.md/client-port-evidence.md and WP04 compatibility evidence.
A,,tests/cards/highOrbit/PlanetaryOutpost.spec.ts,highOrbit,port-and-adapt,verified,9437e60e5ed47605e719d6a581daf9ba23d118e3,9437e60e5ed47605e719d6a581daf9ba23d118e3,Exact corrected-source blob; target-wide compilation and relevant module suite apply. See server-port-evidence.md/client-port-evidence.md and WP04 compatibility evidence.
A,,tests/cards/highOrbit/Powersat.spec.ts,highOrbit,port-and-adapt,verified,8f1be66a39d39f6a223be3fd3bc9e4c983509b2a,8f1be66a39d39f6a223be3fd3bc9e4c983509b2a,Exact corrected-source blob; target-wide compilation and relevant module suite apply. See server-port-evidence.md/client-port-evidence.md and WP04 compatibility evidence.
A,,tests/cards/highOrbit/Probe.spec.ts,highOrbit,port-and-adapt,verified,ae9b902d01693c0358c07c6c29dce9c9e3211337,ae9b902d01693c0358c07c6c29dce9c9e3211337,Exact corrected-source blob; target-wide compilation and relevant module suite apply. See server-port-evidence.md/client-port-evidence.md and WP04 compatibility evidence.
A,,tests/cards/highOrbit/PropellantDepot.spec.ts,highOrbit,port-and-adapt,verified,ce6de156e589f9e3462bc39424e9e0f8dce8d7e8,ce6de156e589f9e3462bc39424e9e0f8dce8d7e8,Exact corrected-source blob; target-wide compilation and relevant module suite apply. See server-port-evidence.md/client-port-evidence.md and WP04 compatibility evidence.
A,,tests/cards/highOrbit/SalvageDepot.spec.ts,highOrbit,port-and-adapt,verified,dfe97e738a2ade463b40ed63200b5575e0e65dd5,dfe97e738a2ade463b40ed63200b5575e0e65dd5,Exact corrected-source blob; target-wide compilation and relevant module suite apply. See server-port-evidence.md/client-port-evidence.md and WP04 compatibility evidence.
A,,tests/cards/highOrbit/ScienceFacility.spec.ts,highOrbit,port-and-adapt,verified,2475cf2bbc8d5c601c3107e695afb615abb30aff,2475cf2bbc8d5c601c3107e695afb615abb30aff,Exact corrected-source blob; target-wide compilation and relevant module suite apply. See server-port-evidence.md/client-port-evidence.md and WP04 compatibility evidence.
A,,tests/cards/highOrbit/SpaceHabitat.spec.ts,highOrbit,port-and-adapt,verified,52812d305cf49ee067be44ff4c4cce5769b0e650,52812d305cf49ee067be44ff4c4cce5769b0e650,Exact corrected-source blob; target-wide compilation and relevant module suite apply. See server-port-evidence.md/client-port-evidence.md and WP04 compatibility evidence.
A,,tests/cards/highOrbit/SpaceTradingStation.spec.ts,highOrbit,port-and-adapt,verified,7a28a1a128dd5676a4155e09a388eb152dbeb5d9,7a28a1a128dd5676a4155e09a388eb152dbeb5d9,Exact corrected-source blob; target-wide compilation and relevant module suite apply. See server-port-evidence.md/client-port-evidence.md and WP04 compatibility evidence.
A,,tests/cards/highOrbit/WeatherSatellite.spec.ts,highOrbit,port-and-adapt,verified,0e89de3745bb33a335d38aabb8b5dfc74f4ae4f4,0e89de3745bb33a335d38aabb8b5dfc74f4ae4f4,Exact corrected-source blob; target-wide compilation and relevant module suite apply. See server-port-evidence.md/client-port-evidence.md and WP04 compatibility evidence.
A,,tests/cards/idesofmars/AdministrativeDelay.spec.ts,idesofmars,port-and-adapt,verified,92d7ae7fbd3eb4c72a4e83a1156b1ebee528f5ef,92d7ae7fbd3eb4c72a4e83a1156b1ebee528f5ef,Exact corrected-source blob; target-wide compilation and relevant module suite apply. See server-port-evidence.md/client-port-evidence.md and WP04 compatibility evidence.
A,,tests/cards/idesofmars/AirTransportCompany.spec.ts,idesofmars,port-and-adapt,verified,0816fbc3d11acdae0710399996d1d01bf91a3f32,0816fbc3d11acdae0710399996d1d01bf91a3f32,Exact corrected-source blob; target-wide compilation and relevant module suite apply. See server-port-evidence.md/client-port-evidence.md and WP04 compatibility evidence.
A,,tests/cards/idesofmars/Amphibians.spec.ts,idesofmars,port-and-adapt,verified,af5894cc9de459e283c95998466bd2249cf1a55f,af5894cc9de459e283c95998466bd2249cf1a55f,Exact corrected-source blob; target-wide compilation and relevant module suite apply. See server-port-evidence.md/client-port-evidence.md and WP04 compatibility evidence.
A,,tests/cards/idesofmars/AppliedResearch.spec.ts,idesofmars,port-and-adapt,verified,70f711d6b4d08ebe994830cac287aa8ca4e75e4e,70f711d6b4d08ebe994830cac287aa8ca4e75e4e,Exact corrected-source blob; target-wide compilation and relevant module suite apply. See server-port-evidence.md/client-port-evidence.md and WP04 compatibility evidence.
A,,tests/cards/idesofmars/Backstabbing.spec.ts,idesofmars,port-and-adapt,verified,02ef62427b7475c0593117c9ad46048e0d132fd2,02ef62427b7475c0593117c9ad46048e0d132fd2,Exact corrected-source blob; target-wide compilation and relevant module suite apply. See server-port-evidence.md/client-port-evidence.md and WP04 compatibility evidence.
A,,tests/cards/idesofmars/BioBatteries.spec.ts,idesofmars,port-and-adapt,verified,65c93851e83bb07c9f9f145d3565d02ee2d4af18,65c93851e83bb07c9f9f145d3565d02ee2d4af18,Exact corrected-source blob; target-wide compilation and relevant module suite apply. See server-port-evidence.md/client-port-evidence.md and WP04 compatibility evidence.
A,,tests/cards/idesofmars/BlueMars.spec.ts,idesofmars,port-and-adapt,verified,64dbf9812fc00daed0d2ce83fba901a8ed41cabf,64dbf9812fc00daed0d2ce83fba901a8ed41cabf,Exact corrected-source blob; target-wide compilation and relevant module suite apply. See server-port-evidence.md/client-port-evidence.md and WP04 compatibility evidence.
A,,tests/cards/idesofmars/BudgetManagement.spec.ts,idesofmars,port-and-adapt,verified,5af7702ed6cef979cfb84fefad12fe03ee6c04be,5af7702ed6cef979cfb84fefad12fe03ee6c04be,Exact corrected-source blob; target-wide compilation and relevant module suite apply. See server-port-evidence.md/client-port-evidence.md and WP04 compatibility evidence.
A,,tests/cards/idesofmars/BudgetRestrictions.spec.ts,idesofmars,port-and-adapt,verified,09ff6e0a0a971b34bb47578ded167743934baa75,09ff6e0a0a971b34bb47578ded167743934baa75,Exact corrected-source blob; target-wide compilation and relevant module suite apply. See server-port-evidence.md/client-port-evidence.md and WP04 compatibility evidence.
A,,tests/cards/idesofmars/CollaborationCrossCompanies.spec.ts,idesofmars,port-and-adapt,verified,211e2713e607b084be8fdf4391f385bc736aff07,211e2713e607b084be8fdf4391f385bc736aff07,Exact corrected-source blob; target-wide compilation and relevant module suite apply. See server-port-evidence.md/client-port-evidence.md and WP04 compatibility evidence.
A,,tests/cards/idesofmars/ColonyScrapping.spec.ts,idesofmars,port-and-adapt,verified,bc6016bccc8862fc5788e9a459b32d0bff78b6c6,bc6016bccc8862fc5788e9a459b32d0bff78b6c6,Exact corrected-source blob; target-wide compilation and relevant module suite apply. See server-port-evidence.md/client-port-evidence.md and WP04 compatibility evidence.
A,,tests/cards/idesofmars/Copyleft.spec.ts,idesofmars,port-and-adapt,verified,46eaec2a346cff8c4573480fe76c870bb1c45cb2,46eaec2a346cff8c4573480fe76c870bb1c45cb2,Exact corrected-source blob; target-wide compilation and relevant module suite apply. See server-port-evidence.md/client-port-evidence.md and WP04 compatibility evidence.
A,,tests/cards/idesofmars/CorporateAcquisition.spec.ts,idesofmars,port-and-adapt,verified,59fd08ae2360f8e0494ecd2a6cbc68859d74520b,59fd08ae2360f8e0494ecd2a6cbc68859d74520b,Exact corrected-source blob; target-wide compilation and relevant module suite apply. See server-port-evidence.md/client-port-evidence.md and WP04 compatibility evidence.
A,,tests/cards/idesofmars/DarkVegetation.spec.ts,idesofmars,port-and-adapt,verified,6bdc184b0666f8e3b4f2cfceb26229b2d1ec9bff,6bdc184b0666f8e3b4f2cfceb26229b2d1ec9bff,Exact corrected-source blob; target-wide compilation and relevant module suite apply. See server-port-evidence.md/client-port-evidence.md and WP04 compatibility evidence.
A,,tests/cards/idesofmars/DerivedProducts.spec.ts,idesofmars,port-and-adapt,verified,a6571cec3fe1a4c7fcc6f2ed915a9b66a33ed42c,a6571cec3fe1a4c7fcc6f2ed915a9b66a33ed42c,Exact corrected-source blob; target-wide compilation and relevant module suite apply. See server-port-evidence.md/client-port-evidence.md and WP04 compatibility evidence.
A,,tests/cards/idesofmars/DragonStorm.spec.ts,idesofmars,port-and-adapt,verified,6e1087357a5f756d188c9da94f8c9369fda8b5c2,6e1087357a5f756d188c9da94f8c9369fda8b5c2,Exact corrected-source blob; target-wide compilation and relevant module suite apply. See server-port-evidence.md/client-port-evidence.md and WP04 compatibility evidence.
A,,tests/cards/idesofmars/EnergyShortcut.spec.ts,idesofmars,port-and-adapt,verified,a5d605de62efb63a42a225953a9eaaef1dcd4c67,a5d605de62efb63a42a225953a9eaaef1dcd4c67,Exact corrected-source blob; target-wide compilation and relevant module suite apply. See server-port-evidence.md/client-port-evidence.md and WP04 compatibility evidence.
A,,tests/cards/idesofmars/FloatingBaseOnSaturn.spec.ts,idesofmars,port-and-adapt,verified,314e39153da1b4cacea893dfdae865c19e98e11b,314e39153da1b4cacea893dfdae865c19e98e11b,Exact corrected-source blob; target-wide compilation and relevant module suite apply. See server-port-evidence.md/client-port-evidence.md and WP04 compatibility evidence.
A,,tests/cards/idesofmars/FloatingRig.spec.ts,idesofmars,port-and-adapt,verified,371c1cb455bb7840d81142b0dc10d68e98beb695,371c1cb455bb7840d81142b0dc10d68e98beb695,Exact corrected-source blob; target-wide compilation and relevant module suite apply. See server-port-evidence.md/client-port-evidence.md and WP04 compatibility evidence.
A,,tests/cards/idesofmars/FlyingCorsairs.spec.ts,idesofmars,port-and-adapt,verified,b5716de91fe66dc7d633da228e51bb17b745d7b0,b5716de91fe66dc7d633da228e51bb17b745d7b0,Exact corrected-source blob; target-wide compilation and relevant module suite apply. See server-port-evidence.md/client-port-evidence.md and WP04 compatibility evidence.
A,,tests/cards/idesofmars/FlyingGarden.spec.ts,idesofmars,port-and-adapt,verified,ac7cf76dd960fa4776d5f22e4fbf7e2ff6fad7cd,ac7cf76dd960fa4776d5f22e4fbf7e2ff6fad7cd,Exact corrected-source blob; target-wide compilation and relevant module suite apply. See server-port-evidence.md/client-port-evidence.md and WP04 compatibility evidence.
A,,tests/cards/idesofmars/FreeCity.spec.ts,idesofmars,port-and-adapt,verified,a9cc0e24f32de1c14c4535b255e1394c55289be3,a9cc0e24f32de1c14c4535b255e1394c55289be3,Exact corrected-source blob; target-wide compilation and relevant module suite apply. See server-port-evidence.md/client-port-evidence.md and WP04 compatibility evidence.
A,,tests/cards/idesofmars/GalaxyExpress.spec.ts,idesofmars,port-and-adapt,verified,8d8b6b4d6d6d15d8968f05f665a9aed6219226d2,8d8b6b4d6d6d15d8968f05f665a9aed6219226d2,Exact corrected-source blob; target-wide compilation and relevant module suite apply. See server-port-evidence.md/client-port-evidence.md and WP04 compatibility evidence.
A,,tests/cards/idesofmars/GalileianTourism.spec.ts,idesofmars,port-and-adapt,verified,8d2cb0d45df7c49b9887baa3f2ebedb2acb1a0b6,8d2cb0d45df7c49b9887baa3f2ebedb2acb1a0b6,Exact corrected-source blob; target-wide compilation and relevant module suite apply. See server-port-evidence.md/client-port-evidence.md and WP04 compatibility evidence.
A,,tests/cards/idesofmars/GalileoInstitute.spec.ts,idesofmars,port-and-adapt,verified,6a13173718ccb9f3feb86aab8de366f917e64bbd,6a13173718ccb9f3feb86aab8de366f917e64bbd,Exact corrected-source blob; target-wide compilation and relevant module suite apply. See server-port-evidence.md/client-port-evidence.md and WP04 compatibility evidence.
A,,tests/cards/idesofmars/GreatLeapForward.spec.ts,idesofmars,port-and-adapt,verified,2e364b20fdcd09a5a1f627628a1a2b169358e186,2e364b20fdcd09a5a1f627628a1a2b169358e186,Exact corrected-source blob; target-wide compilation and relevant module suite apply. See server-port-evidence.md/client-port-evidence.md and WP04 compatibility evidence.
A,,tests/cards/idesofmars/HiddenCity.spec.ts,idesofmars,port-and-adapt,verified,4d5ed065ff77daf443f9a5760058acf9085266e6,4d5ed065ff77daf443f9a5760058acf9085266e6,Exact corrected-source blob; target-wide compilation and relevant module suite apply. See server-port-evidence.md/client-port-evidence.md and WP04 compatibility evidence.
A,,tests/cards/idesofmars/InVivoTesting.spec.ts,idesofmars,port-and-adapt,verified,39dc9d23216166554b1b6f27c39337c01069b2b8,39dc9d23216166554b1b6f27c39337c01069b2b8,Exact corrected-source blob; target-wide compilation and relevant module suite apply. See server-port-evidence.md/client-port-evidence.md and WP04 compatibility evidence.
A,,tests/cards/idesofmars/IndustrialSpy.spec.ts,idesofmars,port-and-adapt,verified,963ed0c1f8c10aff8ca1ed5a9c1b0656d4bb25ff,963ed0c1f8c10aff8ca1ed5a9c1b0656d4bb25ff,Exact corrected-source blob; target-wide compilation and relevant module suite apply. See server-port-evidence.md/client-port-evidence.md and WP04 compatibility evidence.
A,,tests/cards/idesofmars/Infrastructures.spec.ts,idesofmars,port-and-adapt,verified,5b4641e7ff00b368af1a6144ae44f9bcea999d1a,5b4641e7ff00b368af1a6144ae44f9bcea999d1a,Exact corrected-source blob; target-wide compilation and relevant module suite apply. See server-port-evidence.md/client-port-evidence.md and WP04 compatibility evidence.
A,,tests/cards/idesofmars/InsectPollinators.spec.ts,idesofmars,port-and-adapt,verified,baa1c2989f97a9b2f0bb15c128a85849c722ed0d,baa1c2989f97a9b2f0bb15c128a85849c722ed0d,Exact corrected-source blob; target-wide compilation and relevant module suite apply. See server-port-evidence.md/client-port-evidence.md and WP04 compatibility evidence.
A,,tests/cards/idesofmars/InvakCity.spec.ts,idesofmars,port-and-adapt,verified,17c7cc82226a036fcdd350b6e8e8016eb36ee5e4,17c7cc82226a036fcdd350b6e8e8016eb36ee5e4,Exact corrected-source blob; target-wide compilation and relevant module suite apply. See server-port-evidence.md/client-port-evidence.md and WP04 compatibility evidence.
A,,tests/cards/idesofmars/InvestmentInsurance.spec.ts,idesofmars,port-and-adapt,verified,d652fbb81567eb7ea3d63abe3b3f215ae2e03b86,d652fbb81567eb7ea3d63abe3b3f215ae2e03b86,Exact corrected-source blob; target-wide compilation and relevant module suite apply. See server-port-evidence.md/client-port-evidence.md and WP04 compatibility evidence.
A,,tests/cards/idesofmars/MartianHour.spec.ts,idesofmars,port-and-adapt,verified,c9bd8c4ac7bfc8c2ff3af7b70d8b0592d328be4c,c9bd8c4ac7bfc8c2ff3af7b70d8b0592d328be4c,Exact corrected-source blob; target-wide compilation and relevant module suite apply. See server-port-evidence.md/client-port-evidence.md and WP04 compatibility evidence.
A,,tests/cards/idesofmars/MartianInfrastructures.spec.ts,idesofmars,port-and-adapt,verified,c6c7d9c8823c76d94830877f459af0ad9a005b4e,c6c7d9c8823c76d94830877f459af0ad9a005b4e,Exact corrected-source blob; target-wide compilation and relevant module suite apply. See server-port-evidence.md/client-port-evidence.md and WP04 compatibility evidence.
A,,tests/cards/idesofmars/MartianStockExchange.spec.ts,idesofmars,port-and-adapt,verified,a72e0f26c3cae1d9500e55454842b8a4d1e9502f,a72e0f26c3cae1d9500e55454842b8a4d1e9502f,Exact corrected-source blob; target-wide compilation and relevant module suite apply. See server-port-evidence.md/client-port-evidence.md and WP04 compatibility evidence.
A,,tests/cards/idesofmars/MercurialLaboratory.spec.ts,idesofmars,port-and-adapt,verified,c445297e715c9f175ca3c296c8d37a9127d14b6b,c445297e715c9f175ca3c296c8d37a9127d14b6b,Exact corrected-source blob; target-wide compilation and relevant module suite apply. See server-port-evidence.md/client-port-evidence.md and WP04 compatibility evidence.
A,,tests/cards/idesofmars/MiningTheBelt.spec.ts,idesofmars,port-and-adapt,verified,d2f69b81e3af05a0c667c8af1cfe97c225a208d6,d2f69b81e3af05a0c667c8af1cfe97c225a208d6,Exact corrected-source blob; target-wide compilation and relevant module suite apply. See server-port-evidence.md/client-port-evidence.md and WP04 compatibility evidence.
A,,tests/cards/idesofmars/MuseumOfTerraformation.spec.ts,idesofmars,port-and-adapt,verified,332a0eadcfc6d7b196ca71c686da29d5a62d2e01,332a0eadcfc6d7b196ca71c686da29d5a62d2e01,Exact corrected-source blob; target-wide compilation and relevant module suite apply. See server-port-evidence.md/client-port-evidence.md and WP04 compatibility evidence.
A,,tests/cards/idesofmars/NaturalGrowthCatalyst.spec.ts,idesofmars,port-and-adapt,verified,d1dc4397aeca278084b9cf71a52e1a41f97b45ab,d1dc4397aeca278084b9cf71a52e1a41f97b45ab,Exact corrected-source blob; target-wide compilation and relevant module suite apply. See server-port-evidence.md/client-port-evidence.md and WP04 compatibility evidence.
A,,tests/cards/idesofmars/NewFrontier.spec.ts,idesofmars,port-and-adapt,verified,e9901def4f826318f574aeef6094f9311ad6f92c,e9901def4f826318f574aeef6094f9311ad6f92c,Exact corrected-source blob; target-wide compilation and relevant module suite apply. See server-port-evidence.md/client-port-evidence.md and WP04 compatibility evidence.
A,,tests/cards/idesofmars/ObjectiveMars.spec.ts,idesofmars,port-and-adapt,verified,e4b6a419ec8344a0dcba198efe26d7649c2973a7,e4b6a419ec8344a0dcba198efe26d7649c2973a7,Exact corrected-source blob; target-wide compilation and relevant module suite apply. See server-port-evidence.md/client-port-evidence.md and WP04 compatibility evidence.
A,,tests/cards/idesofmars/OverconsumptionBenefits.spec.ts,idesofmars,port-and-adapt,verified,ea69d814282a3aa1a2bfa064790a676bdde7f2fd,ea69d814282a3aa1a2bfa064790a676bdde7f2fd,Exact corrected-source blob; target-wide compilation and relevant module suite apply. See server-port-evidence.md/client-port-evidence.md and WP04 compatibility evidence.
A,,tests/cards/idesofmars/PatentPooling.spec.ts,idesofmars,port-and-adapt,verified,7561d401bb86a6fcdefd644fdf02c15e86705f07,7561d401bb86a6fcdefd644fdf02c15e86705f07,Exact corrected-source blob; target-wide compilation and relevant module suite apply. See server-port-evidence.md/client-port-evidence.md and WP04 compatibility evidence.
A,,tests/cards/idesofmars/PatentTheft.spec.ts,idesofmars,port-and-adapt,verified,10cd57daf5d0fb9c8e3e4830a7db42b71fe18767,10cd57daf5d0fb9c8e3e4830a7db42b71fe18767,Exact corrected-source blob; target-wide compilation and relevant module suite apply. See server-port-evidence.md/client-port-evidence.md and WP04 compatibility evidence.
A,,tests/cards/idesofmars/PleistoceneMegafauna.spec.ts,idesofmars,port-and-adapt,verified,6a8381bd90af9c23a4729d0ad26f277537702278,6a8381bd90af9c23a4729d0ad26f277537702278,Exact corrected-source blob; target-wide compilation and relevant module suite apply. See server-port-evidence.md/client-port-evidence.md and WP04 compatibility evidence.
A,,tests/cards/idesofmars/PlotContamination.spec.ts,idesofmars,port-and-adapt,verified,7bfd02d677d8fb32af60d60b56384a5310489d93,7bfd02d677d8fb32af60d60b56384a5310489d93,Exact corrected-source blob; target-wide compilation and relevant module suite apply. See server-port-evidence.md/client-port-evidence.md and WP04 compatibility evidence.
A,,tests/cards/idesofmars/PreciousMetalAsteroid.spec.ts,idesofmars,port-and-adapt,verified,929446c13b6e02dd3851214110479bc6b2ed90fc,929446c13b6e02dd3851214110479bc6b2ed90fc,Exact corrected-source blob; target-wide compilation and relevant module suite apply. See server-port-evidence.md/client-port-evidence.md and WP04 compatibility evidence.
A,,tests/cards/idesofmars/PublicRelations.spec.ts,idesofmars,port-and-adapt,verified,3880774fb5d45e47724bf98eb0389dde15bb96dd,3880774fb5d45e47724bf98eb0389dde15bb96dd,Exact corrected-source blob; target-wide compilation and relevant module suite apply. See server-port-evidence.md/client-port-evidence.md and WP04 compatibility evidence.
A,,tests/cards/idesofmars/Reptiles.spec.ts,idesofmars,port-and-adapt,verified,8d2e51a705f9b4285d6614558af6363997c0a818,8d2e51a705f9b4285d6614558af6363997c0a818,Exact corrected-source blob; target-wide compilation and relevant module suite apply. See server-port-evidence.md/client-port-evidence.md and WP04 compatibility evidence.
A,,tests/cards/idesofmars/ScienceFair.spec.ts,idesofmars,port-and-adapt,verified,706383d36ccfc430057bfd3f4f5cd7f374e99a35,706383d36ccfc430057bfd3f4f5cd7f374e99a35,Exact corrected-source blob; target-wide compilation and relevant module suite apply. See server-port-evidence.md/client-port-evidence.md and WP04 compatibility evidence.
A,,tests/cards/idesofmars/Slum.spec.ts,idesofmars,port-and-adapt,verified,6116e9fb49b0e448e7064edcbcee2a76ff5dd109,6116e9fb49b0e448e7064edcbcee2a76ff5dd109,Exact corrected-source blob; target-wide compilation and relevant module suite apply. See server-port-evidence.md/client-port-evidence.md and WP04 compatibility evidence.
A,,tests/cards/idesofmars/SmallDeposit.spec.ts,idesofmars,port-and-adapt,verified,7e1cdd41c3bba04058a9465be9d73fade2fd918a,7e1cdd41c3bba04058a9465be9d73fade2fd918a,Exact corrected-source blob; target-wide compilation and relevant module suite apply. See server-port-evidence.md/client-port-evidence.md and WP04 compatibility evidence.
A,,tests/cards/idesofmars/SolarSenate.spec.ts,idesofmars,port-and-adapt,verified,293ce042a170100ad54c2fb2f7615a87902d7984,293ce042a170100ad54c2fb2f7615a87902d7984,Exact corrected-source blob; target-wide compilation and relevant module suite apply. See server-port-evidence.md/client-port-evidence.md and WP04 compatibility evidence.
A,,tests/cards/idesofmars/SpacePirates.spec.ts,idesofmars,port-and-adapt,verified,2537ef5ed1d54b08ed41a8dfeed6695f210e41bc,2537ef5ed1d54b08ed41a8dfeed6695f210e41bc,Exact corrected-source blob; target-wide compilation and relevant module suite apply. See server-port-evidence.md/client-port-evidence.md and WP04 compatibility evidence.
A,,tests/cards/idesofmars/Takeover.spec.ts,idesofmars,port-and-adapt,verified,e14c94fa291a01dd01f2a48108769d8aeddce6d4,e14c94fa291a01dd01f2a48108769d8aeddce6d4,Exact corrected-source blob; target-wide compilation and relevant module suite apply. See server-port-evidence.md/client-port-evidence.md and WP04 compatibility evidence.
A,,tests/cards/idesofmars/TargetedResearch.spec.ts,idesofmars,port-and-adapt,verified,4785840efc848e712857ab28919eb6f11043a168,4785840efc848e712857ab28919eb6f11043a168,Exact corrected-source blob; target-wide compilation and relevant module suite apply. See server-port-evidence.md/client-port-evidence.md and WP04 compatibility evidence.
A,,tests/cards/idesofmars/TerraformingOffice.spec.ts,idesofmars,port-and-adapt,verified,96b96edb4bb78d79b7ff5fba87f53f60115f7304,96b96edb4bb78d79b7ff5fba87f53f60115f7304,Exact corrected-source blob; target-wide compilation and relevant module suite apply. See server-port-evidence.md/client-port-evidence.md and WP04 compatibility evidence.
A,,tests/cards/idesofmars/ThreePlanetsSystem.spec.ts,idesofmars,port-and-adapt,verified,0f4bc426911c5161869ef338a4cef8ad29d7db20,0f4bc426911c5161869ef338a4cef8ad29d7db20,Exact corrected-source blob; target-wide compilation and relevant module suite apply. See server-port-evidence.md/client-port-evidence.md and WP04 compatibility evidence.
A,,tests/cards/idesofmars/Troglobites.spec.ts,idesofmars,port-and-adapt,verified,a56d339ed4b410bb605d8671c7de1da4f831d2b0,a56d339ed4b410bb605d8671c7de1da4f831d2b0,Exact corrected-source blob; target-wide compilation and relevant module suite apply. See server-port-evidence.md/client-port-evidence.md and WP04 compatibility evidence.
A,,tests/cards/idesofmars/UniversalFighters.spec.ts,idesofmars,port-and-adapt,verified,28061f9f3243a59d98c6cf3a45de8bcc5e5ee64a,28061f9f3243a59d98c6cf3a45de8bcc5e5ee64a,Exact corrected-source blob; target-wide compilation and relevant module suite apply. See server-port-evidence.md/client-port-evidence.md and WP04 compatibility evidence.
A,,tests/cards/idesofmars/VenusianGroundLaboratory.spec.ts,idesofmars,port-and-adapt,verified,20eff500f36373a28eda297636a562f76baca79c,20eff500f36373a28eda297636a562f76baca79c,Exact corrected-source blob; target-wide compilation and relevant module suite apply. See server-port-evidence.md/client-port-evidence.md and WP04 compatibility evidence.
A,,tests/cards/idesofmars/WaterCleaningBacteria.spec.ts,idesofmars,port-and-adapt,verified,31ccaf79dbc11dcd535c3a383141c24e957fe40c,31ccaf79dbc11dcd535c3a383141c24e957fe40c,Exact corrected-source blob; target-wide compilation and relevant module suite apply. See server-port-evidence.md/client-port-evidence.md and WP04 compatibility evidence.
A,,tests/cards/idesofmars/WaterRetainers.spec.ts,idesofmars,port-and-adapt,verified,a6260610a76769bb9f2345d8308b4feb1ac59fe3,a6260610a76769bb9f2345d8308b4feb1ac59fe3,Exact corrected-source blob; target-wide compilation and relevant module suite apply. See server-port-evidence.md/client-port-evidence.md and WP04 compatibility evidence.
A,,tests/cards/industries/EnergyIndustryStandardProject.spec.ts,industries,port-and-adapt,verified,1ebe79e13bdd0c9b6f7ae0046855571993e0a4ec,1ebe79e13bdd0c9b6f7ae0046855571993e0a4ec,Exact corrected-source blob; target-wide compilation and relevant module suite apply. See server-port-evidence.md/client-port-evidence.md and WP04 compatibility evidence.
A,,tests/cards/industries/HeatIndustryStandardProject.spec.ts,industries,port-and-adapt,verified,7adfb5bf1bdf74227ce58e722406bc567f483f8c,7adfb5bf1bdf74227ce58e722406bc567f483f8c,Exact corrected-source blob; target-wide compilation and relevant module suite apply. See server-port-evidence.md/client-port-evidence.md and WP04 compatibility evidence.
A,,tests/cards/industries/MoneyIndustryStandardProject.spec.ts,industries,port-and-adapt,verified,55584d744c6fb090d98f7c4c377feb3e65c10c8b,55584d744c6fb090d98f7c4c377feb3e65c10c8b,Exact corrected-source blob; target-wide compilation and relevant module suite apply. See server-port-evidence.md/client-port-evidence.md and WP04 compatibility evidence.
A,,tests/cards/industries/PlantIndustryStandardProject.spec.ts,industries,port-and-adapt,verified,6640e813e3c454382f614dca3fefda05490744fa,6640e813e3c454382f614dca3fefda05490744fa,Exact corrected-source blob; target-wide compilation and relevant module suite apply. See server-port-evidence.md/client-port-evidence.md and WP04 compatibility evidence.
A,,tests/cards/industries/SteelIndustryStandardProject.spec.ts,industries,port-and-adapt,verified,60324d57d7b47b067242a1624dc44cf480e1ddc0,60324d57d7b47b067242a1624dc44cf480e1ddc0,Exact corrected-source blob; target-wide compilation and relevant module suite apply. See server-port-evidence.md/client-port-evidence.md and WP04 compatibility evidence.
A,,tests/cards/industries/TitaniumIndustryStandardProject.spec.ts,industries,port-and-adapt,verified,8f8735d1194514fa609b6369891274c20e89da6a,8f8735d1194514fa609b6369891274c20e89da6a,Exact corrected-source blob; target-wide compilation and relevant module suite apply. See server-port-evidence.md/client-port-evidence.md and WP04 compatibility evidence.
A,,tests/cards/industries/WildIndustryStandardProject.spec.ts,industries,port-and-adapt,verified,893d8f5154baa4c5d8d3135cc23e3e100196b1c4,893d8f5154baa4c5d8d3135cc23e3e100196b1c4,Exact corrected-source blob; target-wide compilation and relevant module suite apply. See server-port-evidence.md/client-port-evidence.md and WP04 compatibility evidence.
A,,tests/cards/pathfinders/InSpire.spec.ts,existing-card-interactions-and-rendering,port-and-adapt,verified,98f6bc98785723623abcb4cd0e62875f05ae7b6f,98f6bc98785723623abcb4cd0e62875f05ae7b6f,Exact corrected-source blob; target-wide compilation and relevant module suite apply. See server-port-evidence.md/client-port-evidence.md and WP04 compatibility evidence.
A,,tests/cards/pathfinders/PlanetPr.spec.ts,existing-card-interactions-and-rendering,port-and-adapt,verified,f3e0beb7356294e29c2916572532a99d0cb81e6f,f3e0beb7356294e29c2916572532a99d0cb81e6f,Exact corrected-source blob; target-wide compilation and relevant module suite apply. See server-port-evidence.md/client-port-evidence.md and WP04 compatibility evidence.
A,,tests/cards/pathfinders/PlanetPrII.spec.ts,existing-card-interactions-and-rendering,port-and-adapt,verified,be68e7e9cf6770d51e282f642cdd0a14e0ce3df4,be68e7e9cf6770d51e282f642cdd0a14e0ce3df4,Exact corrected-source blob; target-wide compilation and relevant module suite apply. See server-port-evidence.md/client-port-evidence.md and WP04 compatibility evidence.
A,,tests/cards/pathfinders/SistemasSeebeck.spec.ts,existing-card-interactions-and-rendering,port-and-adapt,verified,1bf8332cad46122fb19e6bedf14fa6c6ab290708,962c1be20534122ebc26c3d48b84e79c29b487c2,Adapted source delta on target; retain custom contracts. See server-port-evidence.md; server regression suite and WP04 save/input/replay checks.
M,,tests/cards/pathfinders/SpecializedSettlement.spec.ts,existing-card-interactions-and-rendering,port-and-adapt,verified,77e86b68832f1529e54404e7e1523ff0a1a952bb,77e86b68832f1529e54404e7e1523ff0a1a952bb,Exact corrected-source blob; target-wide compilation and relevant module suite apply. See server-port-evidence.md/client-port-evidence.md and WP04 compatibility evidence.
M,,tests/cards/promo/HiTechLab.spec.ts,existing-card-interactions-and-rendering,port-and-adapt,verified,c71e11b9d643adb0ea4b5f7a4b8f30bfb5c3dfff,c71e11b9d643adb0ea4b5f7a4b8f30bfb5c3dfff,Exact corrected-source blob; target-wide compilation and relevant module suite apply. See server-port-evidence.md/client-port-evidence.md and WP04 compatibility evidence.
M,,tests/cards/promo/PharmacyUnion.spec.ts,existing-card-interactions-and-rendering,port-and-adapt,verified,f8204c1cd169e0d5c1fa6a553f1b990e662cef7b,f8204c1cd169e0d5c1fa6a553f1b990e662cef7b,Exact corrected-source blob; target-wide compilation and relevant module suite apply. See server-port-evidence.md/client-port-evidence.md and WP04 compatibility evidence.
M,,tests/cards/promo/Vermin.spec.ts,existing-card-interactions-and-rendering,port-and-adapt,verified,04ecc31695029312284455c75222ea6c2151500e,2d39d80f92920641ae2837ad4c619677daffd1ce,Adapted source delta on target; retain custom contracts. See server-port-evidence.md; server regression suite and WP04 save/input/replay checks.
M,,tests/cards/requirements/CardRequirements.spec.ts,existing-card-interactions-and-rendering,port-and-adapt,verified,090994d132741502b8822cd145217b9d4ca3e15a,090994d132741502b8822cd145217b9d4ca3e15a,Exact corrected-source blob; target-wide compilation and relevant module suite apply. See server-port-evidence.md/client-port-evidence.md and WP04 compatibility evidence.
A,,tests/cards/requirements/PartyRequirement.spec.ts,existing-card-interactions-and-rendering,port-and-adapt,verified,47525af370cce61142d1f1219b42795ddce2e8cc,47525af370cce61142d1f1219b42795ddce2e8cc,Exact corrected-source blob; target-wide compilation and relevant module suite apply. See server-port-evidence.md/client-port-evidence.md and WP04 compatibility evidence.
A,,tests/cards/robantilles/AlgorithmicTrading.spec.ts,robantilles,port-and-adapt,verified,0c550a266379d1f846e02d1d831e4892e28ca325,0c550a266379d1f846e02d1d831e4892e28ca325,Exact corrected-source blob; target-wide compilation and relevant module suite apply. See server-port-evidence.md/client-port-evidence.md and WP04 compatibility evidence.
A,,tests/cards/robantilles/AlienReactorAtivation.spec.ts,robantilles,port-and-adapt,verified,21e3f69cba60bba1bfb2e08b9d0f2c0831e3139b,21e3f69cba60bba1bfb2e08b9d0f2c0831e3139b,Exact corrected-source blob; target-wide compilation and relevant module suite apply. See server-port-evidence.md/client-port-evidence.md and WP04 compatibility evidence.
A,,tests/cards/robantilles/BattleOfZadonga.spec.ts,robantilles,port-and-adapt,verified,05af2a5c30ec8ea5d49e69c6c09faadda9715da1,05af2a5c30ec8ea5d49e69c6c09faadda9715da1,Exact corrected-source blob; target-wide compilation and relevant module suite apply. See server-port-evidence.md/client-port-evidence.md and WP04 compatibility evidence.
A,,tests/cards/robantilles/BattleOverMars.spec.ts,robantilles,port-and-adapt,verified,727c93041d2229920ff0c770b3d586de4ae1dbc1,727c93041d2229920ff0c770b3d586de4ae1dbc1,Exact corrected-source blob; target-wide compilation and relevant module suite apply. See server-port-evidence.md/client-port-evidence.md and WP04 compatibility evidence.
A,,tests/cards/robantilles/BiomassConversionPlant.spec.ts,robantilles,port-and-adapt,verified,a6d0408b643bf82effd6e89cc4f8be7da4625e9e,a6d0408b643bf82effd6e89cc4f8be7da4625e9e,Exact corrected-source blob; target-wide compilation and relevant module suite apply. See server-port-evidence.md/client-port-evidence.md and WP04 compatibility evidence.
A,,tests/cards/robantilles/Bioreactors.spec.ts,robantilles,port-and-adapt,verified,aa68166e166bf60193ef3160010528bdf94a153e,aa68166e166bf60193ef3160010528bdf94a153e,Exact corrected-source blob; target-wide compilation and relevant module suite apply. See server-port-evidence.md/client-port-evidence.md and WP04 compatibility evidence.
A,,tests/cards/robantilles/Cacti.spec.ts,robantilles,port-and-adapt,verified,69f4c07ee2455581b404909ab8ed1a10ece0e29b,69f4c07ee2455581b404909ab8ed1a10ece0e29b,Exact corrected-source blob; target-wide compilation and relevant module suite apply. See server-port-evidence.md/client-port-evidence.md and WP04 compatibility evidence.
A,,tests/cards/robantilles/Clonation.spec.ts,robantilles,port-and-adapt,verified,0582dab7c0d00d56a894dcea9e65f620201a0bfc,0582dab7c0d00d56a894dcea9e65f620201a0bfc,Exact corrected-source blob; target-wide compilation and relevant module suite apply. See server-port-evidence.md/client-port-evidence.md and WP04 compatibility evidence.
A,,tests/cards/robantilles/CloudCityRA.spec.ts,robantilles,port-and-adapt,verified,be8e66318fd7b4807d92309bb4c6d27092ee0f53,be8e66318fd7b4807d92309bb4c6d27092ee0f53,Exact corrected-source blob; target-wide compilation and relevant module suite apply. See server-port-evidence.md/client-port-evidence.md and WP04 compatibility evidence.
A,,tests/cards/robantilles/CorruptedDelegate.spec.ts,robantilles,port-and-adapt,verified,dafd15b3d5030545330a4bec375940776fd9e5e5,dafd15b3d5030545330a4bec375940776fd9e5e5,Exact corrected-source blob; target-wide compilation and relevant module suite apply. See server-port-evidence.md/client-port-evidence.md and WP04 compatibility evidence.
A,,tests/cards/robantilles/DataLibrary.spec.ts,robantilles,port-and-adapt,verified,edccb87532286cbdf081e1ce21cfc9482294fd84,edccb87532286cbdf081e1ce21cfc9482294fd84,Exact corrected-source blob; target-wide compilation and relevant module suite apply. See server-port-evidence.md/client-port-evidence.md and WP04 compatibility evidence.
A,,tests/cards/robantilles/DogsInSpace.spec.ts,robantilles,port-and-adapt,verified,a38b7397cc5463c1a6a914698455cbf58d51e5e6,a38b7397cc5463c1a6a914698455cbf58d51e5e6,Exact corrected-source blob; target-wide compilation and relevant module suite apply. See server-port-evidence.md/client-port-evidence.md and WP04 compatibility evidence.
A,,tests/cards/robantilles/Ecoplants.spec.ts,robantilles,port-and-adapt,verified,ebf31a92ec895193453e499853cca425144923a9,ebf31a92ec895193453e499853cca425144923a9,Exact corrected-source blob; target-wide compilation and relevant module suite apply. See server-port-evidence.md/client-port-evidence.md and WP04 compatibility evidence.
A,,tests/cards/robantilles/ElectoralCampaign.spec.ts,robantilles,port-and-adapt,verified,d0928b4ea5d7ba4bbfd3696e0bcca295c3957b8e,d0928b4ea5d7ba4bbfd3696e0bcca295c3957b8e,Exact corrected-source blob; target-wide compilation and relevant module suite apply. See server-port-evidence.md/client-port-evidence.md and WP04 compatibility evidence.
A,,tests/cards/robantilles/ExcavationSyriaPlanum.spec.ts,robantilles,port-and-adapt,verified,f6ea01315e4d03484133813749934a37a821ee15,f6ea01315e4d03484133813749934a37a821ee15,Exact corrected-source blob; target-wide compilation and relevant module suite apply. See server-port-evidence.md/client-port-evidence.md and WP04 compatibility evidence.
A,,tests/cards/robantilles/ExportsFromAmalthea.spec.ts,robantilles,port-and-adapt,verified,c12ed902a2011e556a8e94c42f5eae8dffb10012,c12ed902a2011e556a8e94c42f5eae8dffb10012,Exact corrected-source blob; target-wide compilation and relevant module suite apply. See server-port-evidence.md/client-port-evidence.md and WP04 compatibility evidence.
A,,tests/cards/robantilles/ExtraVehicularActivities.spec.ts,robantilles,port-and-adapt,verified,06af9471625f2288b557f3b750a978a766fea284,06af9471625f2288b557f3b750a978a766fea284,Exact corrected-source blob; target-wide compilation and relevant module suite apply. See server-port-evidence.md/client-port-evidence.md and WP04 compatibility evidence.
A,,tests/cards/robantilles/GigaInterferometer.spec.ts,robantilles,port-and-adapt,verified,2699b56ee68e174304a9f53a6f26c24e84238edf,2699b56ee68e174304a9f53a6f26c24e84238edf,Exact corrected-source blob; target-wide compilation and relevant module suite apply. See server-port-evidence.md/client-port-evidence.md and WP04 compatibility evidence.
A,,tests/cards/robantilles/GreatFaceOfCydonia.spec.ts,robantilles,port-and-adapt,verified,38f5353f0be4e129b98705157f60fe845917ed39,38f5353f0be4e129b98705157f60fe845917ed39,Exact corrected-source blob; target-wide compilation and relevant module suite apply. See server-port-evidence.md/client-port-evidence.md and WP04 compatibility evidence.
A,,tests/cards/robantilles/GreatLighthouseOfAlbaPatera.spec.ts,robantilles,port-and-adapt,verified,c673c2f466f309392adedc5b1d983ea2e649eb5a,c673c2f466f309392adedc5b1d983ea2e649eb5a,Exact corrected-source blob; target-wide compilation and relevant module suite apply. See server-port-evidence.md/client-port-evidence.md and WP04 compatibility evidence.
A,,tests/cards/robantilles/GreatMartianArchives.spec.ts,robantilles,port-and-adapt,verified,e06d0c438308abe8fc32f26f65138393462bc06f,e06d0c438308abe8fc32f26f65138393462bc06f,Exact corrected-source blob; target-wide compilation and relevant module suite apply. See server-port-evidence.md/client-port-evidence.md and WP04 compatibility evidence.
A,,tests/cards/robantilles/GreenhouseLights.spec.ts,robantilles,port-and-adapt,verified,41deffd7991a3ebcd10d21cdb36c58d89db28372,41deffd7991a3ebcd10d21cdb36c58d89db28372,Exact corrected-source blob; target-wide compilation and relevant module suite apply. See server-port-evidence.md/client-port-evidence.md and WP04 compatibility evidence.
A,,tests/cards/robantilles/HarborBorealis.spec.ts,robantilles,port-and-adapt,verified,ee8e7631fe0e3f1b2839e8e74f31521907b7b2ce,ee8e7631fe0e3f1b2839e8e74f31521907b7b2ce,Exact corrected-source blob; target-wide compilation and relevant module suite apply. See server-port-evidence.md/client-port-evidence.md and WP04 compatibility evidence.
A,,tests/cards/robantilles/HeavyMachinery.spec.ts,robantilles,port-and-adapt,verified,bf2b85580406c5bf6ed68067c7b34b3e736b03c6,bf2b85580406c5bf6ed68067c7b34b3e736b03c6,Exact corrected-source blob; target-wide compilation and relevant module suite apply. See server-port-evidence.md/client-port-evidence.md and WP04 compatibility evidence.
A,,tests/cards/robantilles/HistoricalVideographicArchive.spec.ts,robantilles,port-and-adapt,verified,bee158f8522abb61242339fe30db31a13ca9ab74,bee158f8522abb61242339fe30db31a13ca9ab74,Exact corrected-source blob; target-wide compilation and relevant module suite apply. See server-port-evidence.md/client-port-evidence.md and WP04 compatibility evidence.
A,,tests/cards/robantilles/HumpbackWhales.spec.ts,robantilles,port-and-adapt,verified,57061383bc44b8f1251a0c84fd5f94e6f139a08f,57061383bc44b8f1251a0c84fd5f94e6f139a08f,Exact corrected-source blob; target-wide compilation and relevant module suite apply. See server-port-evidence.md/client-port-evidence.md and WP04 compatibility evidence.
A,,tests/cards/robantilles/IndustrialMetropolis.spec.ts,robantilles,port-and-adapt,verified,5f56ecfb4d9b59ab24dc0bced82308ebbae9e107,5f56ecfb4d9b59ab24dc0bced82308ebbae9e107,Exact corrected-source blob; target-wide compilation and relevant module suite apply. See server-port-evidence.md/client-port-evidence.md and WP04 compatibility evidence.
A,,tests/cards/robantilles/InterplanetaryCruise.spec.ts,robantilles,port-and-adapt,verified,b1b48a45942dd89a11d826daef46952409155e09,b1b48a45942dd89a11d826daef46952409155e09,Exact corrected-source blob; target-wide compilation and relevant module suite apply. See server-port-evidence.md/client-port-evidence.md and WP04 compatibility evidence.
A,,tests/cards/robantilles/LaunchOfThePhoenix.spec.ts,robantilles,port-and-adapt,verified,4718e9e4dbc806a212b460401850aa4591df1265,4718e9e4dbc806a212b460401850aa4591df1265,Exact corrected-source blob; target-wide compilation and relevant module suite apply. See server-port-evidence.md/client-port-evidence.md and WP04 compatibility evidence.
A,,tests/cards/robantilles/LightningAccumulators.spec.ts,robantilles,port-and-adapt,verified,8d72a6fc922462e561d51f9198854ee50c3ad458,8d72a6fc922462e561d51f9198854ee50c3ad458,Exact corrected-source blob; target-wide compilation and relevant module suite apply. See server-port-evidence.md/client-port-evidence.md and WP04 compatibility evidence.
A,,tests/cards/robantilles/LivestockGiantDome.spec.ts,robantilles,port-and-adapt,verified,5421d47054f8b4c5b796097c3cf8eb4147240c43,5421d47054f8b4c5b796097c3cf8eb4147240c43,Exact corrected-source blob; target-wide compilation and relevant module suite apply. See server-port-evidence.md/client-port-evidence.md and WP04 compatibility evidence.
A,,tests/cards/robantilles/MartianArmedForces.spec.ts,robantilles,port-and-adapt,verified,2f8824a46e6b63834fbe3acc2666a69808ebf3c2,2f8824a46e6b63834fbe3acc2666a69808ebf3c2,Exact corrected-source blob; target-wide compilation and relevant module suite apply. See server-port-evidence.md/client-port-evidence.md and WP04 compatibility evidence.
A,,tests/cards/robantilles/MartianCommercialSeafleet.spec.ts,robantilles,port-and-adapt,verified,af2c7093ed8c0cfad391517b48475385aad821ae,af2c7093ed8c0cfad391517b48475385aad821ae,Exact corrected-source blob; target-wide compilation and relevant module suite apply. See server-port-evidence.md/client-port-evidence.md and WP04 compatibility evidence.
A,,tests/cards/robantilles/MartianRangers.spec.ts,robantilles,port-and-adapt,verified,208214498bd65cb1a66d1683e05431600c59fb45,208214498bd65cb1a66d1683e05431600c59fb45,Exact corrected-source blob; target-wide compilation and relevant module suite apply. See server-port-evidence.md/client-port-evidence.md and WP04 compatibility evidence.
A,,tests/cards/robantilles/MausoleumAtHellas.spec.ts,robantilles,port-and-adapt,verified,850b0c7c9507f4cdee26e977e58d34a8183fdc04,850b0c7c9507f4cdee26e977e58d34a8183fdc04,Exact corrected-source blob; target-wide compilation and relevant module suite apply. See server-port-evidence.md/client-port-evidence.md and WP04 compatibility evidence.
A,,tests/cards/robantilles/MeteorShower.spec.ts,robantilles,port-and-adapt,verified,8230d45a5495c0819f54a8c70a49815b6d83ca4d,8230d45a5495c0819f54a8c70a49815b6d83ca4d,Exact corrected-source blob; target-wide compilation and relevant module suite apply. See server-port-evidence.md/client-port-evidence.md and WP04 compatibility evidence.
A,,tests/cards/robantilles/MicrobioticOceanicFauna.spec.ts,robantilles,port-and-adapt,verified,8d583f91142481684848f005e94b92e4ab6c7b7d,8d583f91142481684848f005e94b92e4ab6c7b7d,Exact corrected-source blob; target-wide compilation and relevant module suite apply. See server-port-evidence.md/client-port-evidence.md and WP04 compatibility evidence.
A,,tests/cards/robantilles/MineralDepot.spec.ts,robantilles,port-and-adapt,verified,75b9ac141675967c99a0c3897145c0d38f3860a9,75b9ac141675967c99a0c3897145c0d38f3860a9,Exact corrected-source blob; target-wide compilation and relevant module suite apply. See server-port-evidence.md/client-port-evidence.md and WP04 compatibility evidence.
A,,tests/cards/robantilles/MiningOutpost.spec.ts,robantilles,port-and-adapt,verified,7a0798e9bbb68019025c9faad4a1060b6d72004b,7a0798e9bbb68019025c9faad4a1060b6d72004b,Exact corrected-source blob; target-wide compilation and relevant module suite apply. See server-port-evidence.md/client-port-evidence.md and WP04 compatibility evidence.
A,,tests/cards/robantilles/MobileBiologicalDome.spec.ts,robantilles,port-and-adapt,verified,e70079dff5f7dd7ed78ab119a7046ded63d83aca,e70079dff5f7dd7ed78ab119a7046ded63d83aca,Exact corrected-source blob; target-wide compilation and relevant module suite apply. See server-port-evidence.md/client-port-evidence.md and WP04 compatibility evidence.
A,,tests/cards/robantilles/MonumentToMars.spec.ts,robantilles,port-and-adapt,verified,5d08c78d84c3f14cdb54558f5853d3663ded27e6,5d08c78d84c3f14cdb54558f5853d3663ded27e6,Exact corrected-source blob; target-wide compilation and relevant module suite apply. See server-port-evidence.md/client-port-evidence.md and WP04 compatibility evidence.
A,,tests/cards/robantilles/MoonMineralMetropolis.spec.ts,robantilles,port-and-adapt,verified,5109c8c9b3a5cd234399ed8b3636af1022ec5ed7,5109c8c9b3a5cd234399ed8b3636af1022ec5ed7,Exact corrected-source blob; target-wide compilation and relevant module suite apply. See server-port-evidence.md/client-port-evidence.md and WP04 compatibility evidence.
A,,tests/cards/robantilles/MuskAwards.spec.ts,robantilles,port-and-adapt,verified,b2e870511454982ebe5fa0ade60dccb5661aca53,b2e870511454982ebe5fa0ade60dccb5661aca53,Exact corrected-source blob; target-wide compilation and relevant module suite apply. See server-port-evidence.md/client-port-evidence.md and WP04 compatibility evidence.
A,,tests/cards/robantilles/NeptuneExpedition.spec.ts,robantilles,port-and-adapt,verified,34c74389ca400da8cbfd4a53a4420abcb1a65736,34c74389ca400da8cbfd4a53a4420abcb1a65736,Exact corrected-source blob; target-wide compilation and relevant module suite apply. See server-port-evidence.md/client-port-evidence.md and WP04 compatibility evidence.
A,,tests/cards/robantilles/ObservatoryOnOlympusMons.spec.ts,robantilles,port-and-adapt,verified,73fd2404dc37a253bd9fe9d03a85498f5d4bef0d,73fd2404dc37a253bd9fe9d03a85498f5d4bef0d,Exact corrected-source blob; target-wide compilation and relevant module suite apply. See server-port-evidence.md/client-port-evidence.md and WP04 compatibility evidence.
A,,tests/cards/robantilles/OpeningOfNaturalReserves.spec.ts,robantilles,port-and-adapt,verified,c2acd1b0dd909863f07bd3a804b2314ffb8bc642,c2acd1b0dd909863f07bd3a804b2314ffb8bc642,Exact corrected-source blob; target-wide compilation and relevant module suite apply. See server-port-evidence.md/client-port-evidence.md and WP04 compatibility evidence.
A,,tests/cards/robantilles/OrbitalBiologicalLaboratory.spec.ts,robantilles,port-and-adapt,verified,f0c268f1ce6438ced7a7bfc8e9d01ce0299f4f7d,f0c268f1ce6438ced7a7bfc8e9d01ce0299f4f7d,Exact corrected-source blob; target-wide compilation and relevant module suite apply. See server-port-evidence.md/client-port-evidence.md and WP04 compatibility evidence.
A,,tests/cards/robantilles/OrcTurbines.spec.ts,robantilles,port-and-adapt,verified,1cba1a6f4853d5f9e538e89955335b87577ebefa,1cba1a6f4853d5f9e538e89955335b87577ebefa,Exact corrected-source blob; target-wide compilation and relevant module suite apply. See server-port-evidence.md/client-port-evidence.md and WP04 compatibility evidence.
A,,tests/cards/robantilles/OrganicWasteRecycling.spec.ts,robantilles,port-and-adapt,verified,b9dec573e949b968268bb2a8accc305d22b2419e,b9dec573e949b968268bb2a8accc305d22b2419e,Exact corrected-source blob; target-wide compilation and relevant module suite apply. See server-port-evidence.md/client-port-evidence.md and WP04 compatibility evidence.
A,,tests/cards/robantilles/ParadiseCity.spec.ts,robantilles,port-and-adapt,verified,944ddffbf2f7f9483f443cff690916d8f9578196,944ddffbf2f7f9483f443cff690916d8f9578196,Exact corrected-source blob; target-wide compilation and relevant module suite apply. See server-port-evidence.md/client-port-evidence.md and WP04 compatibility evidence.
A,,tests/cards/robantilles/PlanetaryMuseum.spec.ts,robantilles,port-and-adapt,verified,8e1325302bb1bbcfe510596c779d857cad86e036,8e1325302bb1bbcfe510596c779d857cad86e036,Exact corrected-source blob; target-wide compilation and relevant module suite apply. See server-port-evidence.md/client-port-evidence.md and WP04 compatibility evidence.
A,,tests/cards/robantilles/PrehistoricBeasts.spec.ts,robantilles,port-and-adapt,verified,02c341da3b8dafe6c3a0f9052075848cc3f3a9c7,02c341da3b8dafe6c3a0f9052075848cc3f3a9c7,Exact corrected-source blob; target-wide compilation and relevant module suite apply. See server-port-evidence.md/client-port-evidence.md and WP04 compatibility evidence.
A,,tests/cards/robantilles/RooftopGardensOfNoctis.spec.ts,robantilles,port-and-adapt,verified,45a5bfecce4ac505b4d09107cbc877c556132e37,45a5bfecce4ac505b4d09107cbc877c556132e37,Exact corrected-source blob; target-wide compilation and relevant module suite apply. See server-port-evidence.md/client-port-evidence.md and WP04 compatibility evidence.
A,,tests/cards/robantilles/SedimentaryRocks.spec.ts,robantilles,port-and-adapt,verified,b54fe822fc6e40ea470d8a98b81edff11715c985,b54fe822fc6e40ea470d8a98b81edff11715c985,Exact corrected-source blob; target-wide compilation and relevant module suite apply. See server-port-evidence.md/client-port-evidence.md and WP04 compatibility evidence.
A,,tests/cards/robantilles/SmesTechnology.spec.ts,robantilles,port-and-adapt,verified,35ba662195917c4a75bfe2e01c07abd1e8a91355,35ba662195917c4a75bfe2e01c07abd1e8a91355,Exact corrected-source blob; target-wide compilation and relevant module suite apply. See server-port-evidence.md/client-port-evidence.md and WP04 compatibility evidence.
A,,tests/cards/robantilles/SpaceRobots.spec.ts,robantilles,port-and-adapt,verified,6640878785b1dbe1d9d79bdf73ab2dbd29325908,6640878785b1dbe1d9d79bdf73ab2dbd29325908,Exact corrected-source blob; target-wide compilation and relevant module suite apply. See server-port-evidence.md/client-port-evidence.md and WP04 compatibility evidence.
A,,tests/cards/robantilles/StatueOfVonBraunOnOlympusMons.spec.ts,robantilles,port-and-adapt,verified,37d2e98ef8717ee6b1ff5919e0e2b85e06cdc9ed,37d2e98ef8717ee6b1ff5919e0e2b85e06cdc9ed,Exact corrected-source blob; target-wide compilation and relevant module suite apply. See server-port-evidence.md/client-port-evidence.md and WP04 compatibility evidence.
A,,tests/cards/robantilles/StemCellResearchCenter.spec.ts,robantilles,port-and-adapt,verified,e58b8a6255348efa050a7db3c51040fa15b37456,e58b8a6255348efa050a7db3c51040fa15b37456,Exact corrected-source blob; target-wide compilation and relevant module suite apply. See server-port-evidence.md/client-port-evidence.md and WP04 compatibility evidence.
A,,tests/cards/robantilles/Suburbs.spec.ts,robantilles,port-and-adapt,verified,08bdaf6f680e9171463f39dbda8c1e9db68ede46,08bdaf6f680e9171463f39dbda8c1e9db68ede46,Exact corrected-source blob; target-wide compilation and relevant module suite apply. See server-port-evidence.md/client-port-evidence.md and WP04 compatibility evidence.
A,,tests/cards/robantilles/SupernovaExplosion.spec.ts,robantilles,port-and-adapt,verified,1973dddce550a4a8c866179903d97505d0c9670f,1973dddce550a4a8c866179903d97505d0c9670f,Exact corrected-source blob; target-wide compilation and relevant module suite apply. See server-port-evidence.md/client-port-evidence.md and WP04 compatibility evidence.
A,,tests/cards/robantilles/TaxTheRich.spec.ts,robantilles,port-and-adapt,verified,576a1969706d5f6041cbbdb494bc9e8ac522282a,576a1969706d5f6041cbbdb494bc9e8ac522282a,Exact corrected-source blob; target-wide compilation and relevant module suite apply. See server-port-evidence.md/client-port-evidence.md and WP04 compatibility evidence.
A,,tests/cards/robantilles/TempleOfGaiaAtElysium.spec.ts,robantilles,port-and-adapt,verified,2d297dba267481da338c18d7e9ff691f250c39c9,2d297dba267481da338c18d7e9ff691f250c39c9,Exact corrected-source blob; target-wide compilation and relevant module suite apply. See server-port-evidence.md/client-port-evidence.md and WP04 compatibility evidence.
A,,tests/cards/robantilles/TerraformingBureauRestructuring.spec.ts,robantilles,port-and-adapt,verified,620e1270aeb363069b1a31cca0cce771a163d932,620e1270aeb363069b1a31cca0cce771a163d932,Exact corrected-source blob; target-wide compilation and relevant module suite apply. See server-port-evidence.md/client-port-evidence.md and WP04 compatibility evidence.
A,,tests/cards/robantilles/TharsisColossus.spec.ts,robantilles,port-and-adapt,verified,13faef2808772cf7145fc9b332b60b0a62e22e4e,13faef2808772cf7145fc9b332b60b0a62e22e4e,Exact corrected-source blob; target-wide compilation and relevant module suite apply. See server-port-evidence.md/client-port-evidence.md and WP04 compatibility evidence.
A,,tests/cards/robantilles/TharsisPumpingHub.spec.ts,robantilles,port-and-adapt,verified,9b123096e519c656ba8a364d9bcfbe47271f6f7e,9b123096e519c656ba8a364d9bcfbe47271f6f7e,Exact corrected-source blob; target-wide compilation and relevant module suite apply. See server-port-evidence.md/client-port-evidence.md and WP04 compatibility evidence.
A,,tests/cards/robantilles/TroposphericCity.spec.ts,robantilles,port-and-adapt,verified,1e2d84c2755ceadebe97d3f03a55024a44d24ed9,1e2d84c2755ceadebe97d3f03a55024a44d24ed9,Exact corrected-source blob; target-wide compilation and relevant module suite apply. See server-port-evidence.md/client-port-evidence.md and WP04 compatibility evidence.
A,,tests/cards/robantilles/UpgradedSaws.spec.ts,robantilles,port-and-adapt,verified,12d0244ca688988710554f59de5b74aa92474329,12d0244ca688988710554f59de5b74aa92474329,Exact corrected-source blob; target-wide compilation and relevant module suite apply. See server-port-evidence.md/client-port-evidence.md and WP04 compatibility evidence.
A,,tests/cards/robantilles/UtopiaPlanitiaSpaceport.spec.ts,robantilles,port-and-adapt,verified,d66aa901e6e85434cfa278452a0d1ad9fc21dc71,d66aa901e6e85434cfa278452a0d1ad9fc21dc71,Exact corrected-source blob; target-wide compilation and relevant module suite apply. See server-port-evidence.md/client-port-evidence.md and WP04 compatibility evidence.
A,,tests/cards/robantilles/WeatherControlTower.spec.ts,robantilles,port-and-adapt,verified,82a3ec1d209fd6d5146fcfc5e0fa0617fe5eb438,82a3ec1d209fd6d5146fcfc5e0fa0617fe5eb438,Exact corrected-source blob; target-wide compilation and relevant module suite apply. See server-port-evidence.md/client-port-evidence.md and WP04 compatibility evidence.
A,,tests/cards/sillyfication/Amphibians.spec.ts,sillyfication,port-and-adapt,verified,5445ad9b92e5d2b547783cc7ee9b629356bc9bc5,5445ad9b92e5d2b547783cc7ee9b629356bc9bc5,Exact corrected-source blob; target-wide compilation and relevant module suite apply. See server-port-evidence.md/client-port-evidence.md and WP04 compatibility evidence.
A,,tests/cards/sillyfication/AnimalShelter.spec.ts,sillyfication,port-and-adapt,verified,a26c411e079371c5eb5be644739a7d4ed4ee6238,a26c411e079371c5eb5be644739a7d4ed4ee6238,Exact corrected-source blob; target-wide compilation and relevant module suite apply. See server-port-evidence.md/client-port-evidence.md and WP04 compatibility evidence.
A,,tests/cards/sillyfication/AriAdore.spec.ts,sillyfication,port-and-adapt,verified,df771c93edf49b9e6fba19ab99fde4b9e769c33a,df771c93edf49b9e6fba19ab99fde4b9e769c33a,Exact corrected-source blob; target-wide compilation and relevant module suite apply. See server-port-evidence.md/client-port-evidence.md and WP04 compatibility evidence.
A,,tests/cards/sillyfication/Balance.spec.ts,sillyfication,port-and-adapt,verified,c8f92f1eb6faae50d85fa38e583747e4329e2af5,c8f92f1eb6faae50d85fa38e583747e4329e2af5,Exact corrected-source blob; target-wide compilation and relevant module suite apply. See server-port-evidence.md/client-port-evidence.md and WP04 compatibility evidence.
A,,tests/cards/sillyfication/Blockhouse.spec.ts,sillyfication,port-and-adapt,verified,0c514fbc0c11278358b8ec80bf91a7f2cd10afb7,0c514fbc0c11278358b8ec80bf91a7f2cd10afb7,Exact corrected-source blob; target-wide compilation and relevant module suite apply. See server-port-evidence.md/client-port-evidence.md and WP04 compatibility evidence.
A,,tests/cards/sillyfication/BurnTheForest.spec.ts,sillyfication,port-and-adapt,verified,cf27ce448396e6439fcdad2dbdfb1af7cc8c1182,cf27ce448396e6439fcdad2dbdfb1af7cc8c1182,Exact corrected-source blob; target-wide compilation and relevant module suite apply. See server-port-evidence.md/client-port-evidence.md and WP04 compatibility evidence.
A,,tests/cards/sillyfication/Cats.spec.ts,sillyfication,port-and-adapt,verified,7ac3ac0e62a84928e8d57558bccf4d8f9d6ba140,7ac3ac0e62a84928e8d57558bccf4d8f9d6ba140,Exact corrected-source blob; target-wide compilation and relevant module suite apply. See server-port-evidence.md/client-port-evidence.md and WP04 compatibility evidence.
A,,tests/cards/sillyfication/ChillingRiches.spec.ts,sillyfication,port-and-adapt,verified,805da919affcedaff0c2aa7dd090825f606aad48,805da919affcedaff0c2aa7dd090825f606aad48,Exact corrected-source blob; target-wide compilation and relevant module suite apply. See server-port-evidence.md/client-port-evidence.md and WP04 compatibility evidence.
A,,tests/cards/sillyfication/ChipFabricationPlant.spec.ts,sillyfication,port-and-adapt,verified,fc2ea8a4725b716337b9a9011f411799d538a631,fc2ea8a4725b716337b9a9011f411799d538a631,Exact corrected-source blob; target-wide compilation and relevant module suite apply. See server-port-evidence.md/client-port-evidence.md and WP04 compatibility evidence.
A,,tests/cards/sillyfication/ColdBlooded.spec.ts,sillyfication,port-and-adapt,verified,c91d99c1df2c397deb33c44939bbad285a25a88d,c91d99c1df2c397deb33c44939bbad285a25a88d,Exact corrected-source blob; target-wide compilation and relevant module suite apply. See server-port-evidence.md/client-port-evidence.md and WP04 compatibility evidence.
A,,tests/cards/sillyfication/ColdLikeSteel.spec.ts,sillyfication,port-and-adapt,verified,e1b55d93342738cbbea5fb7ff8b064e4080ecefb,e1b55d93342738cbbea5fb7ff8b064e4080ecefb,Exact corrected-source blob; target-wide compilation and relevant module suite apply. See server-port-evidence.md/client-port-evidence.md and WP04 compatibility evidence.
A,,tests/cards/sillyfication/ColonySale.spec.ts,sillyfication,port-and-adapt,verified,ee5d619e01e9a41bdcf1f826f6be1b555d9d15ec,ee5d619e01e9a41bdcf1f826f6be1b555d9d15ec,Exact corrected-source blob; target-wide compilation and relevant module suite apply. See server-port-evidence.md/client-port-evidence.md and WP04 compatibility evidence.
A,,tests/cards/sillyfication/CommitteeToFormACommittee.spec.ts,sillyfication,port-and-adapt,verified,4c6fd3c4baa4cd69de9c94dd14ea1e1cec1735a9,4c6fd3c4baa4cd69de9c94dd14ea1e1cec1735a9,Exact corrected-source blob; target-wide compilation and relevant module suite apply. See server-port-evidence.md/client-port-evidence.md and WP04 compatibility evidence.
A,,tests/cards/sillyfication/CoreMines.spec.ts,sillyfication,port-and-adapt,verified,df9f5530ddd8fbc532a54d283fc266a0f5f15ee2,df9f5530ddd8fbc532a54d283fc266a0f5f15ee2,Exact corrected-source blob; target-wide compilation and relevant module suite apply. See server-port-evidence.md/client-port-evidence.md and WP04 compatibility evidence.
A,,tests/cards/sillyfication/CorruptGovernors.spec.ts,sillyfication,port-and-adapt,verified,efa7376b1581fa8195fd5a2e646089091510b33c,efa7376b1581fa8195fd5a2e646089091510b33c,Exact corrected-source blob; target-wide compilation and relevant module suite apply. See server-port-evidence.md/client-port-evidence.md and WP04 compatibility evidence.
A,,tests/cards/sillyfication/CostIndex.spec.ts,sillyfication,port-and-adapt,verified,cf64e382920450ced5220e2ea0b67682d2c8d56e,cf64e382920450ced5220e2ea0b67682d2c8d56e,Exact corrected-source blob; target-wide compilation and relevant module suite apply. See server-port-evidence.md/client-port-evidence.md and WP04 compatibility evidence.
A,,tests/cards/sillyfication/Critterworld.spec.ts,sillyfication,port-and-adapt,verified,d44569c3fa2eb044014b3a7caa935f9785a482d8,d44569c3fa2eb044014b3a7caa935f9785a482d8,Exact corrected-source blob; target-wide compilation and relevant module suite apply. See server-port-evidence.md/client-port-evidence.md and WP04 compatibility evidence.
A,,tests/cards/sillyfication/CropTheft.spec.ts,sillyfication,port-and-adapt,verified,3c07191d9ea0019236d0aa5fa1f1fd8477c173b2,3c07191d9ea0019236d0aa5fa1f1fd8477c173b2,Exact corrected-source blob; target-wide compilation and relevant module suite apply. See server-port-evidence.md/client-port-evidence.md and WP04 compatibility evidence.
A,,tests/cards/sillyfication/CutoutNetworks.spec.ts,sillyfication,port-and-adapt,verified,f9a698870a74011a72ffbe5c19fc4d938cb6f3d3,f9a698870a74011a72ffbe5c19fc4d938cb6f3d3,Exact corrected-source blob; target-wide compilation and relevant module suite apply. See server-port-evidence.md/client-port-evidence.md and WP04 compatibility evidence.
A,,tests/cards/sillyfication/DeadDrop.spec.ts,sillyfication,port-and-adapt,verified,9b7929f9e5ebc5fe15f47f615c77d6e1e62d73be,9b7929f9e5ebc5fe15f47f615c77d6e1e62d73be,Exact corrected-source blob; target-wide compilation and relevant module suite apply. See server-port-evidence.md/client-port-evidence.md and WP04 compatibility evidence.
A,,tests/cards/sillyfication/DebrisField.spec.ts,sillyfication,port-and-adapt,verified,7293a4f71f9634b7783a3a00fcfcb8594bec90f0,7293a4f71f9634b7783a3a00fcfcb8594bec90f0,Exact corrected-source blob; target-wide compilation and relevant module suite apply. See server-port-evidence.md/client-port-evidence.md and WP04 compatibility evidence.
A,,tests/cards/sillyfication/DeimosDoubleDown.spec.ts,sillyfication,port-and-adapt,verified,fdbfa941d81aca547f934613f833ec0322e9b80d,fdbfa941d81aca547f934613f833ec0322e9b80d,Exact corrected-source blob; target-wide compilation and relevant module suite apply. See server-port-evidence.md/client-port-evidence.md and WP04 compatibility evidence.
A,,tests/cards/sillyfication/DeimosDoubleDownCopy.spec.ts,sillyfication,port-and-adapt,verified,5bcbfd8c92192453222b3620a9841dacefec4882,5bcbfd8c92192453222b3620a9841dacefec4882,Exact corrected-source blob; target-wide compilation and relevant module suite apply. See server-port-evidence.md/client-port-evidence.md and WP04 compatibility evidence.
A,,tests/cards/sillyfication/DisruptiveStartup.spec.ts,sillyfication,port-and-adapt,verified,37f6c48d998690c2df733cc740b3d18b2747b955,37f6c48d998690c2df733cc740b3d18b2747b955,Exact corrected-source blob; target-wide compilation and relevant module suite apply. See server-port-evidence.md/client-port-evidence.md and WP04 compatibility evidence.
A,,tests/cards/sillyfication/Electrobic.spec.ts,sillyfication,port-and-adapt,verified,b42ed1fc95c34af639186ee1c67b0dc42ed5f2f5,b42ed1fc95c34af639186ee1c67b0dc42ed5f2f5,Exact corrected-source blob; target-wide compilation and relevant module suite apply. See server-port-evidence.md/client-port-evidence.md and WP04 compatibility evidence.
A,,tests/cards/sillyfication/EnergyHarvest.spec.ts,sillyfication,port-and-adapt,verified,33f5f6a3ea9c1c28124c716798bb8f41ae038953,33f5f6a3ea9c1c28124c716798bb8f41ae038953,Exact corrected-source blob; target-wide compilation and relevant module suite apply. See server-port-evidence.md/client-port-evidence.md and WP04 compatibility evidence.
A,,tests/cards/sillyfication/EpsilonDample.spec.ts,sillyfication,port-and-adapt,verified,84edb9626b6bb7d87456aafe285c7e7de877d692,84edb9626b6bb7d87456aafe285c7e7de877d692,Exact corrected-source blob; target-wide compilation and relevant module suite apply. See server-port-evidence.md/client-port-evidence.md and WP04 compatibility evidence.
A,,tests/cards/sillyfication/EvergreenForest.spec.ts,sillyfication,port-and-adapt,verified,ae74373901bd81ec14c220955fdda6a760dd9542,ae74373901bd81ec14c220955fdda6a760dd9542,Exact corrected-source blob; target-wide compilation and relevant module suite apply. See server-port-evidence.md/client-port-evidence.md and WP04 compatibility evidence.
A,,tests/cards/sillyfication/FailedExperiment.spec.ts,sillyfication,port-and-adapt,verified,b6395fc408ddd90d42a3a8a14a528d913a2e0616,b6395fc408ddd90d42a3a8a14a528d913a2e0616,Exact corrected-source blob; target-wide compilation and relevant module suite apply. See server-port-evidence.md/client-port-evidence.md and WP04 compatibility evidence.
A,,tests/cards/sillyfication/FirstMissionToGanymede.spec.ts,sillyfication,port-and-adapt,verified,61cc1c6d2c3d2404a8c6671bccb444073608b46b,61cc1c6d2c3d2404a8c6671bccb444073608b46b,Exact corrected-source blob; target-wide compilation and relevant module suite apply. See server-port-evidence.md/client-port-evidence.md and WP04 compatibility evidence.
A,,tests/cards/sillyfication/FungalFrenzy.spec.ts,sillyfication,port-and-adapt,verified,eb6fe32c2789e35653a8dc8b5bf2d145b0fe5ffa,eb6fe32c2789e35653a8dc8b5bf2d145b0fe5ffa,Exact corrected-source blob; target-wide compilation and relevant module suite apply. See server-port-evidence.md/client-port-evidence.md and WP04 compatibility evidence.
A,,tests/cards/sillyfication/GamblingProblem.spec.ts,sillyfication,port-and-adapt,verified,e927c45fac629a2f64ca7f9a8aeb86df5d3e9224,e927c45fac629a2f64ca7f9a8aeb86df5d3e9224,Exact corrected-source blob; target-wide compilation and relevant module suite apply. See server-port-evidence.md/client-port-evidence.md and WP04 compatibility evidence.
A,,tests/cards/sillyfication/GarbageDumps.spec.ts,sillyfication,port-and-adapt,verified,c0258cd8b677b9cd6469039bd3c7a121d486ef14,c0258cd8b677b9cd6469039bd3c7a121d486ef14,Exact corrected-source blob; target-wide compilation and relevant module suite apply. See server-port-evidence.md/client-port-evidence.md and WP04 compatibility evidence.
A,,tests/cards/sillyfication/GasGiantTourismBoard.spec.ts,sillyfication,port-and-adapt,verified,680804d62bcfdccb432f07d353c9ae8b20298a2a,680804d62bcfdccb432f07d353c9ae8b20298a2a,Exact corrected-source blob; target-wide compilation and relevant module suite apply. See server-port-evidence.md/client-port-evidence.md and WP04 compatibility evidence.
A,,tests/cards/sillyfication/GenerousRedistribution.spec.ts,sillyfication,port-and-adapt,verified,2de0a2c91b891acb9e5e80c6e3878207e578177a,2de0a2c91b891acb9e5e80c6e3878207e578177a,Exact corrected-source blob; target-wide compilation and relevant module suite apply. See server-port-evidence.md/client-port-evidence.md and WP04 compatibility evidence.
A,,tests/cards/sillyfication/GlobalEnergyInfrastructure.spec.ts,sillyfication,port-and-adapt,verified,1412aa44c6f8487f83d315a5c8fd4b441facd858,1412aa44c6f8487f83d315a5c8fd4b441facd858,Exact corrected-source blob; target-wide compilation and relevant module suite apply. See server-port-evidence.md/client-port-evidence.md and WP04 compatibility evidence.
A,,tests/cards/sillyfication/GuerrillaGardening.spec.ts,sillyfication,port-and-adapt,verified,8bf511ec6199bb4a4d8a5bfbcb34a6b6777befd2,8bf511ec6199bb4a4d8a5bfbcb34a6b6777befd2,Exact corrected-source blob; target-wide compilation and relevant module suite apply. See server-port-evidence.md/client-port-evidence.md and WP04 compatibility evidence.
A,,tests/cards/sillyfication/Horses.spec.ts,sillyfication,port-and-adapt,verified,df46e4deccfbcd63e84b39822725c44e08170a81,df46e4deccfbcd63e84b39822725c44e08170a81,Exact corrected-source blob; target-wide compilation and relevant module suite apply. See server-port-evidence.md/client-port-evidence.md and WP04 compatibility evidence.
A,,tests/cards/sillyfication/IdeaBudgeting.spec.ts,sillyfication,port-and-adapt,verified,1423b297f563a6d58ed3e427b5fcce3f92beeb2c,1423b297f563a6d58ed3e427b5fcce3f92beeb2c,Exact corrected-source blob; target-wide compilation and relevant module suite apply. See server-port-evidence.md/client-port-evidence.md and WP04 compatibility evidence.
A,,tests/cards/sillyfication/InsiderTrading.spec.ts,sillyfication,port-and-adapt,verified,fa10ffd8e16cdf21bef273fc0edb5fad0f7bf4d5,fa10ffd8e16cdf21bef273fc0edb5fad0f7bf4d5,Exact corrected-source blob; target-wide compilation and relevant module suite apply. See server-port-evidence.md/client-port-evidence.md and WP04 compatibility evidence.
A,,tests/cards/sillyfication/Insurance.spec.ts,sillyfication,port-and-adapt,verified,68e05be945befc36442bb40cd7de4eb4a672aca6,68e05be945befc36442bb40cd7de4eb4a672aca6,Exact corrected-source blob; target-wide compilation and relevant module suite apply. See server-port-evidence.md/client-port-evidence.md and WP04 compatibility evidence.
A,,tests/cards/sillyfication/Jupiter.spec.ts,sillyfication,port-and-adapt,verified,fec011212d0ed87fb14294511713b36fe46fbdc7,fec011212d0ed87fb14294511713b36fe46fbdc7,Exact corrected-source blob; target-wide compilation and relevant module suite apply. See server-port-evidence.md/client-port-evidence.md and WP04 compatibility evidence.
A,,tests/cards/sillyfication/LaunchWindow.spec.ts,sillyfication,port-and-adapt,verified,9ebe8ba0332ce095fe6bfb62f24779d315ace8ba,9ebe8ba0332ce095fe6bfb62f24779d315ace8ba,Exact corrected-source blob; target-wide compilation and relevant module suite apply. See server-port-evidence.md/client-port-evidence.md and WP04 compatibility evidence.
A,,tests/cards/sillyfication/LivestockLobby.spec.ts,sillyfication,port-and-adapt,verified,20b324ab7de83b2fed71bdb6d4d791fc102e2e9b,20b324ab7de83b2fed71bdb6d4d791fc102e2e9b,Exact corrected-source blob; target-wide compilation and relevant module suite apply. See server-port-evidence.md/client-port-evidence.md and WP04 compatibility evidence.
A,,tests/cards/sillyfication/LonelyTown.spec.ts,sillyfication,port-and-adapt,verified,17d212521ed0cc57d95e679ede6c1b1da5eec939,17d212521ed0cc57d95e679ede6c1b1da5eec939,Exact corrected-source blob; target-wide compilation and relevant module suite apply. See server-port-evidence.md/client-port-evidence.md and WP04 compatibility evidence.
A,,tests/cards/sillyfication/LongDistanceRelations.spec.ts,sillyfication,port-and-adapt,verified,2026269302a069ef57ae65baa851884db72c76a8,2026269302a069ef57ae65baa851884db72c76a8,Exact corrected-source blob; target-wide compilation and relevant module suite apply. See server-port-evidence.md/client-port-evidence.md and WP04 compatibility evidence.
A,,tests/cards/sillyfication/LoremIpsum.spec.ts,sillyfication,port-and-adapt,verified,97be610ad65bf0aed0d6aef822c8a936b1b557d7,97be610ad65bf0aed0d6aef822c8a936b1b557d7,Exact corrected-source blob; target-wide compilation and relevant module suite apply. See server-port-evidence.md/client-port-evidence.md and WP04 compatibility evidence.
A,,tests/cards/sillyfication/MacroMills.spec.ts,sillyfication,port-and-adapt,verified,3e784de5448efb1a8912b62300f15fc0e8d3354a,3e784de5448efb1a8912b62300f15fc0e8d3354a,Exact corrected-source blob; target-wide compilation and relevant module suite apply. See server-port-evidence.md/client-port-evidence.md and WP04 compatibility evidence.
A,,tests/cards/sillyfication/Manuwhack.spec.ts,sillyfication,port-and-adapt,verified,2ff50cd74e5ae5a49b6f01b874a74529d94626bc,2ff50cd74e5ae5a49b6f01b874a74529d94626bc,Exact corrected-source blob; target-wide compilation and relevant module suite apply. See server-port-evidence.md/client-port-evidence.md and WP04 compatibility evidence.
A,,tests/cards/sillyfication/MarketCrash.spec.ts,sillyfication,port-and-adapt,verified,269d0754cff82b6e1e50e87bad318438f49de56a,269d0754cff82b6e1e50e87bad318438f49de56a,Exact corrected-source blob; target-wide compilation and relevant module suite apply. See server-port-evidence.md/client-port-evidence.md and WP04 compatibility evidence.
A,,tests/cards/sillyfication/MarsHomesteadAct.spec.ts,sillyfication,port-and-adapt,verified,d5a747ed59ee3f7ab2cc69804831cfdeb3db3ce9,d5a747ed59ee3f7ab2cc69804831cfdeb3db3ce9,Exact corrected-source blob; target-wide compilation and relevant module suite apply. See server-port-evidence.md/client-port-evidence.md and WP04 compatibility evidence.
A,,tests/cards/sillyfication/MicroResources.spec.ts,sillyfication,port-and-adapt,verified,afe001e776047236bff053e463212b6516dd9aa3,afe001e776047236bff053e463212b6516dd9aa3,Exact corrected-source blob; target-wide compilation and relevant module suite apply. See server-port-evidence.md/client-port-evidence.md and WP04 compatibility evidence.
A,,tests/cards/sillyfication/Microbetronics.spec.ts,sillyfication,port-and-adapt,verified,fb9c3dc5de31968d71d8647d30579c11c595fa00,fb9c3dc5de31968d71d8647d30579c11c595fa00,Exact corrected-source blob; target-wide compilation and relevant module suite apply. See server-port-evidence.md/client-port-evidence.md and WP04 compatibility evidence.
A,,tests/cards/sillyfication/Microbitic.spec.ts,sillyfication,port-and-adapt,verified,307da8081859bebd9b5fdf05b1507168a80ea19e,307da8081859bebd9b5fdf05b1507168a80ea19e,Exact corrected-source blob; target-wide compilation and relevant module suite apply. See server-port-evidence.md/client-port-evidence.md and WP04 compatibility evidence.
A,,tests/cards/sillyfication/MineralFabricators.spec.ts,sillyfication,port-and-adapt,verified,bd9d1f1529a3d0124b056d04156db53bed6dc1c4,bd9d1f1529a3d0124b056d04156db53bed6dc1c4,Exact corrected-source blob; target-wide compilation and relevant module suite apply. See server-port-evidence.md/client-port-evidence.md and WP04 compatibility evidence.
A,,tests/cards/sillyfication/MoonCow.spec.ts,sillyfication,port-and-adapt,verified,67aabab31e456e7bcffe0921f1ab1f30f8c79fbc,67aabab31e456e7bcffe0921f1ab1f30f8c79fbc,Exact corrected-source blob; target-wide compilation and relevant module suite apply. See server-port-evidence.md/client-port-evidence.md and WP04 compatibility evidence.
A,,tests/cards/sillyfication/Mulligans.spec.ts,sillyfication,port-and-adapt,verified,65ee132dd04516eccdbb2b5be83013bc2efd9362,65ee132dd04516eccdbb2b5be83013bc2efd9362,Exact corrected-source blob; target-wide compilation and relevant module suite apply. See server-port-evidence.md/client-port-evidence.md and WP04 compatibility evidence.
A,,tests/cards/sillyfication/Mulligens.spec.ts,sillyfication,port-and-adapt,verified,dc04ee3783550aab1b398b73bdf6f04aad47eacd,dc04ee3783550aab1b398b73bdf6f04aad47eacd,Exact corrected-source blob; target-wide compilation and relevant module suite apply. See server-port-evidence.md/client-port-evidence.md and WP04 compatibility evidence.
A,,tests/cards/sillyfication/MusicalChairs.spec.ts,sillyfication,port-and-adapt,verified,3a1942557a9e8e12cddef3f44baa9cb2ccfcfd4f,3a1942557a9e8e12cddef3f44baa9cb2ccfcfd4f,Exact corrected-source blob; target-wide compilation and relevant module suite apply. See server-port-evidence.md/client-port-evidence.md and WP04 compatibility evidence.
A,,tests/cards/sillyfication/NecroticBloom.spec.ts,sillyfication,port-and-adapt,verified,8f5ec5f062139beee63451afbfbebfb579ae8040,8f5ec5f062139beee63451afbfbebfb579ae8040,Exact corrected-source blob; target-wide compilation and relevant module suite apply. See server-port-evidence.md/client-port-evidence.md and WP04 compatibility evidence.
A,,tests/cards/sillyfication/Nepotism.spec.ts,sillyfication,port-and-adapt,verified,97f3139a05389d9a0d86404e00571da4421a1ac3,97f3139a05389d9a0d86404e00571da4421a1ac3,Exact corrected-source blob; target-wide compilation and relevant module suite apply. See server-port-evidence.md/client-port-evidence.md and WP04 compatibility evidence.
A,,tests/cards/sillyfication/NeptuneResearchVessel.spec.ts,sillyfication,port-and-adapt,verified,e191dfd092cf572a42675e13732a7286e405dcda,e191dfd092cf572a42675e13732a7286e405dcda,Exact corrected-source blob; target-wide compilation and relevant module suite apply. See server-port-evidence.md/client-port-evidence.md and WP04 compatibility evidence.
A,,tests/cards/sillyfication/NereidBiosystems.spec.ts,sillyfication,port-and-adapt,verified,a23723cf41a5dbcd265a35348d1d5d2dd079f5c7,a23723cf41a5dbcd265a35348d1d5d2dd079f5c7,Exact corrected-source blob; target-wide compilation and relevant module suite apply. See server-port-evidence.md/client-port-evidence.md and WP04 compatibility evidence.
A,,tests/cards/sillyfication/OrbitDumping.spec.ts,sillyfication,port-and-adapt,verified,3f8c477ee3c2b3cfcc7617e6d4aa7832b9afd3be,3f8c477ee3c2b3cfcc7617e6d4aa7832b9afd3be,Exact corrected-source blob; target-wide compilation and relevant module suite apply. See server-port-evidence.md/client-port-evidence.md and WP04 compatibility evidence.
A,,tests/cards/sillyfication/OrbitalSeedDispersal.spec.ts,sillyfication,port-and-adapt,verified,4ca106ba264ea45c45777a111974e6a9739d3789,4ca106ba264ea45c45777a111974e6a9739d3789,Exact corrected-source blob; target-wide compilation and relevant module suite apply. See server-port-evidence.md/client-port-evidence.md and WP04 compatibility evidence.
A,,tests/cards/sillyfication/OutpostOnEuropa.spec.ts,sillyfication,port-and-adapt,verified,16350199cd61c681eb10f07f5f225547849cf4a5,16350199cd61c681eb10f07f5f225547849cf4a5,Exact corrected-source blob; target-wide compilation and relevant module suite apply. See server-port-evidence.md/client-port-evidence.md and WP04 compatibility evidence.
A,,tests/cards/sillyfication/OvercrowdedColony.spec.ts,sillyfication,port-and-adapt,verified,7f618f70aa09d8f828a43eb995df93e4634998ae,7f618f70aa09d8f828a43eb995df93e4634998ae,Exact corrected-source blob; target-wide compilation and relevant module suite apply. See server-port-evidence.md/client-port-evidence.md and WP04 compatibility evidence.
A,,tests/cards/sillyfication/PeerReview.spec.ts,sillyfication,port-and-adapt,verified,92c3b2deaf141d18b77b89746e8228ce6c03cc75,92c3b2deaf141d18b77b89746e8228ce6c03cc75,Exact corrected-source blob; target-wide compilation and relevant module suite apply. See server-port-evidence.md/client-port-evidence.md and WP04 compatibility evidence.
A,,tests/cards/sillyfication/PercussiveReactor.spec.ts,sillyfication,port-and-adapt,verified,42370043874e61cc1dfb62cf7fcfd9ab016034fb,42370043874e61cc1dfb62cf7fcfd9ab016034fb,Exact corrected-source blob; target-wide compilation and relevant module suite apply. See server-port-evidence.md/client-port-evidence.md and WP04 compatibility evidence.
A,,tests/cards/sillyfication/PharmacyOnLuna.spec.ts,sillyfication,port-and-adapt,verified,ec80459a38d9baf128da4ce5635aa9249f844665,ec80459a38d9baf128da4ce5635aa9249f844665,Exact corrected-source blob; target-wide compilation and relevant module suite apply. See server-port-evidence.md/client-port-evidence.md and WP04 compatibility evidence.
A,,tests/cards/sillyfication/PlantEater.spec.ts,sillyfication,port-and-adapt,verified,38e9503c6d16a00772ef9ccabffbe7b56341bf2d,38e9503c6d16a00772ef9ccabffbe7b56341bf2d,Exact corrected-source blob; target-wide compilation and relevant module suite apply. See server-port-evidence.md/client-port-evidence.md and WP04 compatibility evidence.
A,,tests/cards/sillyfication/Pothole.spec.ts,sillyfication,port-and-adapt,verified,be3a2dde307b539ca1178dedd59270fcca36cf98,be3a2dde307b539ca1178dedd59270fcca36cf98,Exact corrected-source blob; target-wide compilation and relevant module suite apply. See server-port-evidence.md/client-port-evidence.md and WP04 compatibility evidence.
A,,tests/cards/sillyfication/PreludeCloning.spec.ts,sillyfication,port-and-adapt,verified,e31ecbcc44bdb5534946a2fe68f9022f581ee430,e31ecbcc44bdb5534946a2fe68f9022f581ee430,Exact corrected-source blob; target-wide compilation and relevant module suite apply. See server-port-evidence.md/client-port-evidence.md and WP04 compatibility evidence.
A,,tests/cards/sillyfication/PreludeGambit.spec.ts,sillyfication,port-and-adapt,verified,bb44c7b082a7cdecc7f2377809c5b10f519b3fe3,bb44c7b082a7cdecc7f2377809c5b10f519b3fe3,Exact corrected-source blob; target-wide compilation and relevant module suite apply. See server-port-evidence.md/client-port-evidence.md and WP04 compatibility evidence.
A,,tests/cards/sillyfication/ProjectImitators.spec.ts,sillyfication,port-and-adapt,verified,f178031bbab147c5c56cc202abf901608eaedfda,f178031bbab147c5c56cc202abf901608eaedfda,Exact corrected-source blob; target-wide compilation and relevant module suite apply. See server-port-evidence.md/client-port-evidence.md and WP04 compatibility evidence.
A,,tests/cards/sillyfication/PureEnergy.spec.ts,sillyfication,port-and-adapt,verified,8ec7733125e3803283b2c0807cb1de1c11b1f56d,8ec7733125e3803283b2c0807cb1de1c11b1f56d,Exact corrected-source blob; target-wide compilation and relevant module suite apply. See server-port-evidence.md/client-port-evidence.md and WP04 compatibility evidence.
A,,tests/cards/sillyfication/RawEnergy.spec.ts,sillyfication,port-and-adapt,verified,965b5e3ead041287927d3ba6f0ca3c6b8fb42568,965b5e3ead041287927d3ba6f0ca3c6b8fb42568,Exact corrected-source blob; target-wide compilation and relevant module suite apply. See server-port-evidence.md/client-port-evidence.md and WP04 compatibility evidence.
A,,tests/cards/sillyfication/ResearchPhase.spec.ts,sillyfication,port-and-adapt,verified,429380928cac18b7dda532c981ae87e954a33f38,429380928cac18b7dda532c981ae87e954a33f38,Exact corrected-source blob; target-wide compilation and relevant module suite apply. See server-port-evidence.md/client-port-evidence.md and WP04 compatibility evidence.
A,,tests/cards/sillyfication/Robinitta.spec.ts,sillyfication,port-and-adapt,verified,a4b3604fd5caf125ea7dcb758456c57422882fab,a4b3604fd5caf125ea7dcb758456c57422882fab,Exact corrected-source blob; target-wide compilation and relevant module suite apply. See server-port-evidence.md/client-port-evidence.md and WP04 compatibility evidence.
A,,tests/cards/sillyfication/RotatingHands.spec.ts,sillyfication,port-and-adapt,verified,19975ec0346602de9bf8b340ba8396eaf57eb602,19975ec0346602de9bf8b340ba8396eaf57eb602,Exact corrected-source blob; target-wide compilation and relevant module suite apply. See server-port-evidence.md/client-port-evidence.md and WP04 compatibility evidence.
A,,tests/cards/sillyfication/RoundingError.spec.ts,sillyfication,port-and-adapt,verified,09c6fe5b498bd71197f7d8fb96a44aba21bee34b,09c6fe5b498bd71197f7d8fb96a44aba21bee34b,Exact corrected-source blob; target-wide compilation and relevant module suite apply. See server-port-evidence.md/client-port-evidence.md and WP04 compatibility evidence.
A,,tests/cards/sillyfication/SandClaim.spec.ts,sillyfication,port-and-adapt,verified,75a033ae5f19d3e4e03fe93a4bd5a8afb6986571,75a033ae5f19d3e4e03fe93a4bd5a8afb6986571,Exact corrected-source blob; target-wide compilation and relevant module suite apply. See server-port-evidence.md/client-port-evidence.md and WP04 compatibility evidence.
A,,tests/cards/sillyfication/ScaffoldingForever.spec.ts,sillyfication,port-and-adapt,verified,2a30ffa2212b7da26b731b47acd18f7692f38d29,2a30ffa2212b7da26b731b47acd18f7692f38d29,Exact corrected-source blob; target-wide compilation and relevant module suite apply. See server-port-evidence.md/client-port-evidence.md and WP04 compatibility evidence.
A,,tests/cards/sillyfication/SharedKnowledge.spec.ts,sillyfication,port-and-adapt,verified,2752d38fe23713b980979a696ae9037e0b7f0d5d,2752d38fe23713b980979a696ae9037e0b7f0d5d,Exact corrected-source blob; target-wide compilation and relevant module suite apply. See server-port-evidence.md/client-port-evidence.md and WP04 compatibility evidence.
A,,tests/cards/sillyfication/ShowAndTell.spec.ts,sillyfication,port-and-adapt,verified,dba68895ede52e5df4a3703fb0d2676af18e7b57,dba68895ede52e5df4a3703fb0d2676af18e7b57,Exact corrected-source blob; target-wide compilation and relevant module suite apply. See server-port-evidence.md/client-port-evidence.md and WP04 compatibility evidence.
A,,tests/cards/sillyfication/SignalUnion.spec.ts,sillyfication,port-and-adapt,verified,8041cc64b84e9f6f8ba8947bbd7952870d0b20a0,8041cc64b84e9f6f8ba8947bbd7952870d0b20a0,Exact corrected-source blob; target-wide compilation and relevant module suite apply. See server-port-evidence.md/client-port-evidence.md and WP04 compatibility evidence.
A,,tests/cards/sillyfication/SillyficationModule.spec.ts,sillyfication,port-and-adapt,verified,269493ee2e274d6150543bf0692438fb947ecafe,269493ee2e274d6150543bf0692438fb947ecafe,Exact corrected-source blob; target-wide compilation and relevant module suite apply. See server-port-evidence.md/client-port-evidence.md and WP04 compatibility evidence.
A,,tests/cards/sillyfication/SlashAndBurn.spec.ts,sillyfication,port-and-adapt,verified,c56b64e65a25391b204897afd166bcdb5f6b2f69,c56b64e65a25391b204897afd166bcdb5f6b2f69,Exact corrected-source blob; target-wide compilation and relevant module suite apply. See server-port-evidence.md/client-port-evidence.md and WP04 compatibility evidence.
A,,tests/cards/sillyfication/SlowStart.spec.ts,sillyfication,port-and-adapt,verified,678452a9af45ff9fd42cb417fc5c39e795fb25fd,678452a9af45ff9fd42cb417fc5c39e795fb25fd,Exact corrected-source blob; target-wide compilation and relevant module suite apply. See server-port-evidence.md/client-port-evidence.md and WP04 compatibility evidence.
A,,tests/cards/sillyfication/Slums.spec.ts,sillyfication,port-and-adapt,verified,5f9b44b734537b75e0714f30fca24075dc6195f1,5f9b44b734537b75e0714f30fca24075dc6195f1,Exact corrected-source blob; target-wide compilation and relevant module suite apply. See server-port-evidence.md/client-port-evidence.md and WP04 compatibility evidence.
A,,tests/cards/sillyfication/SmeltingPods.spec.ts,sillyfication,port-and-adapt,verified,678d6df3410daba726305c541cf94e0f3ea5c196,678d6df3410daba726305c541cf94e0f3ea5c196,Exact corrected-source blob; target-wide compilation and relevant module suite apply. See server-port-evidence.md/client-port-evidence.md and WP04 compatibility evidence.
A,,tests/cards/sillyfication/SomeAssemblyRequired.spec.ts,sillyfication,port-and-adapt,verified,32efc8e67ef8eeae77ecc62fcd05466f6b1b9982,32efc8e67ef8eeae77ecc62fcd05466f6b1b9982,Exact corrected-source blob; target-wide compilation and relevant module suite apply. See server-port-evidence.md/client-port-evidence.md and WP04 compatibility evidence.
A,,tests/cards/sillyfication/SpaceOffice.spec.ts,sillyfication,port-and-adapt,verified,fff7a197133339176a2826af6729c82df0aceb76,fff7a197133339176a2826af6729c82df0aceb76,Exact corrected-source blob; target-wide compilation and relevant module suite apply. See server-port-evidence.md/client-port-evidence.md and WP04 compatibility evidence.
A,,tests/cards/sillyfication/SpireTech.spec.ts,sillyfication,port-and-adapt,verified,ec68dacba28307b4f3a263f1c9686e8871b50b13,ec68dacba28307b4f3a263f1c9686e8871b50b13,Exact corrected-source blob; target-wide compilation and relevant module suite apply. See server-port-evidence.md/client-port-evidence.md and WP04 compatibility evidence.
A,,tests/cards/sillyfication/StartingTown.spec.ts,sillyfication,port-and-adapt,verified,71a65bf505e16c5c2aab12342cec2d6f46807a6b,71a65bf505e16c5c2aab12342cec2d6f46807a6b,Exact corrected-source blob; target-wide compilation and relevant module suite apply. See server-port-evidence.md/client-port-evidence.md and WP04 compatibility evidence.
A,,tests/cards/sillyfication/SteelPhobo.spec.ts,sillyfication,port-and-adapt,verified,27fe0c4ba3a1a2b3f5cfba8c1ba8d25a38374c6f,27fe0c4ba3a1a2b3f5cfba8c1ba8d25a38374c6f,Exact corrected-source blob; target-wide compilation and relevant module suite apply. See server-port-evidence.md/client-port-evidence.md and WP04 compatibility evidence.
A,,tests/cards/sillyfication/Swaperoo.spec.ts,sillyfication,port-and-adapt,verified,cdebed715fe00f1386ec2d0edf53d0275f10facf,cdebed715fe00f1386ec2d0edf53d0275f10facf,Exact corrected-source blob; target-wide compilation and relevant module suite apply. See server-port-evidence.md/client-port-evidence.md and WP04 compatibility evidence.
A,,tests/cards/sillyfication/Switcharoo.spec.ts,sillyfication,port-and-adapt,verified,5c2792e5268d5d92759cc15261b4253fe07a96b0,5c2792e5268d5d92759cc15261b4253fe07a96b0,Exact corrected-source blob; target-wide compilation and relevant module suite apply. See server-port-evidence.md/client-port-evidence.md and WP04 compatibility evidence.
A,,tests/cards/sillyfication/TagTaxer.spec.ts,sillyfication,port-and-adapt,verified,494d3549779c5418526d7f93c43afa0c35336959,494d3549779c5418526d7f93c43afa0c35336959,Exact corrected-source blob; target-wide compilation and relevant module suite apply. See server-port-evidence.md/client-port-evidence.md and WP04 compatibility evidence.
A,,tests/cards/sillyfication/TheSyndicate.spec.ts,sillyfication,port-and-adapt,verified,aa96dc32c305e105236248924a71473914c7f251,aa96dc32c305e105236248924a71473914c7f251,Exact corrected-source blob; target-wide compilation and relevant module suite apply. See server-port-evidence.md/client-port-evidence.md and WP04 compatibility evidence.
A,,tests/cards/sillyfication/ThermalForests.spec.ts,sillyfication,port-and-adapt,verified,af5433ea2d5f07cd801f1251e0250bff4aa9e19e,af5433ea2d5f07cd801f1251e0250bff4aa9e19e,Exact corrected-source blob; target-wide compilation and relevant module suite apply. See server-port-evidence.md/client-port-evidence.md and WP04 compatibility evidence.
A,,tests/cards/sillyfication/ThermalSmeltery.spec.ts,sillyfication,port-and-adapt,verified,f2469171d751909bd978cbe1536394edecd196c0,f2469171d751909bd978cbe1536394edecd196c0,Exact corrected-source blob; target-wide compilation and relevant module suite apply. See server-port-evidence.md/client-port-evidence.md and WP04 compatibility evidence.
A,,tests/cards/sillyfication/UndergroundWorms.spec.ts,sillyfication,port-and-adapt,verified,3c619e39682410efe47313995a64f5cca6321c8c,3c619e39682410efe47313995a64f5cca6321c8c,Exact corrected-source blob; target-wide compilation and relevant module suite apply. See server-port-evidence.md/client-port-evidence.md and WP04 compatibility evidence.
A,,tests/cards/sillyfication/UnpaidElectricityBill.spec.ts,sillyfication,port-and-adapt,verified,c5e74d4cb4174a34f1010b7c470c330bf8dcf687,c5e74d4cb4174a34f1010b7c470c330bf8dcf687,Exact corrected-source blob; target-wide compilation and relevant module suite apply. See server-port-evidence.md/client-port-evidence.md and WP04 compatibility evidence.
A,,tests/cards/sillyfication/UranusSeaCreatures.spec.ts,sillyfication,port-and-adapt,verified,d45fc0475e1563abfba192e3b4fb29ac9e73f209,d45fc0475e1563abfba192e3b4fb29ac9e73f209,Exact corrected-source blob; target-wide compilation and relevant module suite apply. See server-port-evidence.md/client-port-evidence.md and WP04 compatibility evidence.
A,,tests/cards/sillyfication/Venuphile.spec.ts,sillyfication,port-and-adapt,verified,1e7695076881c5ae77b0db8d003e832999139d21,1e7695076881c5ae77b0db8d003e832999139d21,Exact corrected-source blob; target-wide compilation and relevant module suite apply. See server-port-evidence.md/client-port-evidence.md and WP04 compatibility evidence.
A,,tests/cards/sillyfication/VenusVentures.spec.ts,sillyfication,port-and-adapt,verified,ae6b521f2a753d1d9a01c5eb109dedf36d5f2c74,ae6b521f2a753d1d9a01c5eb109dedf36d5f2c74,Exact corrected-source blob; target-wide compilation and relevant module suite apply. See server-port-evidence.md/client-port-evidence.md and WP04 compatibility evidence.
A,,tests/cards/sillyfication/VenusianBees.spec.ts,sillyfication,port-and-adapt,verified,594e12342ca3c9f5e43fc8fb65cce425f87cf0ee,594e12342ca3c9f5e43fc8fb65cce425f87cf0ee,Exact corrected-source blob; target-wide compilation and relevant module suite apply. See server-port-evidence.md/client-port-evidence.md and WP04 compatibility evidence.
A,,tests/cards/sillyfication/VenusianSubsidiary.spec.ts,sillyfication,port-and-adapt,verified,84dc5ad68bff7c97ab17fc14f79717d5a4a2abe8,84dc5ad68bff7c97ab17fc14f79717d5a4a2abe8,Exact corrected-source blob; target-wide compilation and relevant module suite apply. See server-port-evidence.md/client-port-evidence.md and WP04 compatibility evidence.
A,,tests/cards/sillyfication/VitorVitalis.spec.ts,sillyfication,port-and-adapt,verified,9d5952fcda566f6301e3174597e9d8b39ee87b2b,9d5952fcda566f6301e3174597e9d8b39ee87b2b,Exact corrected-source blob; target-wide compilation and relevant module suite apply. See server-port-evidence.md/client-port-evidence.md and WP04 compatibility evidence.
A,,tests/cards/sillyfication/VolcanicMinerals.spec.ts,sillyfication,port-and-adapt,verified,8ef9a1abeb54807505f70ec100f820af133a8621,8ef9a1abeb54807505f70ec100f820af133a8621,Exact corrected-source blob; target-wide compilation and relevant module suite apply. See server-port-evidence.md/client-port-evidence.md and WP04 compatibility evidence.
A,,tests/cards/sillyfication/WellnessDeluxe.spec.ts,sillyfication,port-and-adapt,verified,28e6fa9fe14abc82ce2dc8d81578e91ad677f56b,28e6fa9fe14abc82ce2dc8d81578e91ad677f56b,Exact corrected-source blob; target-wide compilation and relevant module suite apply. See server-port-evidence.md/client-port-evidence.md and WP04 compatibility evidence.
A,,tests/cards/sillyfication/ZetaTollkeeper.spec.ts,sillyfication,port-and-adapt,verified,745d003e50274e02918de58a5bf095018a05a102,745d003e50274e02918de58a5bf095018a05a102,Exact corrected-source blob; target-wide compilation and relevant module suite apply. See server-port-evidence.md/client-port-evidence.md and WP04 compatibility evidence.
A,,tests/cards/solaris/AceVeteranSquad.spec.ts,solaris,port-and-adapt,verified,3f3ebd248d51bf6e065711bae596348b547ac18d,3f3ebd248d51bf6e065711bae596348b547ac18d,Exact corrected-source blob; target-wide compilation and relevant module suite apply. See server-port-evidence.md/client-port-evidence.md and WP04 compatibility evidence.
A,,tests/cards/solaris/AntiFraudInvestigation.spec.ts,solaris,port-and-adapt,verified,00b2c74a9e007ae9f4e40b7efb32026eb75eab69,00b2c74a9e007ae9f4e40b7efb32026eb75eab69,Exact corrected-source blob; target-wide compilation and relevant module suite apply. See server-port-evidence.md/client-port-evidence.md and WP04 compatibility evidence.
A,,tests/cards/solaris/ArtificialMoon.spec.ts,solaris,port-and-adapt,verified,f50fa19ea009317ab524964264f16662d2b41bac,f50fa19ea009317ab524964264f16662d2b41bac,Exact corrected-source blob; target-wide compilation and relevant module suite apply. See server-port-evidence.md/client-port-evidence.md and WP04 compatibility evidence.
A,,tests/cards/solaris/AtmosphericCompressor.spec.ts,solaris,port-and-adapt,verified,d909da7f335933b2336ab34b0225aae478442919,d909da7f335933b2336ab34b0225aae478442919,Exact corrected-source blob; target-wide compilation and relevant module suite apply. See server-port-evidence.md/client-port-evidence.md and WP04 compatibility evidence.
A,,tests/cards/solaris/AwardCelebration.spec.ts,solaris,port-and-adapt,verified,b58b1202a110c9e35c2133705a1b807a2d47e909,b58b1202a110c9e35c2133705a1b807a2d47e909,Exact corrected-source blob; target-wide compilation and relevant module suite apply. See server-port-evidence.md/client-port-evidence.md and WP04 compatibility evidence.
A,,tests/cards/solaris/BionicAugmentations.spec.ts,solaris,port-and-adapt,verified,b5f1c1f32f5361c0a7da3a7d7a10e90fff7e0718,b5f1c1f32f5361c0a7da3a7d7a10e90fff7e0718,Exact corrected-source blob; target-wide compilation and relevant module suite apply. See server-port-evidence.md/client-port-evidence.md and WP04 compatibility evidence.
A,,tests/cards/solaris/Bribery.spec.ts,solaris,port-and-adapt,verified,d1053a28210b7c123a121abe7c7ae8e5b8744b0b,d1053a28210b7c123a121abe7c7ae8e5b8744b0b,Exact corrected-source blob; target-wide compilation and relevant module suite apply. See server-port-evidence.md/client-port-evidence.md and WP04 compatibility evidence.
A,,tests/cards/solaris/BuildingDeregulation.spec.ts,solaris,port-and-adapt,verified,1e74760b954a638870584483e46e1aeabf3b9729,1e74760b954a638870584483e46e1aeabf3b9729,Exact corrected-source blob; target-wide compilation and relevant module suite apply. See server-port-evidence.md/client-port-evidence.md and WP04 compatibility evidence.
A,,tests/cards/solaris/ColdFusionTechnology.spec.ts,solaris,port-and-adapt,verified,779bc421b0db2b7f361ffca72bfe187e4cb55590,779bc421b0db2b7f361ffca72bfe187e4cb55590,Exact corrected-source blob; target-wide compilation and relevant module suite apply. See server-port-evidence.md/client-port-evidence.md and WP04 compatibility evidence.
A,,tests/cards/solaris/CompanyNationalization.spec.ts,solaris,port-and-adapt,verified,2bdc26e85cd40e6cbc7bd1c2a43643a072b318c0,2bdc26e85cd40e6cbc7bd1c2a43643a072b318c0,Exact corrected-source blob; target-wide compilation and relevant module suite apply. See server-port-evidence.md/client-port-evidence.md and WP04 compatibility evidence.
A,,tests/cards/solaris/CondensationPlant.spec.ts,solaris,port-and-adapt,verified,18a5567fb0c6e8389f5487d91b13a030be6d479f,18a5567fb0c6e8389f5487d91b13a030be6d479f,Exact corrected-source blob; target-wide compilation and relevant module suite apply. See server-port-evidence.md/client-port-evidence.md and WP04 compatibility evidence.
A,,tests/cards/solaris/Cyborgs.spec.ts,solaris,port-and-adapt,verified,83c136bccb2c5a0b4d5a573c47eff1f854c5567f,83c136bccb2c5a0b4d5a573c47eff1f854c5567f,Exact corrected-source blob; target-wide compilation and relevant module suite apply. See server-port-evidence.md/client-port-evidence.md and WP04 compatibility evidence.
A,,tests/cards/solaris/EinsteinRosenGateway.spec.ts,solaris,port-and-adapt,verified,0a61db10a0799adedf200a74729074983289744b,0a61db10a0799adedf200a74729074983289744b,Exact corrected-source blob; target-wide compilation and relevant module suite apply. See server-port-evidence.md/client-port-evidence.md and WP04 compatibility evidence.
A,,tests/cards/solaris/EnergyAcquisition.spec.ts,solaris,port-and-adapt,verified,35866987d0d5f324e88ddfa19214694afe5a09e6,35866987d0d5f324e88ddfa19214694afe5a09e6,Exact corrected-source blob; target-wide compilation and relevant module suite apply. See server-port-evidence.md/client-port-evidence.md and WP04 compatibility evidence.
A,,tests/cards/solaris/ExtraplanetaryUrbanizator.spec.ts,solaris,port-and-adapt,verified,0a6268fa56d19a71ba58e863cfca78fd217e2761,0a6268fa56d19a71ba58e863cfca78fd217e2761,Exact corrected-source blob; target-wide compilation and relevant module suite apply. See server-port-evidence.md/client-port-evidence.md and WP04 compatibility evidence.
A,,tests/cards/solaris/FirstManMonument.spec.ts,solaris,port-and-adapt,verified,49e2b016aa9ebcf85246eda0222bf11730b8cd35,49e2b016aa9ebcf85246eda0222bf11730b8cd35,Exact corrected-source blob; target-wide compilation and relevant module suite apply. See server-port-evidence.md/client-port-evidence.md and WP04 compatibility evidence.
A,,tests/cards/solaris/Flagship.spec.ts,solaris,port-and-adapt,verified,17ccb600932f457a3a2438e18eead2328a482d91,17ccb600932f457a3a2438e18eead2328a482d91,Exact corrected-source blob; target-wide compilation and relevant module suite apply. See server-port-evidence.md/client-port-evidence.md and WP04 compatibility evidence.
A,,tests/cards/solaris/GalaxyDefenders.spec.ts,solaris,port-and-adapt,verified,274b977efd13a174d0db80d209a0af1331a401cb,274b977efd13a174d0db80d209a0af1331a401cb,Exact corrected-source blob; target-wide compilation and relevant module suite apply. See server-port-evidence.md/client-port-evidence.md and WP04 compatibility evidence.
A,,tests/cards/solaris/GiantIndustrialComplex.spec.ts,solaris,port-and-adapt,verified,90a2f2fd7eb43a61613ff6ff3d3d5881a486ee16,90a2f2fd7eb43a61613ff6ff3d3d5881a486ee16,Exact corrected-source blob; target-wide compilation and relevant module suite apply. See server-port-evidence.md/client-port-evidence.md and WP04 compatibility evidence.
A,,tests/cards/solaris/HypersonicFighters.spec.ts,solaris,port-and-adapt,verified,df337cab9f83218636f318a570f49704a0f11036,df337cab9f83218636f318a570f49704a0f11036,Exact corrected-source blob; target-wide compilation and relevant module suite apply. See server-port-evidence.md/client-port-evidence.md and WP04 compatibility evidence.
A,,tests/cards/solaris/ImmigrationBureau.spec.ts,solaris,port-and-adapt,verified,a65e3c3f9a0d1fd10c2454326af2739d5d936556,a65e3c3f9a0d1fd10c2454326af2739d5d936556,Exact corrected-source blob; target-wide compilation and relevant module suite apply. See server-port-evidence.md/client-port-evidence.md and WP04 compatibility evidence.
A,,tests/cards/solaris/ManagementCrisis.spec.ts,solaris,port-and-adapt,verified,4aee79812f26d3511db0cbe2a63f676668c0b6b8,4aee79812f26d3511db0cbe2a63f676668c0b6b8,Exact corrected-source blob; target-wide compilation and relevant module suite apply. See server-port-evidence.md/client-port-evidence.md and WP04 compatibility evidence.
A,,tests/cards/solaris/MarsAcademyOfPoliticalSciences.spec.ts,solaris,port-and-adapt,verified,8ebf5cdc343a94c485ed382b0cebc0de5af85d2a,8ebf5cdc343a94c485ed382b0cebc0de5af85d2a,Exact corrected-source blob; target-wide compilation and relevant module suite apply. See server-port-evidence.md/client-port-evidence.md and WP04 compatibility evidence.
A,,tests/cards/solaris/MartianAgriculture.spec.ts,solaris,port-and-adapt,verified,aafb70501aa2f772c9385180dd935126182edfc6,aafb70501aa2f772c9385180dd935126182edfc6,Exact corrected-source blob; target-wide compilation and relevant module suite apply. See server-port-evidence.md/client-port-evidence.md and WP04 compatibility evidence.
A,,tests/cards/solaris/MartianCensus.spec.ts,solaris,port-and-adapt,verified,3ca02163658ccd5768b5c8b416b316b25b867a2a,3ca02163658ccd5768b5c8b416b316b25b867a2a,Exact corrected-source blob; target-wide compilation and relevant module suite apply. See server-port-evidence.md/client-port-evidence.md and WP04 compatibility evidence.
A,,tests/cards/solaris/Mothership.spec.ts,solaris,port-and-adapt,verified,7ee01585903c1b9ee0a8caebcb59b7ee44ec2125,7ee01585903c1b9ee0a8caebcb59b7ee44ec2125,Exact corrected-source blob; target-wide compilation and relevant module suite apply. See server-port-evidence.md/client-port-evidence.md and WP04 compatibility evidence.
A,,tests/cards/solaris/OrbitalHydrogeologicCannon.spec.ts,solaris,port-and-adapt,verified,62547d9f1574eaf17a43d17c529b1f89e0eeb5d1,62547d9f1574eaf17a43d17c529b1f89e0eeb5d1,Exact corrected-source blob; target-wide compilation and relevant module suite apply. See server-port-evidence.md/client-port-evidence.md and WP04 compatibility evidence.
A,,tests/cards/solaris/PlanetaryCoreInductor.spec.ts,solaris,port-and-adapt,verified,6d6500f17034d92dd9f33cbb190c750cec03841e,6d6500f17034d92dd9f33cbb190c750cec03841e,Exact corrected-source blob; target-wide compilation and relevant module suite apply. See server-port-evidence.md/client-port-evidence.md and WP04 compatibility evidence.
A,,tests/cards/solaris/Plebiscite.spec.ts,solaris,port-and-adapt,verified,1906bcb2adf199dcfb3a4d5029ec81c52066b9c6,1906bcb2adf199dcfb3a4d5029ec81c52066b9c6,Exact corrected-source blob; target-wide compilation and relevant module suite apply. See server-port-evidence.md/client-port-evidence.md and WP04 compatibility evidence.
A,,tests/cards/solaris/PowerLinesHub.spec.ts,solaris,port-and-adapt,verified,2fc9c8349b668a53d3e001aacae2e720ffa3396f,2fc9c8349b668a53d3e001aacae2e720ffa3396f,Exact corrected-source blob; target-wide compilation and relevant module suite apply. See server-port-evidence.md/client-port-evidence.md and WP04 compatibility evidence.
A,,tests/cards/solaris/RedistributionOfWealth.spec.ts,solaris,port-and-adapt,verified,54416032f0ddfa45e950b5beb4ae2bb2c2345b1d,54416032f0ddfa45e950b5beb4ae2bb2c2345b1d,Exact corrected-source blob; target-wide compilation and relevant module suite apply. See server-port-evidence.md/client-port-evidence.md and WP04 compatibility evidence.
A,,tests/cards/solaris/SelfReplicatingRobotsSolaris.spec.ts,solaris,port-and-adapt,verified,d53551b2a5d533817e77f1d5f21b61953f66262e,d53551b2a5d533817e77f1d5f21b61953f66262e,Exact corrected-source blob; target-wide compilation and relevant module suite apply. See server-port-evidence.md/client-port-evidence.md and WP04 compatibility evidence.
A,,tests/cards/solaris/ShieldingDrones.spec.ts,solaris,port-and-adapt,verified,e8e53fc9902c3877992b9bfc4a79c73f5f2eef75,e8e53fc9902c3877992b9bfc4a79c73f5f2eef75,Exact corrected-source blob; target-wide compilation and relevant module suite apply. See server-port-evidence.md/client-port-evidence.md and WP04 compatibility evidence.
A,,tests/cards/solaris/Sideralis.spec.ts,solaris,port-and-adapt,verified,d09dc2ef7a629b0c43641ead8cf382ba0e1e6814,d09dc2ef7a629b0c43641ead8cf382ba0e1e6814,Exact corrected-source blob; target-wide compilation and relevant module suite apply. See server-port-evidence.md/client-port-evidence.md and WP04 compatibility evidence.
A,,tests/cards/solaris/SpaceTelescope.spec.ts,solaris,port-and-adapt,verified,0dd3c15a5d783c389d99fb4cfd26b592407830f8,0dd3c15a5d783c389d99fb4cfd26b592407830f8,Exact corrected-source blob; target-wide compilation and relevant module suite apply. See server-port-evidence.md/client-port-evidence.md and WP04 compatibility evidence.
A,,tests/cards/solaris/StellarEngine.spec.ts,solaris,port-and-adapt,verified,f5cb1d1a76f0d833ded80e8cebc32aa8d408957d,f5cb1d1a76f0d833ded80e8cebc32aa8d408957d,Exact corrected-source blob; target-wide compilation and relevant module suite apply. See server-port-evidence.md/client-port-evidence.md and WP04 compatibility evidence.
A,,tests/cards/solaris/Stellatron.spec.ts,solaris,port-and-adapt,verified,aec9f56066b72a6901f0949abe3501ac8c0b9496,aec9f56066b72a6901f0949abe3501ac8c0b9496,Exact corrected-source blob; target-wide compilation and relevant module suite apply. See server-port-evidence.md/client-port-evidence.md and WP04 compatibility evidence.
A,,tests/cards/solaris/StrongArtificialIntelligence.spec.ts,solaris,port-and-adapt,verified,cbc6038c64f0acc91ebad217e6bc994b761fd5ae,cbc6038c64f0acc91ebad217e6bc994b761fd5ae,Exact corrected-source blob; target-wide compilation and relevant module suite apply. See server-port-evidence.md/client-port-evidence.md and WP04 compatibility evidence.
A,,tests/cards/solaris/SynergisticForests.spec.ts,solaris,port-and-adapt,verified,43eaf72c8b489c37ca1b67881539662ea1f103c8,43eaf72c8b489c37ca1b67881539662ea1f103c8,Exact corrected-source blob; target-wide compilation and relevant module suite apply. See server-port-evidence.md/client-port-evidence.md and WP04 compatibility evidence.
A,,tests/cards/solaris/SyntheticBrainCells.spec.ts,solaris,port-and-adapt,verified,3df9f3b6f6b0ac36332163b91b428d39bec08eff,3df9f3b6f6b0ac36332163b91b428d39bec08eff,Exact corrected-source blob; target-wide compilation and relevant module suite apply. See server-port-evidence.md/client-port-evidence.md and WP04 compatibility evidence.
A,,tests/cards/solaris/SyntheticGargantuaTrees.spec.ts,solaris,port-and-adapt,verified,e9c3532d7a0a038bae1f53b1d3cd50fed30fe974,e9c3532d7a0a038bae1f53b1d3cd50fed30fe974,Exact corrected-source blob; target-wide compilation and relevant module suite apply. See server-port-evidence.md/client-port-evidence.md and WP04 compatibility evidence.
A,,tests/cards/solaris/TerrainLease.spec.ts,solaris,port-and-adapt,verified,463b3d6723f4c4ef44f56d23d546e7c104832d32,463b3d6723f4c4ef44f56d23d546e7c104832d32,Exact corrected-source blob; target-wide compilation and relevant module suite apply. See server-port-evidence.md/client-port-evidence.md and WP04 compatibility evidence.
A,,tests/cards/solaris/TradeAgreements.spec.ts,solaris,port-and-adapt,verified,9f2dba5e6624d6d425723856ef5169b5a36749b9,9f2dba5e6624d6d425723856ef5169b5a36749b9,Exact corrected-source blob; target-wide compilation and relevant module suite apply. See server-port-evidence.md/client-port-evidence.md and WP04 compatibility evidence.
A,,tests/cards/solaris/WanderingStationHermes.spec.ts,solaris,port-and-adapt,verified,23d32d8debddb4042568f315f1eda1e489f9fd9a,23d32d8debddb4042568f315f1eda1e489f9fd9a,Exact corrected-source blob; target-wide compilation and relevant module suite apply. See server-port-evidence.md/client-port-evidence.md and WP04 compatibility evidence.
A,,tests/cards/solaris/WasteIncinerator.spec.ts,solaris,port-and-adapt,verified,33403afe8f5f675c824c5fdbfc883b89155f083e,33403afe8f5f675c824c5fdbfc883b89155f083e,Exact corrected-source blob; target-wide compilation and relevant module suite apply. See server-port-evidence.md/client-port-evidence.md and WP04 compatibility evidence.
A,,tests/cards/solaris/WishMachine.spec.ts,solaris,port-and-adapt,verified,8b16ae4586a9d3124be6dfeda992ad0f439399a1,8b16ae4586a9d3124be6dfeda992ad0f439399a1,Exact corrected-source blob; target-wide compilation and relevant module suite apply. See server-port-evidence.md/client-port-evidence.md and WP04 compatibility evidence.
M,,tests/cards/venusNext/AerosportTournament.spec.ts,existing-card-interactions-and-rendering,port-and-adapt,verified,61c914b1d0e17be4135208d9933d73dbe76bf064,61c914b1d0e17be4135208d9933d73dbe76bf064,Exact corrected-source blob; target-wide compilation and relevant module suite apply. See server-port-evidence.md/client-port-evidence.md and WP04 compatibility evidence.
M,,tests/cards/venusNext/MaxwellBase.spec.ts,existing-card-interactions-and-rendering,port-and-adapt,verified,0cb01b0f8a393be66101402eeaad04d2d608ba92,0cb01b0f8a393be66101402eeaad04d2d608ba92,Exact corrected-source blob; target-wide compilation and relevant module suite apply. See server-port-evidence.md/client-port-evidence.md and WP04 compatibility evidence.
M,,tests/cards/venusNext/Stratopolis.spec.ts,existing-card-interactions-and-rendering,port-and-adapt,verified,995daada6414ddca4dc4741632fe015ee11f845e,995daada6414ddca4dc4741632fe015ee11f845e,Exact corrected-source blob; target-wide compilation and relevant module suite apply. See server-port-evidence.md/client-port-evidence.md and WP04 compatibility evidence.
A,,tests/cards/venusPhase2/AlphaRegioIncubators.spec.ts,venusPhase2,port-and-adapt,verified,18a98e618e9086b282fcf8c80ca32d0310f50a51,18a98e618e9086b282fcf8c80ca32d0310f50a51,Exact corrected-source blob; target-wide compilation and relevant module suite apply. See server-port-evidence.md/client-port-evidence.md and WP04 compatibility evidence.
A,,tests/cards/venusPhase2/AphroditeShuttleBase.spec.ts,venusPhase2,port-and-adapt,verified,b9bcd9e83dc36c0465f1059d3db538473b93b2f1,b9bcd9e83dc36c0465f1059d3db538473b93b2f1,Exact corrected-source blob; target-wide compilation and relevant module suite apply. See server-port-evidence.md/client-port-evidence.md and WP04 compatibility evidence.
A,,tests/cards/venusPhase2/ArgonMine.spec.ts,venusPhase2,port-and-adapt,verified,a88e951c0dc705ec079478ed9f35d926a61c7802,a88e951c0dc705ec079478ed9f35d926a61c7802,Exact corrected-source blob; target-wide compilation and relevant module suite apply. See server-port-evidence.md/client-port-evidence.md and WP04 compatibility evidence.
A,,tests/cards/venusPhase2/AtmoSequester.spec.ts,venusPhase2,port-and-adapt,verified,96df96f54ee4efdad5fae446ca1edc6df59d3b29,96df96f54ee4efdad5fae446ca1edc6df59d3b29,Exact corrected-source blob; target-wide compilation and relevant module suite apply. See server-port-evidence.md/client-port-evidence.md and WP04 compatibility evidence.
A,,tests/cards/venusPhase2/BioWasteReactor.spec.ts,venusPhase2,port-and-adapt,verified,887ceeb7f09fc7143f192e00ea2cd1d76971feaf,887ceeb7f09fc7143f192e00ea2cd1d76971feaf,Exact corrected-source blob; target-wide compilation and relevant module suite apply. See server-port-evidence.md/client-port-evidence.md and WP04 compatibility evidence.
A,,tests/cards/venusPhase2/CallistoDockingStation.spec.ts,venusPhase2,port-and-adapt,verified,0a4acc0d2b47eb77291fa8eafb881f9689acaf33,0a4acc0d2b47eb77291fa8eafb881f9689acaf33,Exact corrected-source blob; target-wide compilation and relevant module suite apply. See server-port-evidence.md/client-port-evidence.md and WP04 compatibility evidence.
A,,tests/cards/venusPhase2/CloudCityStandardProject.spec.ts,venusPhase2,port-and-adapt,verified,e0e735f3827bf8307689b30465bd00b8afdc1e8f,e0e735f3827bf8307689b30465bd00b8afdc1e8f,Exact corrected-source blob; target-wide compilation and relevant module suite apply. See server-port-evidence.md/client-port-evidence.md and WP04 compatibility evidence.
A,,tests/cards/venusPhase2/ComputationalBiology.spec.ts,venusPhase2,port-and-adapt,verified,085c47c9a91b60096921be62796fb957e873b8a9,085c47c9a91b60096921be62796fb957e873b8a9,Exact corrected-source blob; target-wide compilation and relevant module suite apply. See server-port-evidence.md/client-port-evidence.md and WP04 compatibility evidence.
A,,tests/cards/venusPhase2/CoolingPillars.spec.ts,venusPhase2,port-and-adapt,verified,cb9af6059034362169098dc4f2641b9d163c4635,cb9af6059034362169098dc4f2641b9d163c4635,Exact corrected-source blob; target-wide compilation and relevant module suite apply. See server-port-evidence.md/client-port-evidence.md and WP04 compatibility evidence.
A,,tests/cards/venusPhase2/DysonHarropSatellite.spec.ts,venusPhase2,port-and-adapt,verified,4cd58428eae8f937cd3836ead4170d54cd6c9384,4cd58428eae8f937cd3836ead4170d54cd6c9384,Exact corrected-source blob; target-wide compilation and relevant module suite apply. See server-port-evidence.md/client-port-evidence.md and WP04 compatibility evidence.
A,,tests/cards/venusPhase2/FloaterArrayStandardProject.spec.ts,venusPhase2,port-and-adapt,verified,236fe2901dcb4d6a959cf5c7ecfa5d6449ac81e6,236fe2901dcb4d6a959cf5c7ecfa5d6449ac81e6,Exact corrected-source blob; target-wide compilation and relevant module suite apply. See server-port-evidence.md/client-port-evidence.md and WP04 compatibility evidence.
A,,tests/cards/venusPhase2/FloaterFactory.spec.ts,venusPhase2,port-and-adapt,verified,b425177261b93c88342a22e9cca47e787495a489,b425177261b93c88342a22e9cca47e787495a489,Exact corrected-source blob; target-wide compilation and relevant module suite apply. See server-port-evidence.md/client-port-evidence.md and WP04 compatibility evidence.
A,,tests/cards/venusPhase2/GasMineStandardProject.spec.ts,venusPhase2,port-and-adapt,verified,715053a50d3c50f534118ad3e4f9824d14919278,b5e8539c55dca7908cda70b7f458f572af829062,Adapted source delta on target; retain custom contracts. See server-port-evidence.md; server regression suite and WP04 save/input/replay checks.
A,,tests/cards/venusPhase2/GasTurbines.spec.ts,venusPhase2,port-and-adapt,verified,9a94017902733b376a466231483afd0089a3cc93,9a94017902733b376a466231483afd0089a3cc93,Exact corrected-source blob; target-wide compilation and relevant module suite apply. See server-port-evidence.md/client-port-evidence.md and WP04 compatibility evidence.
A,,tests/cards/venusPhase2/HeatTrappersNetwork.spec.ts,venusPhase2,port-and-adapt,verified,3ffb79bb64f9bc1d9ccd33575afe7a405c51888b,3ffb79bb64f9bc1d9ccd33575afe7a405c51888b,Exact corrected-source blob; target-wide compilation and relevant module suite apply. See server-port-evidence.md/client-port-evidence.md and WP04 compatibility evidence.
A,,tests/cards/venusPhase2/HighPressureSuits.spec.ts,venusPhase2,port-and-adapt,verified,6f91ec977eb0ffbd73efb85d8dfbe3b64157bcdd,6f91ec977eb0ffbd73efb85d8dfbe3b64157bcdd,Exact corrected-source blob; target-wide compilation and relevant module suite apply. See server-port-evidence.md/client-port-evidence.md and WP04 compatibility evidence.
A,,tests/cards/venusPhase2/ImprovedFloatingSystems.spec.ts,venusPhase2,port-and-adapt,verified,5d72a7f57189f5f0847ad15e64749e812aeaf7c4,5d72a7f57189f5f0847ad15e64749e812aeaf7c4,Exact corrected-source blob; target-wide compilation and relevant module suite apply. See server-port-evidence.md/client-port-evidence.md and WP04 compatibility evidence.
A,,tests/cards/venusPhase2/InSituResourceUtilization.spec.ts,venusPhase2,port-and-adapt,verified,cfc64608778f0c2eddb0320e4d160505e456e139,cfc64608778f0c2eddb0320e4d160505e456e139,Exact corrected-source blob; target-wide compilation and relevant module suite apply. See server-port-evidence.md/client-port-evidence.md and WP04 compatibility evidence.
A,,tests/cards/venusPhase2/InterplanetaryRoutes.spec.ts,venusPhase2,port-and-adapt,verified,c4e6e0c80a2f33f2cc5435c0072b5be264aad4d2,c4e6e0c80a2f33f2cc5435c0072b5be264aad4d2,Exact corrected-source blob; target-wide compilation and relevant module suite apply. See server-port-evidence.md/client-port-evidence.md and WP04 compatibility evidence.
A,,tests/cards/venusPhase2/IonicThrustersSupport.spec.ts,venusPhase2,port-and-adapt,verified,fc7a68161d3802e5b4dc29c65396e1eeb917ea96,fc7a68161d3802e5b4dc29c65396e1eeb917ea96,Exact corrected-source blob; target-wide compilation and relevant module suite apply. See server-port-evidence.md/client-port-evidence.md and WP04 compatibility evidence.
A,,tests/cards/venusPhase2/IshtarEnergyNetwork.spec.ts,venusPhase2,port-and-adapt,verified,521682bc11e84cfb934eb1b1d68595b5bc1e9388,521682bc11e84cfb934eb1b1d68595b5bc1e9388,Exact corrected-source blob; target-wide compilation and relevant module suite apply. See server-port-evidence.md/client-port-evidence.md and WP04 compatibility evidence.
A,,tests/cards/venusPhase2/IshtarOrbitingAcademy.spec.ts,venusPhase2,port-and-adapt,verified,c1060439d97c6f0e47a1bdbefa3fb6fc4c453186,c1060439d97c6f0e47a1bdbefa3fb6fc4c453186,Exact corrected-source blob; target-wide compilation and relevant module suite apply. See server-port-evidence.md/client-port-evidence.md and WP04 compatibility evidence.
A,,tests/cards/venusPhase2/KryptonMine.spec.ts,venusPhase2,port-and-adapt,verified,c59365874827f75c173c9687491957ee791d3f46,c59365874827f75c173c9687491957ee791d3f46,Exact corrected-source blob; target-wide compilation and relevant module suite apply. See server-port-evidence.md/client-port-evidence.md and WP04 compatibility evidence.
A,,tests/cards/venusPhase2/Menagerie.spec.ts,venusPhase2,port-and-adapt,verified,6c3db113c1440bd5af724f660551d8e1e7f800ae,6c3db113c1440bd5af724f660551d8e1e7f800ae,Exact corrected-source blob; target-wide compilation and relevant module suite apply. See server-port-evidence.md/client-port-evidence.md and WP04 compatibility evidence.
A,,tests/cards/venusPhase2/ModularQuarters.spec.ts,venusPhase2,port-and-adapt,verified,23154722c2ad412badae07ffb5861d48ea77d571,23154722c2ad412badae07ffb5861d48ea77d571,Exact corrected-source blob; target-wide compilation and relevant module suite apply. See server-port-evidence.md/client-port-evidence.md and WP04 compatibility evidence.
A,,tests/cards/venusPhase2/NativeMicrofauna.spec.ts,venusPhase2,port-and-adapt,verified,211253734e087daeb3afa83fcdbeb30b6dd090d1,211253734e087daeb3afa83fcdbeb30b6dd090d1,Exact corrected-source blob; target-wide compilation and relevant module suite apply. See server-port-evidence.md/client-port-evidence.md and WP04 compatibility evidence.
A,,tests/cards/venusPhase2/NegativeMassFluids.spec.ts,venusPhase2,port-and-adapt,verified,7e095c49392b0bddfd6485b7d0e4f1dc9c416a46,7e095c49392b0bddfd6485b7d0e4f1dc9c416a46,Exact corrected-source blob; target-wide compilation and relevant module suite apply. See server-port-evidence.md/client-port-evidence.md and WP04 compatibility evidence.
A,,tests/cards/venusPhase2/NewAlexandria.spec.ts,venusPhase2,port-and-adapt,verified,18c101f5b4c51b7919b8514c9c32da59f18135c9,18c101f5b4c51b7919b8514c9c32da59f18135c9,Exact corrected-source blob; target-wide compilation and relevant module suite apply. See server-port-evidence.md/client-port-evidence.md and WP04 compatibility evidence.
A,,tests/cards/venusPhase2/NewAthens.spec.ts,venusPhase2,port-and-adapt,verified,24091867924bf1cbeed0bef44180f9edf2955978,24091867924bf1cbeed0bef44180f9edf2955978,Exact corrected-source blob; target-wide compilation and relevant module suite apply. See server-port-evidence.md/client-port-evidence.md and WP04 compatibility evidence.
A,,tests/cards/venusPhase2/NewBabylon.spec.ts,venusPhase2,port-and-adapt,verified,e1618e423d0d291052c1fecb0b98893edb9d7826,e1618e423d0d291052c1fecb0b98893edb9d7826,Exact corrected-source blob; target-wide compilation and relevant module suite apply. See server-port-evidence.md/client-port-evidence.md and WP04 compatibility evidence.
A,,tests/cards/venusPhase2/NewRome.spec.ts,venusPhase2,port-and-adapt,verified,90d0acfedbff6b99927b99323b6a55d2691c24ef,90d0acfedbff6b99927b99323b6a55d2691c24ef,Exact corrected-source blob; target-wide compilation and relevant module suite apply. See server-port-evidence.md/client-port-evidence.md and WP04 compatibility evidence.
A,,tests/cards/venusPhase2/Outskirts.spec.ts,venusPhase2,port-and-adapt,verified,1aae2ed60e0d41d3c2c0949c5a2f08d63a63d5c4,1aae2ed60e0d41d3c2c0949c5a2f08d63a63d5c4,Exact corrected-source blob; target-wide compilation and relevant module suite apply. See server-port-evidence.md/client-port-evidence.md and WP04 compatibility evidence.
A,,tests/cards/venusPhase2/OvdaRegioMassDriver.spec.ts,venusPhase2,port-and-adapt,verified,35b565947903e0114cb0e1d2ce1fe9fa1773a3d4,35b565947903e0114cb0e1d2ce1fe9fa1773a3d4,Exact corrected-source blob; target-wide compilation and relevant module suite apply. See server-port-evidence.md/client-port-evidence.md and WP04 compatibility evidence.
A,,tests/cards/venusPhase2/PollutionControl.spec.ts,venusPhase2,port-and-adapt,verified,380942838c1197ce4f6d8b64728a16c8a6b2620c,380942838c1197ce4f6d8b64728a16c8a6b2620c,Exact corrected-source blob; target-wide compilation and relevant module suite apply. See server-port-evidence.md/client-port-evidence.md and WP04 compatibility evidence.
A,,tests/cards/venusPhase2/RadonMine.spec.ts,venusPhase2,port-and-adapt,verified,eb8fd7047229bb4e1b1e4768f1102b8681600698,eb8fd7047229bb4e1b1e4768f1102b8681600698,Exact corrected-source blob; target-wide compilation and relevant module suite apply. See server-port-evidence.md/client-port-evidence.md and WP04 compatibility evidence.
A,,tests/cards/venusPhase2/SisterColonies.spec.ts,venusPhase2,port-and-adapt,verified,ed283c43c0829b65f5040bfa33a499193093c893,ed283c43c0829b65f5040bfa33a499193093c893,Exact corrected-source blob; target-wide compilation and relevant module suite apply. See server-port-evidence.md/client-port-evidence.md and WP04 compatibility evidence.
A,,tests/cards/venusPhase2/SolarWindTrap.spec.ts,venusPhase2,port-and-adapt,verified,dd75c94c303169d2a2319dfce060fcb1ab90a78e,dd75c94c303169d2a2319dfce060fcb1ab90a78e,Exact corrected-source blob; target-wide compilation and relevant module suite apply. See server-port-evidence.md/client-port-evidence.md and WP04 compatibility evidence.
A,,tests/cards/venusPhase2/StarwindIITradeship.spec.ts,venusPhase2,port-and-adapt,verified,33040c14d5ed1cb6546ba5d643ea23ee5ec3d26c,33040c14d5ed1cb6546ba5d643ea23ee5ec3d26c,Exact corrected-source blob; target-wide compilation and relevant module suite apply. See server-port-evidence.md/client-port-evidence.md and WP04 compatibility evidence.
A,,tests/cards/venusPhase2/SurveyorsTeam.spec.ts,venusPhase2,port-and-adapt,verified,953106fb55ed80a442c0817e8a99ea4e7f0c43b3,953106fb55ed80a442c0817e8a99ea4e7f0c43b3,Exact corrected-source blob; target-wide compilation and relevant module suite apply. See server-port-evidence.md/client-port-evidence.md and WP04 compatibility evidence.
A,,tests/cards/venusPhase2/SyntheticBiology.spec.ts,venusPhase2,port-and-adapt,verified,355d6f9d0eb8f80e6a7e46a0a641811404431364,355d6f9d0eb8f80e6a7e46a0a641811404431364,Exact corrected-source blob; target-wide compilation and relevant module suite apply. See server-port-evidence.md/client-port-evidence.md and WP04 compatibility evidence.
A,,tests/cards/venusPhase2/TransmissionTowers.spec.ts,venusPhase2,port-and-adapt,verified,5c9219d3cda4ece50eb02f99c1615446d764fc45,5c9219d3cda4ece50eb02f99c1615446d764fc45,Exact corrected-source blob; target-wide compilation and relevant module suite apply. See server-port-evidence.md/client-port-evidence.md and WP04 compatibility evidence.
A,,tests/cards/venusPhase2/VenusAircraftHaven.spec.ts,venusPhase2,port-and-adapt,verified,8c31fdfe8a77bdb5a9f167b4b19d19828dc63bed,8c31fdfe8a77bdb5a9f167b4b19d19828dc63bed,Exact corrected-source blob; target-wide compilation and relevant module suite apply. See server-port-evidence.md/client-port-evidence.md and WP04 compatibility evidence.
A,,tests/cards/venusPhase2/VenusKickstarting.spec.ts,venusPhase2,port-and-adapt,verified,5d599a87f9ddf15a846c7a5ff94a604810fe058f,5d599a87f9ddf15a846c7a5ff94a604810fe058f,Exact corrected-source blob; target-wide compilation and relevant module suite apply. See server-port-evidence.md/client-port-evidence.md and WP04 compatibility evidence.
A,,tests/cards/venusPhase2/VenusTradeship.spec.ts,venusPhase2,port-and-adapt,verified,27559505d0483a8adc18853654d942c005b88423,27559505d0483a8adc18853654d942c005b88423,Exact corrected-source blob; target-wide compilation and relevant module suite apply. See server-port-evidence.md/client-port-evidence.md and WP04 compatibility evidence.
A,,tests/cards/venusPhase2/VenusianInfrastructures.spec.ts,venusPhase2,port-and-adapt,verified,65725bd6eacce19fb514153ea5216ebe7c47b164,65725bd6eacce19fb514153ea5216ebe7c47b164,Exact corrected-source blob; target-wide compilation and relevant module suite apply. See server-port-evidence.md/client-port-evidence.md and WP04 compatibility evidence.
A,,tests/cards/venusPhase2/VenusianResearchCommittee.spec.ts,venusPhase2,port-and-adapt,verified,81390d395b68d320154706bcd912aab76111a46f,81390d395b68d320154706bcd912aab76111a46f,Exact corrected-source blob; target-wide compilation and relevant module suite apply. See server-port-evidence.md/client-port-evidence.md and WP04 compatibility evidence.
A,,tests/cards/venusPhase2/VenusianWanderer.spec.ts,venusPhase2,port-and-adapt,verified,c06ae7290ce860ed98b2547b90d8fe0b2f2e9ca1,c06ae7290ce860ed98b2547b90d8fe0b2f2e9ca1,Exact corrected-source blob; target-wide compilation and relevant module suite apply. See server-port-evidence.md/client-port-evidence.md and WP04 compatibility evidence.
A,,tests/cards/venusPhase2/XenonMine.spec.ts,venusPhase2,port-and-adapt,verified,d3b076132aaddd57ef6dcbb863aefa0bc3b9e2dd,d3b076132aaddd57ef6dcbb863aefa0bc3b9e2dd,Exact corrected-source blob; target-wide compilation and relevant module suite apply. See server-port-evidence.md/client-port-evidence.md and WP04 compatibility evidence.
M,,tests/client/components/App.spec.ts,custom-ui-integration-and-assets,port-and-adapt,verified,cac3e04cbf07aeacdc12a8cf25b5f7ea0b4423ff,5f1b55ac18bb5ab494488c0b69d1b46f7207a7d2,Adapted source delta on target; retain custom contracts. See client-port-evidence.md; desktop/mobile smoke and 999 client tests.
M,,tests/client/components/Award.spec.ts,custom-ui-integration-and-assets,port-and-adapt,verified,e68a9c51298e4688e856b9d667e617a4e6010688,87c5a97162eb56a0997c3e7f0dcc1a934d6eab5e,Adapted source delta on target; retain custom contracts. See client-port-evidence.md; desktop/mobile smoke and 999 client tests.
M,,tests/client/components/Awards.spec.ts,custom-ui-integration-and-assets,port-and-adapt,verified,d06b1cc04bcac84b67c5c1c677b13f37cd45d66d,75d75aa6b3db81a628c781435f53c6b160e860d9,Adapted source delta on target; retain custom contracts. See client-port-evidence.md; desktop/mobile smoke and 999 client tests.
M,,tests/client/components/Board.spec.ts,custom-ui-integration-and-assets,port-and-adapt,verified,6b8dfa4915b37156ac89965a809c6caea7135068,6b8dfa4915b37156ac89965a809c6caea7135068,Exact corrected-source blob; target-wide compilation and relevant module suite apply. See server-port-evidence.md/client-port-evidence.md and WP04 compatibility evidence.
M,,tests/client/components/Bonus.spec.ts,custom-ui-integration-and-assets,port-and-adapt,verified,082a69c5cb9c56b994d90fd356b7d3bc624beba6,082a69c5cb9c56b994d90fd356b7d3bc624beba6,Exact corrected-source blob; target-wide compilation and relevant module suite apply. See server-port-evidence.md/client-port-evidence.md and WP04 compatibility evidence.
M,,tests/client/components/GameEnd.spec.ts,custom-ui-integration-and-assets,port-and-adapt,verified,82b0b1f440e71a82c1e12a8472f6b0eab5442187,749bcca8cd636d1502442b4e709c8f5c7892a6e9,Adapted source delta on target; retain custom contracts. See client-port-evidence.md; desktop/mobile smoke and 999 client tests.
M,,tests/client/components/GameSetupDetail.spec.ts,custom-ui-integration-and-assets,port-and-adapt,verified,3ba56d9ecdac256a8b1fe3dbc205ea1fc1c6e65e,b59b8bc1ca5a4fe35aab9949ee9e837be76daac9,Adapted source delta on target; retain custom contracts. See client-port-evidence.md; desktop/mobile smoke and 999 client tests.
A,,tests/client/components/MapEditor.spec.ts,maps-editors-and-tracks,port-and-adapt,verified,becad7375d88dede5ecd84254c7efee10fb798e2,becad7375d88dede5ecd84254c7efee10fb798e2,Exact corrected-source blob; target-wide compilation and relevant module suite apply. See server-port-evidence.md/client-port-evidence.md and WP04 compatibility evidence.
M,,tests/client/components/Milestone.spec.ts,custom-ui-integration-and-assets,port-and-adapt,verified,1f7da2123490ea02035dac4d7a214c36c2dedf28,29325eabe7fb82209194840673d207efaa9a10a9,Adapted source delta on target; retain custom contracts. See client-port-evidence.md; desktop/mobile smoke and 999 client tests.
M,,tests/client/components/Milestones.spec.ts,custom-ui-integration-and-assets,port-and-adapt,verified,498cd4295383bd34c28cdab0c8165ff2579be3c7,669da1afb7c464896feb6f9763d84f6b1b07bd69,Adapted source delta on target; retain custom contracts. See client-port-evidence.md; desktop/mobile smoke and 999 client tests.
M,,tests/client/components/SelectProjectCardToPlay.spec.ts,custom-ui-integration-and-assets,port-and-adapt,verified,5f4833a4e6eb70a86284ff048d38f7953ddb604c,0bb246667bcc75ee01ddaf25084e327dff1b94da,Adapted source delta on target; retain custom contracts. See client-port-evidence.md; desktop/mobile smoke and 999 client tests.
A,,tests/client/components/SimpleMapEditor.spec.ts,maps-editors-and-tracks,port-and-adapt,verified,0eccca5048fb3d2ae2bad17a0ce56aeca7923f19,0eccca5048fb3d2ae2bad17a0ce56aeca7923f19,Exact corrected-source blob; target-wide compilation and relevant module suite apply. See server-port-evidence.md/client-port-evidence.md and WP04 compatibility evidence.
M,,tests/client/components/admin/GameOverview.spec.ts,unrelated-administrative-controls,retain-target,verified,e16ac1bdeaa82d97ddfccaad16957d498e9a67a2,eedcd6bfdbf6d9109ee6123ce961b844029be90d,"Source delta adds purge/admin display controls, not game mechanics; preserve target archive/history and admin UI. See target-contracts.md item 4."
M,,tests/client/components/card/Card.spec.ts,custom-ui-integration-and-assets,port-and-adapt,verified,9e985bbf3d88569a13d086be5ccce00d46650bfe,b185fcb17d7723f5ac29c4080cfb38684264cdd2,Adapted source delta on target; retain custom contracts. See client-port-evidence.md; desktop/mobile smoke and 999 client tests.
M,,tests/client/components/card/CardCorporationLogo.spec.ts,custom-ui-integration-and-assets,port-and-adapt,verified,682d0617605df6c106b82a4bf9f673fe3e48f609,682d0617605df6c106b82a4bf9f673fe3e48f609,Exact corrected-source blob; target-wide compilation and relevant module suite apply. See server-port-evidence.md/client-port-evidence.md and WP04 compatibility evidence.
M,,tests/client/components/card/CardExtraContent.spec.ts,custom-ui-integration-and-assets,port-and-adapt,verified,64e58a8aca0f2af7be339b5b32a0110a47003426,64e58a8aca0f2af7be339b5b32a0110a47003426,Exact corrected-source blob; target-wide compilation and relevant module suite apply. See server-port-evidence.md/client-port-evidence.md and WP04 compatibility evidence.
M,,tests/client/components/card/CardRenderCorpBoxComponent.spec.ts,custom-ui-integration-and-assets,port-and-adapt,verified,719a7a2438b9ed46afe703676d92db3372665111,719a7a2438b9ed46afe703676d92db3372665111,Exact corrected-source blob; target-wide compilation and relevant module suite apply. See server-port-evidence.md/client-port-evidence.md and WP04 compatibility evidence.
M,,tests/client/components/card/CardRequirementComponent.spec.ts,custom-ui-integration-and-assets,port-and-adapt,verified,65169001de328e2e5cdc8c0256d7fc8c76e66da9,65169001de328e2e5cdc8c0256d7fc8c76e66da9,Exact corrected-source blob; target-wide compilation and relevant module suite apply. See server-port-evidence.md/client-port-evidence.md and WP04 compatibility evidence.
M,,tests/client/components/card/CardTags.spec.ts,custom-ui-integration-and-assets,port-and-adapt,verified,7e370116a08104f8b57679b586d6b623914a158a,7e370116a08104f8b57679b586d6b623914a158a,Exact corrected-source blob; target-wide compilation and relevant module suite apply. See server-port-evidence.md/client-port-evidence.md and WP04 compatibility evidence.
M,,tests/client/components/card/CardTitle.spec.ts,custom-ui-integration-and-assets,port-and-adapt,verified,6a8ae1746976bc268102ea003e54c8fc0545529b,6a8ae1746976bc268102ea003e54c8fc0545529b,Exact corrected-source blob; target-wide compilation and relevant module suite apply. See server-port-evidence.md/client-port-evidence.md and WP04 compatibility evidence.
M,,tests/client/components/card/CardVictoryPoints.spec.ts,custom-ui-integration-and-assets,port-and-adapt,verified,361cc0c71d10188b209b9317ac37ca8666073c22,361cc0c71d10188b209b9317ac37ca8666073c22,Exact corrected-source blob; target-wide compilation and relevant module suite apply. See server-port-evidence.md/client-port-evidence.md and WP04 compatibility evidence.
A,,tests/client/components/cardlibrary/CardLibrary.spec.ts,custom-cards-and-library,port-and-adapt,verified,244d924c75799bd5a7e48b1036183445d200521d,244d924c75799bd5a7e48b1036183445d200521d,Exact corrected-source blob; target-wide compilation and relevant module suite apply. See server-port-evidence.md/client-port-evidence.md and WP04 compatibility evidence.
A,,tests/client/components/cardlibrary/CardLibraryRow.spec.ts,custom-cards-and-library,port-and-adapt,verified,f7fa96bd2d7de5c741e10dad64c094460532c683,f7fa96bd2d7de5c741e10dad64c094460532c683,Exact corrected-source blob; target-wide compilation and relevant module suite apply. See server-port-evidence.md/client-port-evidence.md and WP04 compatibility evidence.
A,,tests/client/components/cardlist/TurmoilAgendaContainer.spec.ts,custom-ui-integration-and-assets,port-and-adapt,verified,a437e3f2e323bd0edb61f5aa9d91dd01c5f58cf7,afa9e94f15fc249d8efe628b653cab1ce00e08a7,Adapted source delta on target; retain custom contracts. See client-port-evidence.md; desktop/mobile smoke and 999 client tests.
A,,tests/client/components/cardmaker/CardMaker.spec.ts,custom-cards-and-library,port-and-adapt,verified,dee9751e01d6fd658d8337475d041f795ff6b96f,dee9751e01d6fd658d8337475d041f795ff6b96f,Exact corrected-source blob; target-wide compilation and relevant module suite apply. See server-port-evidence.md/client-port-evidence.md and WP04 compatibility evidence.
A,,tests/client/components/conglomerates/ConglomeratesTeams.spec.ts,conglomerates,port-and-adapt,verified,ff9e3a41b155207baf3693a868a1251fa4b9e66a,ff9e3a41b155207baf3693a868a1251fa4b9e66a,Exact corrected-source blob; target-wide compilation and relevant module suite apply. See server-port-evidence.md/client-port-evidence.md and WP04 compatibility evidence.
M,,tests/client/components/create/CreateGameForm.spec.ts,game-creation-and-option-defaults,port-and-adapt,verified,74ba67d4ca8f69a266c7d6195b3a6ff5e8d9c351,d31e8dbadc7bdc8f7be92d5383ed8b968323798e,Adapted source delta on target; retain custom contracts. See client-port-evidence.md; desktop/mobile smoke and 999 client tests.
M,,tests/client/components/create/JSONProcessor.spec.ts,game-creation-and-option-defaults,port-and-adapt,verified,5f345a09076612929235fe197c4f97340f24ff08,2ef60e7b50372efbb066999208fd7e496df6d431,Adapted source delta on target; retain custom contracts. See client-port-evidence.md; desktop/mobile smoke and 999 client tests.
M,,tests/client/components/delta/DeltaProjectBoard.spec.ts,custom-ui-integration-and-assets,port-and-adapt,verified,7565ef901eece712c74c9c4c25a35a16e766b01f,7565ef901eece712c74c9c4c25a35a16e766b01f,Exact corrected-source blob; target-wide compilation and relevant module suite apply. See server-port-evidence.md/client-port-evidence.md and WP04 compatibility evidence.
M,,tests/client/components/help/HelpIconology.spec.ts,custom-ui-integration-and-assets,port-and-adapt,verified,873cc3a10d5cc05debbca8a5a57065b031ed3758,873cc3a10d5cc05debbca8a5a57065b031ed3758,Exact corrected-source blob; target-wide compilation and relevant module suite apply. See server-port-evidence.md/client-port-evidence.md and WP04 compatibility evidence.
M,,tests/client/components/help/HelpRulebooks.spec.ts,custom-ui-integration-and-assets,port-and-adapt,verified,86cee11c9b8a99fccb7464d5ddadcfcc65bf092c,86cee11c9b8a99fccb7464d5ddadcfcc65bf092c,Exact corrected-source blob; target-wide compilation and relevant module suite apply. See server-port-evidence.md/client-port-evidence.md and WP04 compatibility evidence.
M,,tests/client/components/help/HelpStandardProjects.spec.ts,custom-ui-integration-and-assets,port-and-adapt,verified,be5504bb0f12ab4938210cd45a99ce06491738bc,be5504bb0f12ab4938210cd45a99ce06491738bc,Exact corrected-source blob; target-wide compilation and relevant module suite apply. See server-port-evidence.md/client-port-evidence.md and WP04 compatibility evidence.
A,,tests/client/components/help/HelpTurmoilParties.spec.ts,custom-ui-integration-and-assets,port-and-adapt,verified,5c72236b6c113c290e354af2bab9bc63f26e1fbe,5c72236b6c113c290e354af2bab9bc63f26e1fbe,Exact corrected-source blob; target-wide compilation and relevant module suite apply. See server-port-evidence.md/client-port-evidence.md and WP04 compatibility evidence.
A,,tests/client/components/highOrbit/HighOrbitMarket.spec.ts,highOrbit,port-and-adapt,verified,ddc53076cf4ced289debf1d259cc650f9ad66fab,ddc53076cf4ced289debf1d259cc650f9ad66fab,Exact corrected-source blob; target-wide compilation and relevant module suite apply. See server-port-evidence.md/client-port-evidence.md and WP04 compatibility evidence.
A,,tests/client/components/maplibrary/MapLibrary.spec.ts,maps-editors-and-tracks,port-and-adapt,verified,a3fef9f325ac2998597b57821b0a18cea8351c55,a3fef9f325ac2998597b57821b0a18cea8351c55,Exact corrected-source blob; target-wide compilation and relevant module suite apply. See server-port-evidence.md/client-port-evidence.md and WP04 compatibility evidence.
A,,tests/client/components/maplibrary/MapLibraryRow.spec.ts,maps-editors-and-tracks,port-and-adapt,verified,b171baf166a76cd5b0603bc3d95e57636e9622d1,b171baf166a76cd5b0603bc3d95e57636e9622d1,Exact corrected-source blob; target-wide compilation and relevant module suite apply. See server-port-evidence.md/client-port-evidence.md and WP04 compatibility evidence.
A,,tests/client/components/maplibrary/MapSubmitForm.spec.ts,maps-editors-and-tracks,port-and-adapt,verified,a76d986be5d3eb0ddc9cb5e4cb4723dd5c4c4d7c,a76d986be5d3eb0ddc9cb5e4cb4723dd5c4c4d7c,Exact corrected-source blob; target-wide compilation and relevant module suite apply. See server-port-evidence.md/client-port-evidence.md and WP04 compatibility evidence.
A,,tests/client/components/maplibrary/MapThumbnail.spec.ts,maps-editors-and-tracks,port-and-adapt,verified,0a1d8caaf3f094f754464f4e29094ad87a229db7,0a1d8caaf3f094f754464f4e29094ad87a229db7,Exact corrected-source blob; target-wide compilation and relevant module suite apply. See server-port-evidence.md/client-port-evidence.md and WP04 compatibility evidence.
M,,tests/client/components/overview/PlayerInfo.spec.ts,custom-ui-integration-and-assets,port-and-adapt,verified,ef7393133d1b753ff3b910ffe736e63c2ab34ba7,4daa531789795131979210fbb63cf918108d83e6,Adapted source delta on target; retain custom contracts. See client-port-evidence.md; desktop/mobile smoke and 999 client tests.
M,,tests/client/components/overview/PlayerResources.spec.ts,custom-ui-integration-and-assets,port-and-adapt,verified,2e6fdc866651d4782403b35d2f5a1fdf739bc043,2e6fdc866651d4782403b35d2f5a1fdf739bc043,Exact corrected-source blob; target-wide compilation and relevant module suite apply. See server-port-evidence.md/client-port-evidence.md and WP04 compatibility evidence.
M,,tests/client/components/overview/PlayerTags.spec.ts,custom-ui-integration-and-assets,port-and-adapt,verified,1270a551a535f1dafdb896c13a2c1a879ff6fe5f,1270a551a535f1dafdb896c13a2c1a879ff6fe5f,Exact corrected-source blob; target-wide compilation and relevant module suite apply. See server-port-evidence.md/client-port-evidence.md and WP04 compatibility evidence.
M,,tests/client/components/testHelpers.ts,custom-ui-integration-and-assets,port-and-adapt,verified,37f0a4d5ccdb2dd54067d728007e7f8dcb5869eb,3563e233e3b500957ce6995a241829c464e4b089,Adapted source delta on target; retain custom contracts. See client-port-evidence.md; desktop/mobile smoke and 999 client tests.
M,,tests/client/components/turmoil/Turmoil.spec.ts,parties-and-agendas,port-and-adapt,verified,88a8c423cdc62551fb5c99d7f48093a03a5bea7a,97cb50a62111b2241ef079ea302054e509435f3b,Adapted source delta on target; retain custom contracts. See client-port-evidence.md; desktop/mobile smoke and 999 client tests.
M,,tests/client/components/turmoil/TurmoilAgenda.spec.ts,parties-and-agendas,port-and-adapt,verified,9116922e35d1707e7a2cb22deb1bdf2fece57a00,9116922e35d1707e7a2cb22deb1bdf2fece57a00,Exact corrected-source blob; target-wide compilation and relevant module suite apply. See server-port-evidence.md/client-port-evidence.md and WP04 compatibility evidence.
A,,tests/client/components/turmoil/TurmoilAgendaReference.spec.ts,parties-and-agendas,port-and-adapt,verified,ef5619151ac7aa312bbf8c257ccc191e58888063,ef5619151ac7aa312bbf8c257ccc191e58888063,Exact corrected-source blob; target-wide compilation and relevant module suite apply. See server-port-evidence.md/client-port-evidence.md and WP04 compatibility evidence.
A,,tests/client/components/venusPhase2/VenusSurfaceBoard.spec.ts,venusPhase2,port-and-adapt,verified,26782b5a5dcaf0fb3713f267d43177ab028a486a,26782b5a5dcaf0fb3713f267d43177ab028a486a,Exact corrected-source blob; target-wide compilation and relevant module suite apply. See server-port-evidence.md/client-port-evidence.md and WP04 compatibility evidence.
A,,tests/client/turmoil/ClientAgendaManifest.spec.ts,parties-and-agendas,port-and-adapt,verified,b783f04445bcf30282eca278c2ddc27fcc1d4645,b783f04445bcf30282eca278c2ddc27fcc1d4645,Exact corrected-source blob; target-wide compilation and relevant module suite apply. See server-port-evidence.md/client-port-evidence.md and WP04 compatibility evidence.
A,,tests/client/utils/boardScroll.spec.ts,custom-ui-integration-and-assets,port-and-adapt,verified,80f972a4153a880761c9ba3e43364a2fa9b36b0c,80f972a4153a880761c9ba3e43364a2fa9b36b0c,Exact corrected-source blob; target-wide compilation and relevant module suite apply. See server-port-evidence.md/client-port-evidence.md and WP04 compatibility evidence.
A,,tests/client/utils/groupScoresByTeam.spec.ts,custom-ui-integration-and-assets,port-and-adapt,verified,4bc9c02a6733487facf1e40fd9840f5c501b0119,4bc9c02a6733487facf1e40fd9840f5c501b0119,Exact corrected-source blob; target-wide compilation and relevant module suite apply. See server-port-evidence.md/client-port-evidence.md and WP04 compatibility evidence.
A,,tests/client/utils/spaceBonusIcon.spec.ts,custom-ui-integration-and-assets,port-and-adapt,verified,07d5c637c4c3891fc6ef051f860da38b4f9a258e,07d5c637c4c3891fc6ef051f860da38b4f9a258e,Exact corrected-source blob; target-wide compilation and relevant module suite apply. See server-port-evidence.md/client-port-evidence.md and WP04 compatibility evidence.
A,,tests/common/boards/customBoardCodec.spec.ts,maps-editors-and-tracks,port-and-adapt,verified,d7ffa72962e5f5115932264dec8b9d29a9e6ac34,d7ffa72962e5f5115932264dec8b9d29a9e6ac34,Exact corrected-source blob; target-wide compilation and relevant module suite apply. See server-port-evidence.md/client-port-evidence.md and WP04 compatibility evidence.
A,,tests/common/boards/simpleBoardCodec.spec.ts,maps-editors-and-tracks,port-and-adapt,verified,1d30f44bd3af0207834d9888f4a578fbc4d678ad,1d30f44bd3af0207834d9888f4a578fbc4d678ad,Exact corrected-source blob; target-wide compilation and relevant module suite apply. See server-port-evidence.md/client-port-evidence.md and WP04 compatibility evidence.
M,,tests/common/cards/CardRenames.spec.ts,shared-engine-and-regressions,port-and-adapt,verified,3ab422a16d0f9022d322e1d64e5a8a564b5a97b4,3ab422a16d0f9022d322e1d64e5a8a564b5a97b4,Exact corrected-source blob; target-wide compilation and relevant module suite apply. See server-port-evidence.md/client-port-evidence.md and WP04 compatibility evidence.
A,,tests/common/cards/curatedBehaviorTemplates.spec.ts,shared-engine-and-regressions,port-and-adapt,verified,4887f1b58aba0acf315915570928e00385ada0c0,4887f1b58aba0acf315915570928e00385ada0c0,Exact corrected-source blob; target-wide compilation and relevant module suite apply. See server-port-evidence.md/client-port-evidence.md and WP04 compatibility evidence.
A,,tests/common/cards/curatedCardRenderData.spec.ts,shared-engine-and-regressions,port-and-adapt,verified,117d35a2f4e73caba260093e7b1736409ade316e,117d35a2f4e73caba260093e7b1736409ade316e,Exact corrected-source blob; target-wide compilation and relevant module suite apply. See server-port-evidence.md/client-port-evidence.md and WP04 compatibility evidence.
A,,tests/common/cards/customCardCodec.spec.ts,custom-cards-and-library,port-and-adapt,verified,c71d86f7201d558a2c6d87452bc4c8672146a0a2,c71d86f7201d558a2c6d87452bc4c8672146a0a2,Exact corrected-source blob; target-wide compilation and relevant module suite apply. See server-port-evidence.md/client-port-evidence.md and WP04 compatibility evidence.
A,,tests/common/turmoil/Types.spec.ts,parties-and-agendas,port-and-adapt,verified,bb4ad6598c31e9bfbe6835ac92a82c4b3876be1d,bb4ad6598c31e9bfbe6835ac92a82c4b3876be1d,Exact corrected-source blob; target-wide compilation and relevant module suite apply. See server-port-evidence.md/client-port-evidence.md and WP04 compatibility evidence.
M,,tests/common/utils/utils.spec.ts,shared-engine-and-regressions,port-and-adapt,verified,79b62df7d9fbc0b73883780aaeaef7de55352d6e,79b62df7d9fbc0b73883780aaeaef7de55352d6e,Exact corrected-source blob; target-wide compilation and relevant module suite apply. See server-port-evidence.md/client-port-evidence.md and WP04 compatibility evidence.
A,,tests/conglomerates/ConglomeratesExpansion.spec.ts,conglomerates,port-and-adapt,verified,67215d019761a1a57870ebaae695107e990cb23f,67215d019761a1a57870ebaae695107e990cb23f,Exact corrected-source blob; target-wide compilation and relevant module suite apply. See server-port-evidence.md/client-port-evidence.md and WP04 compatibility evidence.
A,,tests/conglomerates/ConglomeratesMilestonesAwards.spec.ts,conglomerates,port-and-adapt,verified,51e22d1a9758cc4f0fa3fc50556846d9e2b71444,51e22d1a9758cc4f0fa3fc50556846d9e2b71444,Exact corrected-source blob; target-wide compilation and relevant module suite apply. See server-port-evidence.md/client-port-evidence.md and WP04 compatibility evidence.
A,,tests/conglomerates/ConglomeratesTeamScore.spec.ts,conglomerates,port-and-adapt,verified,9b28b4be0e12d16b1aeb3054ee14cf7ab466eb42,9b28b4be0e12d16b1aeb3054ee14cf7ab466eb42,Exact corrected-source blob; target-wide compilation and relevant module suite apply. See server-port-evidence.md/client-port-evidence.md and WP04 compatibility evidence.
A,,tests/conglomerates/ConglomeratesTileAdjacency.spec.ts,conglomerates,port-and-adapt,verified,70ad3291d38a3199213755c14eb5014260b05780,70ad3291d38a3199213755c14eb5014260b05780,Exact corrected-source blob; target-wide compilation and relevant module suite apply. See server-port-evidence.md/client-port-evidence.md and WP04 compatibility evidence.
A,,tests/conglomerates/ConglomeratesTurmoil.spec.ts,conglomerates,port-and-adapt,verified,f724702bbd3a55be66744e30fbf06b661f92fb0c,f724702bbd3a55be66744e30fbf06b661f92fb0c,Exact corrected-source blob; target-wide compilation and relevant module suite apply. See server-port-evidence.md/client-port-evidence.md and WP04 compatibility evidence.
A,,tests/conglomerates/ConglomeratesUnderworld.spec.ts,conglomerates,port-and-adapt,verified,17be059b453ce8645db9e86ec01ff4e341c2bbe4,17be059b453ce8645db9e86ec01ff4e341c2bbe4,Exact corrected-source blob; target-wide compilation and relevant module suite apply. See server-port-evidence.md/client-port-evidence.md and WP04 compatibility evidence.
M,,tests/createCard.spec.ts,shared-engine-and-regressions,port-and-adapt,verified,93006a014df4199a3015018a71e4e5cf9160a58a,93006a014df4199a3015018a71e4e5cf9160a58a,Exact corrected-source blob; target-wide compilation and relevant module suite apply. See server-port-evidence.md/client-port-evidence.md and WP04 compatibility evidence.
M,,tests/database/databaseSuite.ts,library-persistence-with-target-archive,adapt-library-only,verified,3c029046cf2a0c901dea00fa894b9a6e72bcdfd6,8cd1feb7d460e93dd563d895b348f1a38e1fc3e0,Port library persistence/contracts; preserve target history budgets/archive and exclude new destructive purge operations.
A,,tests/database/seedOfficialMapLibrary.spec.ts,maps-editors-and-tracks,port-and-adapt,verified,155b0cc3d998b7619aa4defe1d96618283c28e81,155b0cc3d998b7619aa4defe1d96618283c28e81,Exact corrected-source blob; target-wide compilation and relevant module suite apply. See server-port-evidence.md/client-port-evidence.md and WP04 compatibility evidence.
M,,tests/deferredActions/DrawCards.spec.ts,actions-inputs-and-effects,port-and-adapt,verified,6f6bf18ca6897392a2bb86eaceccbf64c91a03bb,c3e156fd044b57d5667c96026ef9a090770a43ab,Adapted source delta on target; retain custom contracts. See server-port-evidence.md; server regression suite and WP04 save/input/replay checks.
M,,tests/delta/DeltaProjectExpansion.spec.ts,shared-engine-and-regressions,port-and-adapt,verified,c96ff52eb8a140896cbf2212db6c9da3b6f43779,c96ff52eb8a140896cbf2212db6c9da3b6f43779,Exact corrected-source blob; target-wide compilation and relevant module suite apply. See server-port-evidence.md/client-port-evidence.md and WP04 compatibility evidence.
A,,tests/game/GlobalParameters.spec.ts,shared-engine-and-regressions,port-and-adapt,verified,ef006a608cd2106248994877c19848e054be38ae,ef006a608cd2106248994877c19848e054be38ae,Exact corrected-source blob; target-wide compilation and relevant module suite apply. See server-port-evidence.md/client-port-evidence.md and WP04 compatibility evidence.
A,,tests/game/GrantSpaceBonusFloater.spec.ts,shared-engine-and-regressions,port-and-adapt,verified,7961a1583b0fdec5a394c463d8e72b03887dbe22,7961a1583b0fdec5a394c463d8e72b03887dbe22,Exact corrected-source blob; target-wide compilation and relevant module suite apply. See server-port-evidence.md/client-port-evidence.md and WP04 compatibility evidence.
A,,tests/game/PlacementBonusCosts.spec.ts,shared-engine-and-regressions,port-and-adapt,verified,155ca2defb4b14887c86ae2e0c2a267460a686f2,155ca2defb4b14887c86ae2e0c2a267460a686f2,Exact corrected-source blob; target-wide compilation and relevant module suite apply. See server-port-evidence.md/client-port-evidence.md and WP04 compatibility evidence.
A,,tests/industries/DistributeIndustryResources.spec.ts,industries,port-and-adapt,verified,1dff53c10fca31114fa60fa7bdef1287d0d92bf1,1dff53c10fca31114fa60fa7bdef1287d0d92bf1,Exact corrected-source blob; target-wide compilation and relevant module suite apply. See server-port-evidence.md/client-port-evidence.md and WP04 compatibility evidence.
M,,tests/ma/MilestoneAwardSelector.spec.ts,milestones-and-awards,port-and-adapt,verified,61f6afbccd8689316cd4803957aff73c6563b388,61f6afbccd8689316cd4803957aff73c6563b388,Exact corrected-source blob; target-wide compilation and relevant module suite apply. See server-port-evidence.md/client-port-evidence.md and WP04 compatibility evidence.
A,,tests/models/ModelUtils.spec.ts,server-client-wire-models,port-and-adapt,verified,472308d45408c53a49c5eeb42267eb859a770505,472308d45408c53a49c5eeb42267eb859a770505,Exact corrected-source blob; target-wide compilation and relevant module suite apply. See server-port-evidence.md/client-port-evidence.md and WP04 compatibility evidence.
M,,tests/models/ServerModel.spec.ts,server-client-wire-models,port-and-adapt,verified,878d2b768b559cee0c3b0b065d43a919f68da621,edbbcd1e48773b2eb5501e7f085fa6aa60a3adda,Adapted source delta on target; retain custom contracts. See server-port-evidence.md; server regression suite and WP04 save/input/replay checks.
A,,tests/models/TurmoilModel.spec.ts,server-client-wire-models,port-and-adapt,verified,4e3653815293299412656a7f259dbee269312255,4e3653815293299412656a7f259dbee269312255,Exact corrected-source blob; target-wide compilation and relevant module suite apply. See server-port-evidence.md/client-port-evidence.md and WP04 compatibility evidence.
A,,tests/moon/CustomMoonBoard.spec.ts,shared-engine-and-regressions,port-and-adapt,verified,20dea9e5ffd89d5f49135907625a533a369a13c4,20dea9e5ffd89d5f49135907625a533a369a13c4,Exact corrected-source blob; target-wide compilation and relevant module suite apply. See server-port-evidence.md/client-port-evidence.md and WP04 compatibility evidence.
M,,tests/player/Tags.spec.ts,actions-inputs-and-effects,port-and-adapt,verified,86e9c29fbbc8fde594cfe65fed4ccfa5d5a8a86a,86e9c29fbbc8fde594cfe65fed4ccfa5d5a8a86a,Exact corrected-source blob; target-wide compilation and relevant module suite apply. See server-port-evidence.md/client-port-evidence.md and WP04 compatibility evidence.
M,,tests/routes/ApiCreateGame.spec.ts,game-creation-and-option-defaults,port-and-adapt,verified,5f685815cc63deeff7ee82d1b81857c34395c695,115be72a65aed48008efeab3e580823cff636cf3,Adapted source delta on target; retain custom contracts. See server-port-evidence.md; server regression suite and WP04 save/input/replay checks.
A,,tests/routes/ApiCustomCardLibrary.spec.ts,custom-cards-and-library,port-and-adapt,verified,cc983add2e03af210ee742f7501b7429ea3048be,cc983add2e03af210ee742f7501b7429ea3048be,Exact corrected-source blob; target-wide compilation and relevant module suite apply. See server-port-evidence.md/client-port-evidence.md and WP04 compatibility evidence.
A,,tests/routes/ApiCustomCardLibraryReview.spec.ts,custom-cards-and-library,port-and-adapt,verified,306be66788e07dc4e80d4593ddd0e5ceacc4b280,306be66788e07dc4e80d4593ddd0e5ceacc4b280,Exact corrected-source blob; target-wide compilation and relevant module suite apply. See server-port-evidence.md/client-port-evidence.md and WP04 compatibility evidence.
M,,tests/routes/ApiGame.spec.ts,shared-engine-and-regressions,port-and-adapt,verified,83ee3f8337db0d263e03eb066941b09fdbf3336c,2f2800cead035d90eac3f7018f8735764de35214,Adapted source delta on target; retain custom contracts. See server-port-evidence.md; server regression suite and WP04 save/input/replay checks.
M,,tests/routes/ApiGames.spec.ts,unrelated-administrative-controls,retain-target,verified,d8c5e9833664e88325f2240bc92a983720b273fc,13d5f4d5c59a3eaf7703c33cf81360a385a07d53,"Source delta adds purge/admin display controls, not game mechanics; preserve target archive/history and admin UI. See target-contracts.md item 4."
A,,tests/routes/ApiMapLibrary.spec.ts,maps-editors-and-tracks,port-and-adapt,verified,3321829301005198262eab575e52387d5f5c05d7,3321829301005198262eab575e52387d5f5c05d7,Exact corrected-source blob; target-wide compilation and relevant module suite apply. See server-port-evidence.md/client-port-evidence.md and WP04 compatibility evidence.
A,,tests/routes/ApiMapLibraryReview.spec.ts,maps-editors-and-tracks,port-and-adapt,verified,ee3aefdcb56582eab2a537924dc6dfae6f731458,ee3aefdcb56582eab2a537924dc6dfae6f731458,Exact corrected-source blob; target-wide compilation and relevant module suite apply. See server-port-evidence.md/client-port-evidence.md and WP04 compatibility evidence.
M,,tests/routes/FakeGameLoader.ts,shared-engine-and-regressions,adapt-library-only,verified,48cb9684ed7f07c25a8a1cc8476508be466ba34b,7c7e8a09bfeb598798ed1a69050c38c9b17af6c8,Port library persistence/contracts; preserve target history budgets/archive and exclude new destructive purge operations.
M,,tests/testing/InMemoryDatabase.ts,shared-engine-and-regressions,port-and-adapt,verified,ce1ec62c4ea241b670ad173e2b96e1c148ece6a9,ce1ec62c4ea241b670ad173e2b96e1c148ece6a9,Exact corrected-source blob; target-wide compilation and relevant module suite apply. See server-port-evidence.md/client-port-evidence.md and WP04 compatibility evidence.
M,,tests/testing/setup.ts,shared-engine-and-regressions,port-and-adapt,verified,1d28cea3c86b5638b371da6e52ef53c68cc4006e,2d190ba4b72c6f9d1a721a45c92fdcdf43bee81c,Adapted source delta on target; retain custom contracts. See server-port-evidence.md; server regression suite and WP04 save/input/replay checks.
A,,tests/turmoil/MoreParties.spec.ts,moreParties,port-and-adapt,verified,d01f3e437db744686ed488f870df6add5fa16180,d01f3e437db744686ed488f870df6add5fa16180,Exact corrected-source blob; target-wide compilation and relevant module suite apply. See server-port-evidence.md/client-port-evidence.md and WP04 compatibility evidence.
A,,tests/turmoil/PartySwap.spec.ts,parties-and-agendas,port-and-adapt,verified,61353589f8e7dc955e08024d51e2c70022775bcc,61353589f8e7dc955e08024d51e2c70022775bcc,Exact corrected-source blob; target-wide compilation and relevant module suite apply. See server-port-evidence.md/client-port-evidence.md and WP04 compatibility evidence.
A,,tests/turmoil/PartyTagPersistence.spec.ts,parties-and-agendas,port-and-adapt,verified,2c4af03ffc0755ac08b10cf1581c184f04a1a9a5,2c4af03ffc0755ac08b10cf1581c184f04a1a9a5,Exact corrected-source blob; target-wide compilation and relevant module suite apply. See server-port-evidence.md/client-port-evidence.md and WP04 compatibility evidence.
M,,tests/turmoil/PoliticalAgendas.spec.ts,parties-and-agendas,port-and-adapt,verified,e53812aa5956c09496f473f288d1f9fd195c5c97,e53812aa5956c09496f473f288d1f9fd195c5c97,Exact corrected-source blob; target-wide compilation and relevant module suite apply. See server-port-evidence.md/client-port-evidence.md and WP04 compatibility evidence.
M,,tests/turmoil/Turmoil.spec.ts,parties-and-agendas,port-and-adapt,verified,c3a41e8b9c9eb900ea0165ab437fc6108299114b,01f93ea1a4805aad652ef8cb3a2b7ad0e25f727d,Adapted source delta on target; retain custom contracts. See server-port-evidence.md; server regression suite and WP04 save/input/replay checks.
M,,tests/turmoil/globalEvents/GlobalEventDealer.spec.ts,parties-and-agendas,port-and-adapt,verified,3422dea87970fd6eabe18a97f68978193bf4371d,3422dea87970fd6eabe18a97f68978193bf4371d,Exact corrected-source blob; target-wide compilation and relevant module suite apply. See server-port-evidence.md/client-port-evidence.md and WP04 compatibility evidence.
A,,tests/turmoil/parties/Bureaucrats.spec.ts,parties-and-agendas,port-and-adapt,verified,fb22489c8535ea5d8c50ac80451916a15c57462c,fb22489c8535ea5d8c50ac80451916a15c57462c,Exact corrected-source blob; target-wide compilation and relevant module suite apply. See server-port-evidence.md/client-port-evidence.md and WP04 compatibility evidence.
A,,tests/turmoil/parties/Centrists.spec.ts,parties-and-agendas,port-and-adapt,verified,8f48c529a8ac727fde4a131685724d48ca9f5abf,8f48c529a8ac727fde4a131685724d48ca9f5abf,Exact corrected-source blob; target-wide compilation and relevant module suite apply. See server-port-evidence.md/client-port-evidence.md and WP04 compatibility evidence.
A,,tests/turmoil/parties/Empower.spec.ts,parties-and-agendas,port-and-adapt,verified,760304e8455704af970ca7f72c4e2efb2ea0e414,760304e8455704af970ca7f72c4e2efb2ea0e414,Exact corrected-source blob; target-wide compilation and relevant module suite apply. See server-port-evidence.md/client-port-evidence.md and WP04 compatibility evidence.
A,,tests/turmoil/parties/GreensMoreParties.spec.ts,moreParties,port-and-adapt,verified,a6c6592b906161014bc7bfd1a5f8b94b9a89049c,a6c6592b906161014bc7bfd1a5f8b94b9a89049c,Exact corrected-source blob; target-wide compilation and relevant module suite apply. See server-port-evidence.md/client-port-evidence.md and WP04 compatibility evidence.
A,,tests/turmoil/parties/KelvinistsMoreParties.spec.ts,moreParties,port-and-adapt,verified,d467bdaaf8fde838422c301b01b21677278d3452,d467bdaaf8fde838422c301b01b21677278d3452,Exact corrected-source blob; target-wide compilation and relevant module suite apply. See server-port-evidence.md/client-port-evidence.md and WP04 compatibility evidence.
A,,tests/turmoil/parties/MarsFirstMoreParties.spec.ts,moreParties,port-and-adapt,verified,15fbf704b1cccbbb4f511035a0c904cb6fbb1381,15fbf704b1cccbbb4f511035a0c904cb6fbb1381,Exact corrected-source blob; target-wide compilation and relevant module suite apply. See server-port-evidence.md/client-port-evidence.md and WP04 compatibility evidence.
A,,tests/turmoil/parties/Populists.spec.ts,parties-and-agendas,port-and-adapt,verified,96fd8cf70fd0afe44250c39c51835e4e9cbf9f83,96fd8cf70fd0afe44250c39c51835e4e9cbf9f83,Exact corrected-source blob; target-wide compilation and relevant module suite apply. See server-port-evidence.md/client-port-evidence.md and WP04 compatibility evidence.
A,,tests/turmoil/parties/RedsMoreParties.spec.ts,moreParties,port-and-adapt,verified,7b2f6a2a98495f29e565700e17cb02b0611f82d7,7b2f6a2a98495f29e565700e17cb02b0611f82d7,Exact corrected-source blob; target-wide compilation and relevant module suite apply. See server-port-evidence.md/client-port-evidence.md and WP04 compatibility evidence.
A,,tests/turmoil/parties/ScientistsMoreParties.spec.ts,moreParties,port-and-adapt,verified,8163ffa1679f5b1eac5bad1a3a986def4fe1f9e5,8163ffa1679f5b1eac5bad1a3a986def4fe1f9e5,Exact corrected-source blob; target-wide compilation and relevant module suite apply. See server-port-evidence.md/client-port-evidence.md and WP04 compatibility evidence.
A,,tests/turmoil/parties/Spome.spec.ts,parties-and-agendas,port-and-adapt,verified,41daa759928904dd7ff9a437594b10b2e350c337,41daa759928904dd7ff9a437594b10b2e350c337,Exact corrected-source blob; target-wide compilation and relevant module suite apply. See server-port-evidence.md/client-port-evidence.md and WP04 compatibility evidence.
A,,tests/turmoil/parties/Transhumanists.spec.ts,parties-and-agendas,port-and-adapt,verified,854168d11b466d81b2626449a089e67d68682d6e,854168d11b466d81b2626449a089e67d68682d6e,Exact corrected-source blob; target-wide compilation and relevant module suite apply. See server-port-evidence.md/client-port-evidence.md and WP04 compatibility evidence.
A,,tests/turmoil/parties/UnityMoreParties.spec.ts,moreParties,port-and-adapt,verified,a14700243ff415753781fb83448501fc0622650c,a14700243ff415753781fb83448501fc0622650c,Exact corrected-source blob; target-wide compilation and relevant module suite apply. See server-port-evidence.md/client-port-evidence.md and WP04 compatibility evidence.
A,,tests/venusPhase2/CustomVenusSurfaceBoard.spec.ts,venusPhase2,port-and-adapt,verified,8e462975c44fb7ee1d7ae846a97873d773fa7391,8e462975c44fb7ee1d7ae846a97873d773fa7391,Exact corrected-source blob; target-wide compilation and relevant module suite apply. See server-port-evidence.md/client-port-evidence.md and WP04 compatibility evidence.
A,,tests/venusPhase2/VenusExtendedTrack.spec.ts,venusPhase2,port-and-adapt,verified,1024c23e760a11dfec01cacbfcce5d4b216f2dcc,1024c23e760a11dfec01cacbfcce5d4b216f2dcc,Exact corrected-source blob; target-wide compilation and relevant module suite apply. See server-port-evidence.md/client-port-evidence.md and WP04 compatibility evidence.
A,,tests/venusPhase2/VenusPhase2Expansion.spec.ts,venusPhase2,port-and-adapt,verified,8b12d55403ea6e93d6aff385550fe940acbf3257,8b12d55403ea6e93d6aff385550fe940acbf3257,Exact corrected-source blob; target-wide compilation and relevant module suite apply. See server-port-evidence.md/client-port-evidence.md and WP04 compatibility evidence.
A,,tests/venusPhase2/VenusSurfaceBoard.spec.ts,venusPhase2,port-and-adapt,verified,0289e5cab5d1c0ca708a9bafa93f00146f778372,0289e5cab5d1c0ca708a9bafa93f00146f778372,Exact corrected-source blob; target-wide compilation and relevant module suite apply. See server-port-evidence.md/client-port-evidence.md and WP04 compatibility evidence.
